Date,Building,Water_Consumption,Electricity_Consumption,Gas_Consumption,Year,Month_Number,Month_Name,Month_Full_Name,Quarter,Year_Month,City,Country,Electricity_Rate,Gas_Rate,Water_Rate,Water_Cost,Electricity_Cost,Gas_Cost,Total_Cost,Water_Cost_Pct,Electricity_Cost_Pct,Gas_Cost_Pct,Water_Consumption_MoM_Prev,Water_Consumption_MoM_Growth_Pct,Water_Consumption_YoY_Prev,Water_Consumption_YoY_Growth_Pct,Water_Consumption_Rolling3M_Avg,Water_Consumption_Rolling12M_Avg,Electricity_Consumption_MoM_Prev,Electricity_Consumption_MoM_Growth_Pct,Electricity_Consumption_YoY_Prev,Electricity_Consumption_YoY_Growth_Pct,Electricity_Consumption_Rolling3M_Avg,Electricity_Consumption_Rolling12M_Avg,Gas_Consumption_MoM_Prev,Gas_Consumption_MoM_Growth_Pct,Gas_Consumption_YoY_Prev,Gas_Consumption_YoY_Growth_Pct,Gas_Consumption_Rolling3M_Avg,Gas_Consumption_Rolling12M_Avg,Water_Cost_MoM_Prev,Water_Cost_MoM_Growth_Pct,Water_Cost_YoY_Prev,Water_Cost_YoY_Growth_Pct,Water_Cost_Rolling3M_Avg,Water_Cost_Rolling12M_Avg,Electricity_Cost_MoM_Prev,Electricity_Cost_MoM_Growth_Pct,Electricity_Cost_YoY_Prev,Electricity_Cost_YoY_Growth_Pct,Electricity_Cost_Rolling3M_Avg,Electricity_Cost_Rolling12M_Avg,Gas_Cost_MoM_Prev,Gas_Cost_MoM_Growth_Pct,Gas_Cost_YoY_Prev,Gas_Cost_YoY_Growth_Pct,Gas_Cost_Rolling3M_Avg,Gas_Cost_Rolling12M_Avg,Total_Cost_MoM_Prev,Total_Cost_MoM_Growth_Pct,Total_Cost_YoY_Prev,Total_Cost_YoY_Growth_Pct,Total_Cost_Rolling3M_Avg,Total_Cost_Rolling12M_Avg
2016-01-01,B1000,346159,38819,3378,2016,1,Jan,January,Q1,2016-01,New York,USA,0.08,1.0,0.05,17307.95,3105.52,3378.0,23791.47,72.7485523172801,13.05308162967652,14.19836605304338,,,,,346159.0,346159.0,,,,,38819.0,38819.0,,,,,3378.0,3378.0,,,,,17307.95,17307.95,,,,,3105.52,3105.52,,,,,3378.0,3378.0,,,,,23791.47,23791.47
2016-02-01,B1000,437812,41404,4822,2016,2,Feb,February,Q1,2016-02,New York,USA,0.08,1.0,0.05,21890.600000000002,3312.32,4822.0,30024.920000000002,72.908104334666,11.031902832713627,16.059992832620367,346159.0,26.477139118150905,,,391985.5,391985.5,38819.0,6.659110229526778,,,40111.5,40111.5,3378.0,42.74718768502072,,,4100.0,4100.0,17307.95,26.477139118150916,,,19599.275,19599.275,3105.52,6.659110229526783,,,3208.92,3208.92,3378.0,42.74718768502072,,,4100.0,4100.0,23791.47,26.200356682458043,,,26908.195,26908.195
2016-03-01,B1000,242522,27059,2617,2016,3,Mar,March,Q1,2016-03,New York,USA,0.08,1.0,0.05,12126.1,2164.7200000000003,2617.0,16907.82,71.71888510760111,12.803069822129643,15.47804507026926,437812.0,-44.605903903958776,,,342164.3333333333,342164.3333333333,41404.0,-34.64641097478505,,,35760.666666666664,35760.666666666664,4822.0,-45.72791372874326,,,3605.6666666666665,3605.6666666666665,21890.600000000002,-44.60590390395878,,,17108.216666666667,17108.216666666667,3312.32,-34.64641097478504,,,2860.853333333334,2860.853333333334,4822.0,-45.72791372874326,,,3605.6666666666665,3605.6666666666665,30024.920000000002,-43.687377018823035,,,23574.736666666668,23574.736666666668
2016-04-01,B1000,266742,36271,3267,2016,4,Apr,April,Q2,2016-04,New York,USA,0.08,1.0,0.05,13337.1,2901.68,3267.0,19505.78,68.3751175292657,14.87600085718182,16.748881613552495,242522.0,9.986722854009122,,,315692.0,323308.75,27059.0,34.04412579917957,,,34911.333333333336,35888.25,2617.0,24.83760030569354,,,3568.6666666666665,3521.0,12126.1,9.986722854009122,,,15784.6,16165.4375,2164.7200000000003,34.04412579917955,,,2792.9066666666663,2871.06,2617.0,24.83760030569354,,,3568.6666666666665,3521.0,16907.82,15.365434455772531,,,22146.173333333336,22557.4975
2016-05-01,B1000,307569,47745,3581,2016,5,May,May,Q2,2016-05,New York,USA,0.08,1.0,0.05,15378.45,3819.6,3581.0,22779.05,67.5113755841442,16.76803905342848,15.72058536242732,266742.0,15.30580111118609,,,272277.6666666667,320160.8,36271.0,31.634087838769265,,,37025.0,38259.6,3267.0,9.611264156718702,,,3155.0,3533.0,13337.1,15.305801111186094,,,13613.883333333333,16008.040000000003,2901.68,31.634087838769272,,,2962.0,3060.768,3267.0,9.611264156718702,,,3155.0,3533.0,19505.78,16.78102593180073,,,19730.883333333335,22601.808
2016-06-01,B1000,332451,21944,4259,2016,6,Jun,June,Q2,2016-06,New York,USA,0.08,1.0,0.05,16622.55,1755.52,4259.0,22637.07,73.4306604167412,7.7550672414760395,18.814272341782747,307569.0,8.089892024228709,,,302254.0,322209.1666666667,47745.0,-54.03916640485915,,,35320.0,35540.333333333336,3581.0,18.933258866238482,,,3702.3333333333335,3654.0,15378.45,8.0898920242287,,,15112.700000000003,16110.458333333334,3819.6,-54.03916640485915,,,2825.6,2843.226666666667,3581.0,18.933258866238482,,,3702.3333333333335,3654.0,22779.05,-0.6232920161288533,,,21640.633333333335,22607.684999999998
2016-07-01,B1000,460927,28072,4909,2016,7,Jul,July,Q3,2016-07,New York,USA,0.08,1.0,0.05,23046.350000000002,2245.76,4909.0,30201.11,76.30961246126384,7.436018080130167,16.254369458605993,332451.0,38.64509356266036,,,366982.3333333333,342026.0,21944.0,27.925628873496173,,,32587.0,34473.42857142857,4259.0,15.261798544259216,,,4249.666666666667,3833.285714285714,16622.55,38.645093562660385,,,18349.11666666667,17101.3,1755.52,27.925628873496184,,,2606.9599999999996,2757.8742857142856,4259.0,15.261798544259216,,,4249.666666666667,3833.285714285714,22637.07,33.414395060844896,,,25205.743333333332,23692.46
2016-08-01,B1000,252698,45063,2995,2016,8,Aug,August,Q3,2016-08,New York,USA,0.08,1.0,0.05,12634.900000000001,3605.04,2995.0,19234.940000000002,65.68723375274371,18.742143203981918,15.570623043274374,460927.0,-45.17613418176848,,,348692.0,330860.0,28072.0,60.52650327728698,,,31693.0,35797.125,4909.0,-38.98961091872072,,,4054.3333333333335,3728.5,23046.350000000002,-45.17613418176848,,,17434.600000000002,16543.0,2245.76,60.526503277286956,,,2535.44,2863.77,4909.0,-38.98961091872072,,,4054.3333333333335,3728.5,30201.11,-36.31048660132027,,,24024.373333333333,23135.27
2016-09-01,B1000,244019,25874,5086,2016,9,Sep,September,Q3,2016-09,New York,USA,0.08,1.0,0.05,12200.95,2069.92,5086.0,19356.870000000003,63.03162649746575,10.693464387579189,26.274909114955047,252698.0,-3.434534503636752,,,319214.6666666667,321211.0,45063.0,-42.582606573019994,,,33003.0,34694.555555555555,2995.0,69.81636060100168,,,4330.0,3879.3333333333335,12634.900000000001,-3.4345345036367574,,,15960.733333333335,16060.550000000001,3605.04,-42.582606573019994,,,2640.24,2775.5644444444447,2995.0,69.81636060100168,,,4330.0,3879.3333333333335,19234.940000000002,0.6338985200889645,,,22930.97333333334,22715.44777777778
2016-10-01,B1000,334502,49641,3278,2016,10,Oct,October,Q4,2016-10,New York,USA,0.08,1.0,0.05,16725.100000000002,3971.28,3278.0,23974.38,69.76238801587363,16.564682798887816,13.672929185238575,244019.0,37.080309320175886,,,277073.0,322540.1,25874.0,91.85669011362758,,,40192.666666666664,36189.2,5086.0,-35.548564687377116,,,3786.3333333333335,3819.2,12200.95,37.0803093201759,,,13853.650000000001,16127.005000000001,2069.92,91.85669011362758,,,3215.4133333333334,2895.136,5086.0,-35.548564687377116,,,3786.3333333333335,3819.2,19356.870000000003,23.85463145642864,,,20855.396666666667,22841.341
2016-11-01,B1000,256575,49911,4493,2016,11,Nov,November,Q4,2016-11,New York,USA,0.08,1.0,0.05,12828.75,3992.88,4493.0,21314.63,60.18753316384098,18.7330486149654,21.07941822119361,334502.0,-23.296422741867016,,,278365.3333333333,316543.2727272727,49641.0,0.543905239620475,,,41808.666666666664,37436.63636363636,3278.0,37.06528370957901,,,4285.666666666667,3880.4545454545455,16725.100000000002,-23.296422741867023,,,13918.266666666668,15827.163636363637,3971.28,0.5439052396204727,,,3344.693333333334,2994.9309090909087,3278.0,37.06528370957901,,,4285.666666666667,3880.4545454545455,23974.38,-11.094134655411318,,,21548.626666666667,22702.54909090909
2016-12-01,B1000,422766,40969,3345,2016,12,Dec,December,Q4,2016-12,New York,USA,0.08,1.0,0.05,21138.300000000003,3277.52,3345.0,27760.820000000003,76.14436461170816,11.806279497507637,12.049355890784204,256575.0,64.77287342882198,,,337947.6666666667,325395.1666666667,49911.0,-17.91589028470678,,,46840.333333333336,37731.0,4493.0,-25.55085688849321,,,3705.3333333333335,3835.8333333333335,12828.75,64.77287342882201,,,16897.383333333335,16269.758333333333,3992.88,-17.91589028470678,,,3747.226666666667,3018.48,4493.0,-25.55085688849321,,,3705.3333333333335,3835.8333333333335,21314.63,30.24303025668286,,,24349.943333333333,23124.071666666667
2017-01-01,B1000,482551,46523,4980,2017,1,Jan,January,Q1,2017-01,New York,USA,0.088,1.1,0.055,26540.305,4094.024,5478.0,36112.329,73.49375056923081,11.33691488023384,15.16933455053536,422766.0,14.141392638007789,346159.0,39.40154668808265,387297.3333333333,336761.1666666667,40969.0,13.556591569235277,38819.0,19.84595172467091,45801.0,38373.0,3345.0,48.87892376681614,3378.0,47.42451154529307,4272.666666666667,3969.3333333333335,21138.300000000003,25.55553190180855,17307.95,53.3417013568909,20169.118333333332,17039.12125,3277.52,24.9122507261588,3105.52,31.830546897137996,3788.141333333333,3100.8553333333334,3345.0,63.76681614349776,3378.0,62.16696269982238,4438.666666666667,4010.8333333333335,27760.820000000003,30.083797956976753,23791.47,51.786875716380685,28395.926333333333,24150.80991666667
2017-02-01,B1000,489625,32213,5417,2017,2,Feb,February,Q1,2017-02,New York,USA,0.088,1.1,0.055,26929.375,2834.7439999999997,5958.700000000001,35722.819,75.38423829317613,7.935387182069813,16.68037452475405,482551.0,1.4659590385264978,437812.0,11.834531716809956,464980.6666666667,341078.9166666667,46523.0,-30.758979429529482,41404.0,-22.198338324799536,39901.666666666664,37607.083333333336,4980.0,8.775100401606425,4822.0,12.339278307756118,4580.666666666667,4018.9166666666665,26540.305,1.4659590385264967,21890.600000000002,23.01798488849094,24869.326666666664,17459.01916666667,4094.024,-30.758979429529486,3312.32,-14.418172157279505,3402.096,3061.0573333333336,5478.0,8.775100401606439,4822.0,23.573206138531745,4927.233333333334,4105.558333333333,36112.329,-1.07860669966757,30024.920000000002,18.977232911861215,33198.655999999995,24625.634833333334
2017-03-01,B1000,452145,42808,3214,2017,3,Mar,March,Q1,2017-03,New York,USA,0.088,1.1,0.055,24867.975,3767.104,3535.4,32170.479,77.30060531582386,11.70981631948968,10.989578364686457,489625.0,-7.65483788613735,242522.0,86.43463273434988,474773.6666666667,358547.5,32213.0,32.890447955794244,27059.0,58.202446505783655,40514.666666666664,38919.5,5417.0,-40.66826656821119,2617.0,22.81238058846007,4537.0,4068.6666666666665,26929.375,-7.654837886137356,12126.1,105.07809600778484,26112.551666666666,18520.842083333333,2834.7439999999997,32.89044795579426,2164.7200000000003,74.022691156362,3565.2906666666663,3194.5893333333333,5958.700000000001,-40.668266568211195,2617.0,35.09361864730608,4990.7,4182.091666666666,35722.819,-9.944176018135645,16907.82,90.26982189306486,34668.54233333333,25897.523083333333
2017-04-01,B1000,445895,26134,4828,2017,4,Apr,April,Q2,2017-04,New York,USA,0.088,1.1,0.055,24524.225,2299.792,5310.8,32134.817,76.31667857327459,7.1566986051297565,16.526622821595655,452145.0,-1.382299925908724,266742.0,67.16340133912169,462555.0,373476.9166666667,42808.0,-38.95066342739675,36271.0,-27.947947395991292,33718.333333333336,38074.75,3214.0,50.217797137523334,3267.0,47.7808386899296,4486.333333333333,4198.75,24867.975,-1.382299925908724,13337.1,83.87974147303385,25440.524999999998,19453.1025,3767.104,-38.95066342739675,2901.68,-20.742742135590415,2967.213333333333,3144.4320000000002,3535.4,50.217797137523334,3267.0,62.55892255892257,4934.966666666667,4352.408333333334,32170.479,-0.11085318313103223,19505.78,64.7451011956456,33342.704999999994,26949.942833333334
2017-05-01,B1000,400459,42927,4602,2017,5,May,May,Q2,2017-05,New York,USA,0.088,1.1,0.055,22025.245,3777.5759999999996,5062.200000000001,30865.021,71.35988988959379,12.239019698058847,16.401090412347365,445895.0,-10.18984290023436,307569.0,30.201353192291812,432833.0,381217.75,26134.0,64.2572893548634,47745.0,-10.091109016650957,37289.666666666664,37673.25,4828.0,-4.68102734051367,3581.0,28.51158894163641,4214.666666666667,4283.833333333333,24524.225,-10.18984290023436,15378.45,43.22148851152098,23805.815000000002,20007.002083333333,2299.792,64.25728935486337,3819.6,-1.100219918316063,3281.4906666666666,3140.9300000000003,5310.8,-4.681027340513659,3581.0,41.36274783580008,4636.133333333334,4475.841666666667,32134.817,-3.9514648550822566,22779.05,35.49740221826635,31723.439,27623.773750000004
2017-06-01,B1000,256415,26536,5405,2017,6,Jun,June,Q2,2017-06,New York,USA,0.088,1.1,0.055,14102.825,2335.1679999999997,5945.500000000001,22383.493000000002,63.005470147130296,10.432545090259145,26.561984762610557,400459.0,-35.96972474085987,332451.0,-22.871340438139757,367589.6666666667,374881.4166666667,42927.0,-38.183427679549006,21944.0,20.92599343784178,31865.666666666668,38055.916666666664,4602.0,17.448935245545417,4259.0,26.907724818032403,4945.0,4379.333333333333,22025.245,-35.96972474085986,16622.55,-15.158474481953723,20217.431666666667,19797.025,3777.5759999999996,-38.183427679549006,1755.52,33.01859278162594,2804.1786666666667,3189.234,5062.200000000001,17.448935245545417,4259.0,39.598497299835664,5439.500000000001,4616.383333333334,30865.021,-27.47941755814778,22637.07,-1.120184723552993,28461.11033333333,27602.642333333337
2017-07-01,B1000,378241,25116,4404,2017,7,Jul,July,Q3,2017-07,New York,USA,0.088,1.1,0.055,20803.255,2210.208,4844.400000000001,27857.863,74.67642080083458,7.933874899162221,17.3897043000032,256415.0,47.51126104167073,460927.0,-17.939066272967302,345038.3333333333,367990.9166666667,26536.0,-5.351220982815797,28072.0,-10.530065545739527,31526.333333333332,37809.583333333336,5405.0,-18.519888991674378,4909.0,-10.287227541250763,4803.666666666667,4337.25,14102.825,47.51126104167073,23046.350000000002,-9.732972900264038,18977.108333333334,19610.100416666668,2335.1679999999997,-5.35122098281578,2245.76,-1.5830721003134856,2774.317333333333,3186.2713333333327,5945.500000000001,-18.519888991674378,4909.0,-1.315950295375829,5284.033333333334,4611.0,22383.493000000002,24.457174758202388,30201.11,-7.758810851654125,27035.459000000003,27407.371750000002
2017-08-01,B1000,397450,31581,3636,2017,8,Aug,August,Q3,2017-08,New York,USA,0.088,1.1,0.055,21859.75,2779.1279999999997,3999.6000000000004,28638.478000000003,76.32999910120921,9.704174921586265,13.965825977204515,378241.0,5.0785081469222,252698.0,57.28260611480898,344035.3333333333,380053.5833333333,25116.0,25.74056378404205,45063.0,-29.918114639504694,27744.333333333332,36686.083333333336,4404.0,-17.43869209809264,2995.0,21.402337228714526,4481.666666666667,4390.666666666667,20803.255,5.0785081469221955,12634.900000000001,73.01086672628986,18921.943333333333,20378.837916666667,2210.208,25.740563784042024,3605.04,-22.90992610345517,2441.501333333333,3117.445333333333,4844.400000000001,-17.438692098092645,2995.0,33.54257095158599,4929.833333333334,4694.716666666667,27857.863,2.8021352535189137,19234.940000000002,48.8877948150605,26293.278000000002,28190.99991666667
2017-09-01,B1000,382610,45488,5258,2017,9,Sep,September,Q3,2017-09,New York,USA,0.088,1.1,0.055,21043.55,4002.944,5783.8,30830.293999999998,68.25607955603668,12.983800932939532,18.760119511023802,397450.0,-3.733802994087307,244019.0,56.795167589409026,386100.3333333333,391602.8333333333,31581.0,44.03597099521864,25874.0,75.80582824456984,34061.666666666664,38320.583333333336,3636.0,44.60946094609461,5086.0,3.3818324813212746,4432.666666666667,4405.0,21859.75,-3.7338029940873096,12200.95,72.47468434834991,21235.518333333337,21115.72125,2779.1279999999997,44.03597099521866,2069.92,93.3864110690268,2997.4266666666663,3278.530666666666,3999.6000000000004,44.6094609460946,5086.0,13.720015729453404,4875.933333333333,4752.866666666667,28638.478000000003,7.653395547067812,19356.870000000003,59.273136617645285,29108.87833333333,29147.118583333333
2017-10-01,B1000,265102,30711,5460,2017,10,Oct,October,Q4,2017-10,New York,USA,0.088,1.1,0.055,14580.61,2702.5679999999998,6006.000000000001,23289.178,62.606803898360006,11.604394109573125,25.78880199206688,382610.0,-30.712213481090405,334502.0,-20.747260106068126,348387.3333333333,385819.5,45488.0,-32.48549067886036,49641.0,-38.133800688946636,35926.666666666664,36743.083333333336,5258.0,3.8417649296310383,3278.0,66.56497864551557,4784.666666666667,4586.833333333333,21043.55,-30.7122134810904,16725.100000000002,-12.821986116674946,19161.303333333333,20937.01375,4002.944,-32.485490678860366,3971.28,-31.94718075784131,3161.5466666666666,3172.8046666666664,5783.8,3.8417649296310508,3278.0,83.22147651006713,5263.133333333334,4980.200000000001,30830.293999999998,-24.460084616773354,23974.38,-2.858059311648523,27585.983333333334,29090.018416666662
2017-11-01,B1000,451139,32487,4232,2017,11,Nov,November,Q4,2017-11,New York,USA,0.088,1.1,0.055,24812.645,2858.8559999999998,4655.200000000001,32326.701,76.7558836269745,8.84363671999812,14.400479653027388,265102.0,70.17563051202933,256575.0,75.83123842930917,366283.6666666667,402033.1666666667,30711.0,5.782944221940022,49911.0,-34.91014004928773,36228.666666666664,35291.083333333336,5460.0,-22.490842490842493,4493.0,-5.809036278655687,4983.333333333333,4565.083333333333,14580.61,70.17563051202933,12828.75,93.4143622722401,20145.601666666666,21935.671666666665,2702.5679999999998,5.7829442219400224,3992.88,-28.401154054216516,3188.122666666666,3078.3026666666665,6006.000000000001,-22.490842490842493,4493.0,3.610060093478761,5481.666666666667,4993.716666666667,23289.178,38.805676181443594,21314.63,51.66437794134826,28815.391,30007.691000000003
2017-12-01,B1000,408382,48235,4382,2017,12,Dec,December,Q4,2017-12,New York,USA,0.088,1.1,0.055,22461.01,4244.679999999999,4820.200000000001,31525.89,71.24623603013269,13.464108388375392,15.289655581491912,451139.0,-9.477566780969946,422766.0,-3.4023549670503304,374874.3333333333,400834.5,32487.0,48.47477452519469,40969.0,17.735360882618565,37144.333333333336,35896.583333333336,4232.0,3.544423440453686,3345.0,31.001494768310913,4691.333333333333,4651.5,24812.645,-9.477566780969953,21138.300000000003,6.257409536244614,20618.088333333333,22045.897500000003,2858.8559999999998,48.47477452519469,3277.52,29.508896970880404,3268.701333333333,3158.899333333333,4655.200000000001,3.544423440453685,3345.0,44.101644245142026,5160.466666666668,5116.650000000001,32326.701,-2.477243192864009,27760.820000000003,13.562531654324317,29047.256333333335,30321.446833333335
2018-01-01,B1000,464783,55215,4309,2018,1,Jan,January,Q1,2018-01,New York,USA,0.0968,1.2100000000000002,0.0605,28119.371499999997,5344.812,5213.890000000001,38678.0735,72.7010653723485,13.818713075251795,13.480221552399712,408382.0,13.810843768824288,482551.0,-3.682097850797118,441434.6666666667,399353.8333333333,48235.0,14.470819944024049,46523.0,18.683231949788276,45312.333333333336,36620.916666666664,4382.0,-1.6659059790050206,4980.0,-13.473895582329318,4307.666666666667,4595.583333333333,22461.01,25.191928145706715,26540.305,5.94969236412316,25131.008833333337,22177.486375000004,4244.679999999999,25.917901938426468,4094.024,30.551555144767107,4149.449333333333,3263.1316666666667,4820.200000000001,8.167503423094487,5478.0,-4.821285140562226,4896.430000000001,5094.640833333334,31525.89,22.686698139211927,36112.329,7.104898994468069,34176.888166666664,30535.258875
2018-02-01,B1000,470804,28002,5705,2018,2,Feb,February,Q1,2018-02,New York,USA,0.0968,1.2100000000000002,0.0605,28483.642,2710.5935999999997,6903.050000000001,38097.2856,74.76554182642346,7.114925794083344,18.1195323794932,464783.0,1.2954432498606876,489625.0,-3.8439622159816187,447989.6666666667,397785.4166666667,55215.0,-49.28552023906547,32213.0,-13.072362089839507,43817.333333333336,36270.0,4309.0,32.397307960083545,5417.0,5.316595901790659,4798.666666666667,4619.583333333333,28119.371499999997,1.295443249860696,26929.375,5.771641562420219,26354.674499999997,22307.008625000002,5344.812,-49.28552023906548,2834.7439999999997,-4.379598298823457,4100.028533333333,3252.7857999999997,5213.890000000001,32.39730796008354,5958.700000000001,15.848255491969729,5645.713333333334,5173.336666666667,38678.0735,-1.501594695506217,35722.819,6.64691831851232,36100.416366666665,30733.131091666666
2018-03-01,B1000,493939,37293,5989,2018,3,Mar,March,Q1,2018-03,New York,USA,0.0968,1.2100000000000002,0.0605,29883.3095,3609.9624,7246.690000000001,40739.9619,73.3513437576386,8.8609861954731,17.787670046888287,470804.0,4.9139344610496085,452145.0,9.243494896548674,476508.6666666667,401268.25,28002.0,33.17977287336619,42808.0,-12.883105961502523,40170.0,35810.416666666664,5705.0,4.978089395267309,3214.0,86.34100808960797,5334.333333333333,4850.833333333333,28483.642,4.913934461049607,24867.975,20.167844386203544,28828.774333333335,22724.95316666667,2710.5935999999997,33.1797728733662,3767.104,-4.1714165576527735,3888.4559999999997,3239.690666666667,6903.050000000001,4.978089395267314,3535.4,104.9751088985688,6454.543333333335,5482.610833333335,38097.2856,6.936652463240057,32170.479,26.63772242868999,39171.77366666667,31447.254666666664
2018-04-01,B1000,486795,38407,6387,2018,4,Apr,April,Q2,2018-04,New York,USA,0.0968,1.2100000000000002,0.0605,29451.0975,3717.7976,7728.270000000001,40897.165100000006,72.01256475354081,9.090599778516188,18.896835467942985,493939.0,-1.4463324418602297,445895.0,9.172563047354197,483846.0,404676.5833333333,37293.0,2.987155766497734,26134.0,46.961812198668405,34567.333333333336,36833.166666666664,5989.0,6.645516780764734,4828.0,32.29080364540182,6027.0,4980.75,29883.3095,-1.4463324418602281,24524.225,20.089819352089624,29272.683,23135.525875000003,3609.9624,2.9871557664977337,2299.792,61.65799341853524,3346.117866666666,3357.8577999999998,7246.690000000001,6.6455167807647335,5310.8,45.519884009942025,7292.670000000001,5684.066666666668,40739.9619,0.38586977667252936,32134.817,27.267459154972023,39911.47086666667,32177.45034166667
2018-05-01,B1000,241272,35861,5323,2018,5,May,May,Q2,2018-05,New York,USA,0.0968,1.2100000000000002,0.0605,14596.956,3471.3448,6440.830000000001,24509.130800000003,59.55721612126693,14.163475760633665,26.279308118099397,486795.0,-50.43663143623086,400459.0,-39.75113557193121,407335.3333333333,391411.0,38407.0,-6.628999921889239,42927.0,-16.460502713909662,37187.0,36244.333333333336,6387.0,-16.65883826522624,4602.0,15.6671012603216,5899.666666666667,5040.833333333333,29451.0975,-50.43663143623086,22025.245,-33.72624912912433,24643.787666666667,22516.501791666666,3717.7976,-6.628999921889239,3777.5759999999996,-8.10655298530062,3599.7016,3332.338533333333,7728.270000000001,-16.658838265226244,5062.200000000001,27.233811386353757,7138.596666666668,5798.9525,40897.165100000006,-40.07132098258811,30865.021,-20.59253483093369,35382.085933333336,31647.792825
2018-06-01,B1000,420627,55665,6358,2018,6,Jun,June,Q2,2018-06,New York,USA,0.0968,1.2100000000000002,0.0605,25447.9335,5388.371999999999,7693.180000000001,38529.4855,66.04794528076425,13.985060869810988,19.96699384942475,241272.0,74.33726250870387,256415.0,64.04149523233819,382898.0,405095.3333333333,35861.0,55.22433841777976,26536.0,109.77163099186012,43311.0,38671.75,5323.0,19.44392260003757,5405.0,17.631822386679,6022.666666666667,5120.25,14596.956,74.33726250870386,14102.825,80.445644755572,23165.328999999998,23461.9275,3471.3448,55.22433841777975,2335.1679999999997,130.74879409104614,4192.5048,3586.7722,6440.830000000001,19.443922600037574,5945.500000000001,29.3950046253469,7287.426666666667,5944.592500000002,24509.130800000003,57.20461820702347,22383.493000000002,72.1334802392102,34645.26046666667,32993.2922
2018-07-01,B1000,308872,27574,5099,2018,7,Jul,July,Q3,2018-07,New York,USA,0.0968,1.2100000000000002,0.0605,18686.756,2669.1632,6169.790000000001,27525.7092,67.88837251830009,9.69698248501441,22.4146449966855,420627.0,-26.568670104391778,378241.0,-18.339894405947533,323590.3333333333,399314.5833333333,55665.0,-50.46438516123237,25116.0,9.78659022137283,39700.0,38876.583333333336,6358.0,-19.80182447310475,4404.0,15.7811080835604,5593.333333333333,5178.166666666667,25447.9335,-26.568670104391767,20803.255,-10.173883846542282,19577.215166666665,23285.552583333334,5388.371999999999,-50.46438516123237,2210.208,20.765249243510105,3842.9599999999996,3625.0184666666664,7693.180000000001,-19.80182447310475,4844.400000000001,27.35921889191644,6767.933333333334,6055.041666666668,38529.4855,-28.559364749368378,27857.863,-1.1923161514578489,30188.108500000002,32965.61271666666
2018-08-01,B1000,497647,44195,4107,2018,8,Aug,August,Q3,2018-08,New York,USA,0.0968,1.2100000000000002,0.0605,30107.6435,4278.076,4969.470000000001,39355.1895,76.50234666002561,10.870424089814128,12.627229250160266,308872.0,61.1175503121034,397450.0,25.209963517423574,409048.6666666667,407664.3333333333,27574.0,60.277797925582064,31581.0,39.941737120420505,42478.0,39927.75,5099.0,-19.454795057854483,3636.0,12.953795379537954,5188.0,5217.416666666667,18686.756,61.117550312103376,21859.75,37.73095986916593,24747.444333333333,23972.877041666667,2669.1632,60.27779792558208,2779.1279999999997,53.935910832462575,4111.8704,3749.9307999999996,6169.790000000001,-19.454795057854472,3999.6000000000004,24.249174917491768,6277.4800000000005,6135.864166666667,27525.7092,42.97611449008551,28638.478000000003,37.420674031629744,35136.794733333336,33858.672008333335
2018-09-01,B1000,337972,48414,4600,2018,9,Sep,September,Q3,2018-09,New York,USA,0.0968,1.2100000000000002,0.0605,20447.306,4686.4752,5566.000000000001,30699.7812,66.60407729550855,15.26550032871244,18.130422375779016,497647.0,-32.08599670047242,382610.0,-11.666710227124225,381497.0,403944.5,44195.0,9.546328770222875,45488.0,6.4324657052409435,40061.0,40171.583333333336,4107.0,12.003895787679571,5258.0,-12.514263978699125,4602.0,5162.583333333333,30107.6435,-32.08599670047242,21043.55,-2.8333812498366426,23080.568499999998,23923.190041666665,4278.076,9.546328770222871,4002.944,17.075712275765035,3877.9048000000003,3806.8917333333334,4969.470000000001,12.003895787679564,5783.8,-3.765690376569025,5568.420000000001,6117.714166666668,39355.1895,-21.993054562727995,30830.293999999998,-0.4233264853069412,32526.8933,33847.79594166666
2018-10-01,B1000,384357,56530,4690,2018,10,Oct,October,Q4,2018-10,New York,USA,0.0968,1.2100000000000002,0.0605,23253.5985,5472.104,5674.900000000001,34400.6025,67.59648613712507,15.907000466052883,16.49651339682205,337972.0,13.724509722698922,265102.0,44.98457197606959,406658.6666666667,413882.4166666667,48414.0,16.763746023877392,30711.0,84.07085409136792,49713.0,42323.166666666664,4600.0,1.956521739130435,5460.0,-14.102564102564102,4465.666666666667,5098.416666666667,20447.306,13.724509722698919,14580.61,59.48302917367654,24602.84933333333,24645.939083333335,4686.4752,16.7637460238774,2702.5679999999998,102.47793950050475,4812.218400000001,4037.6864,5566.000000000001,1.956521739130428,6006.000000000001,-5.512820512820518,5403.456666666668,6090.1225,30699.7812,12.05487842369378,23289.178,47.7106770363471,34818.5244,34773.74798333334
2018-11-01,B1000,426014,43069,6663,2018,11,Nov,November,Q4,2018-11,New York,USA,0.0968,1.2100000000000002,0.0605,25773.846999999998,4169.0792,8062.230000000001,38005.1562,67.8167111440526,10.969772569965127,21.213516285982273,384357.0,10.838101036276171,451139.0,-5.5692369757436175,382781.0,411788.6666666667,56530.0,-23.812135149478152,32487.0,32.57302921168467,49337.666666666664,43205.0,4690.0,42.068230277185506,4232.0,57.44328922495274,5317.666666666667,5301.0,23253.5985,10.83810103627616,24812.645,3.8738393266820106,23158.2505,24726.03925,5472.104,-23.812135149478156,2858.8559999999998,45.83033213285316,4775.886133333333,4146.871666666667,5674.900000000001,42.06823027718551,4655.200000000001,73.18761814744802,6434.376666666668,6374.041666666668,34400.6025,10.478170258791243,32326.701,17.565835746740742,34368.5133,35246.95258333334
2018-12-01,B1000,372784,35967,4073,2018,12,Dec,December,Q4,2018-12,New York,USA,0.0968,1.2100000000000002,0.0605,22553.432,3481.6056,4928.330000000001,30963.3676,72.83907968718492,11.244273055105285,15.916647257709787,426014.0,-12.494894533982452,408382.0,-8.716838646169519,394385.0,408822.1666666667,43069.0,-16.489818663075532,48235.0,-25.43381362081476,45188.666666666664,42182.666666666664,6663.0,-38.87137925859223,4382.0,-7.051574623459607,5142.0,5275.25,25773.846999999998,-12.49489453398244,22461.01,0.4114774892135407,23860.2925,24733.74108333333,4169.0792,-16.489818663075535,4244.679999999999,-17.97719498289623,4374.2629333333325,4083.2821333333336,8062.230000000001,-38.87137925859223,4820.200000000001,2.2432679141944334,6221.820000000001,6383.052500000002,38005.1562,-18.52850850801133,31525.89,-1.7843188566603452,34456.375433333335,35200.075716666666
2019-01-01,B1000,228140,39154,5604,2019,1,Jan,January,Q1,2019-01,New York,USA,0.10648,1.3310000000000004,0.06655,15182.716999999999,4169.117920000001,7458.924000000003,26810.758920000004,56.629195187287884,15.55016749969717,27.82063731301494,372784.0,-38.8010215030688,464783.0,-50.914727948311366,342312.6666666667,389101.9166666667,35967.0,8.860900269691662,55215.0,-29.088110115004977,39396.666666666664,40844.25,4073.0,37.58900073655782,4309.0,30.053376653515894,5446.666666666667,5383.166666666667,22553.432,-32.681123653375685,28119.371499999997,-46.0062007431425,21169.998666666663,23655.686541666666,3481.6056,19.746990296660847,5344.812,-21.996921126505466,3939.93424,3985.3076266666667,4928.330000000001,51.34790081021363,5213.890000000001,43.0587143188675,6816.494666666668,6570.1386666666685,30963.3676,-13.411359945227655,38678.0735,-30.68227940566894,31926.427573333334,34211.132835000004
2019-02-01,B1000,420530,52264,5224,2019,2,Feb,February,Q1,2019-02,New York,USA,0.10648,1.3310000000000004,0.06655,27986.2715,5565.070720000001,6953.144000000002,40504.48622,69.0942513083431,13.739393433540508,17.1663552581164,228140.0,84.3297974927676,470804.0,-10.678328986159846,340484.6666666667,384912.4166666667,39154.0,33.48316902487613,28002.0,86.64381115634598,42461.666666666664,42866.083333333336,5604.0,-6.780870806566738,5705.0,-8.431200701139351,4967.0,5343.083333333333,15182.716999999999,84.32979749276761,28483.642,-1.7461618847758333,21907.473500000004,23614.239,4169.117920000001,33.483169024876126,2710.5935999999997,105.30819227198063,4405.264746666667,4223.18072,7458.924000000003,-6.780870806566744,6903.050000000001,0.7256792287467272,6446.799333333335,6574.313166666668,26810.758920000004,51.07549301703986,38097.2856,6.318562023746899,32759.537580000004,34411.73288666667
2019-03-01,B1000,272016,42188,5582,2019,3,Mar,March,Q1,2019-03,New York,USA,0.10648,1.3310000000000004,0.06655,18102.6648,4492.17824,7429.642000000003,30024.485040000003,60.29300677724462,14.961716192685115,24.745277030070262,420530.0,-35.31591087437281,493939.0,-44.92923215214834,306895.3333333333,366418.8333333333,52264.0,-19.279044849227,37293.0,13.1257876813343,44535.333333333336,43274.0,5224.0,6.852986217457886,5989.0,-6.795792285857405,5470.0,5309.166666666667,27986.2715,-35.31591087437282,29883.3095,-39.42215536736318,20423.884433333333,22632.518608333336,5565.070720000001,-19.279044849227006,3609.9624,24.43836644946774,4742.122293333334,4296.698706666667,6953.144000000002,6.852986217457892,7246.690000000001,2.5246284855568693,7280.570000000002,6589.559166666669,40504.48622,-25.87368007355506,40739.9619,-26.30212783777787,32446.57672666667,33518.77648166667
2019-04-01,B1000,362212,57204,5715,2019,4,Apr,April,Q2,2019-04,New York,USA,0.10648,1.3310000000000004,0.06655,24105.208599999998,6091.0819200000005,7606.665000000003,37802.95552,63.76540740907656,16.112713506692504,20.121879084230933,272016.0,33.15834362684548,486795.0,-25.592497868712705,351586.0,356036.9166666667,42188.0,35.593059637811706,38407.0,48.94159918764808,50552.0,44840.416666666664,5582.0,2.3826585453242566,6387.0,-10.521371535932362,5507.0,5253.166666666667,18102.6648,33.15834362684548,29451.0975,-18.15174765558398,23398.0483,22187.027866666667,4492.17824,35.593059637811706,3717.7976,63.835759106412915,5382.77696,4494.4724,7429.642000000003,2.3826585453242575,7728.270000000001,-1.5735086895255812,7329.817000000003,6579.425416666668,30024.485040000003,25.907090395179676,40897.165100000006,-7.565829006568483,36110.64226,33260.925683333335
2019-05-01,B1000,228697,43337,6882,2019,5,May,May,Q2,2019-05,New York,USA,0.10648,1.3310000000000004,0.06655,15219.78535,4614.52376,9159.942000000003,28994.251110000005,52.49242441978698,15.915305908378743,31.592269671834273,362212.0,-36.86100957450333,241272.0,-5.2119599456215395,287641.6666666667,354989.0,57204.0,-24.241311796377875,35861.0,20.847159867265276,47576.333333333336,45463.416666666664,5715.0,20.41994750656168,5323.0,29.287995491264322,6059.666666666667,5383.083333333333,24105.208599999998,-36.86100957450332,14596.956,4.266844059816307,19142.552916666664,22238.9303125,6091.0819200000005,-24.241311796377882,3471.3448,32.93187585399181,5065.927973333334,4589.737313333334,7606.665000000003,20.419947506561673,6440.830000000001,42.21679504039078,8065.416333333337,6806.018083333335,37802.95552,-23.301628903961415,24509.130800000003,18.299793438615136,32273.897223333344,33634.68570916667
2019-06-01,B1000,236306,38618,6919,2019,6,Jun,June,Q2,2019-06,New York,USA,0.10648,1.3310000000000004,0.06655,15726.1643,4112.04464,9209.189000000002,29047.397940000003,54.13966625335529,14.156327009027784,31.70400673761693,228697.0,3.327109669125524,420627.0,-43.820534582896485,275738.3333333333,339628.9166666667,43337.0,-10.889078616424765,55665.0,-30.624270187730176,46386.333333333336,44042.833333333336,6882.0,0.5376344086021506,6358.0,8.823529411764707,6505.333333333333,5429.833333333333,15219.78535,3.327109669125526,25447.9335,-38.20258804118613,18350.386083333335,21428.782879166665,4614.52376,-10.889078616424763,5388.371999999999,-23.68669720650318,4939.216773333334,4483.3767,9159.942000000003,0.5376344086021437,7693.180000000001,19.705882352941185,8658.59866666667,6932.3521666666675,28994.251110000005,0.18330126823543902,38529.4855,-24.609951150269058,31948.201523333337,32844.51174583333
2019-07-01,B1000,316838,34073,6666,2019,7,Jul,July,Q3,2019-07,New York,USA,0.10648,1.3310000000000004,0.06655,21085.5689,3628.09304,8872.446000000004,33586.10794,62.78062625674988,10.802362234056465,26.41701150919365,236306.0,34.079540934212424,308872.0,2.579061876764485,260613.66666666666,340292.75,38618.0,-11.769123206794758,27574.0,23.569304417204613,38676.0,44584.416666666664,6919.0,-3.6565977742448332,5099.0,30.73151598352618,6822.333333333333,5560.416666666667,15726.1643,34.0795409342124,18686.756,12.836968064440917,17343.839516666667,21628.683954166667,4112.04464,-11.769123206794756,2669.1632,35.926234858925085,4118.22048,4563.287520000001,9209.189000000002,-3.6565977742448164,6169.790000000001,43.80466758187884,9080.52566666667,7157.573500000002,29047.397940000003,15.625186150494825,27525.7092,22.017230131894298,30542.585663333335,33349.544974166674
2019-08-01,B1000,215824,32747,5467,2019,8,Aug,August,Q3,2019-08,New York,USA,0.10648,1.3310000000000004,0.06655,14363.0872,3486.90056,7276.577000000002,25126.56476,57.162956166873954,13.877346916721933,28.95969691640411,316838.0,-31.881908104457167,497647.0,-56.6311059847643,256322.66666666666,316807.5,34073.0,-3.891644410530332,44195.0,-25.903382735603575,35146.0,43630.416666666664,6666.0,-17.986798679867988,4107.0,33.114195276357435,6350.666666666667,5673.75,21085.5689,-31.881908104457164,30107.6435,-52.294216583240726,17058.27346666667,20316.637595833334,3628.09304,-3.891644410530336,4278.076,-18.493721009163934,3742.34608,4497.356233333334,8872.446000000004,-17.986798679867995,4969.470000000001,46.425614803993184,8452.737333333336,7349.832416666669,33586.10794,-25.187625774062823,39355.1895,-36.154379945242034,29253.356880000003,32163.826245833334
2019-09-01,B1000,373705,58150,7019,2019,9,Sep,September,Q3,2019-09,New York,USA,0.10648,1.3310000000000004,0.06655,24870.06775,6191.812,9342.289000000002,40404.168750000004,61.55322215359275,15.324686020177062,23.122091826230186,215824.0,73.15266142783008,337972.0,10.572769341838969,302122.3333333333,319785.25,32747.0,77.57351818487189,48414.0,20.109885570289585,41656.666666666664,44441.75,5467.0,28.388512895555152,4600.0,52.586956521739125,6384.0,5875.333333333333,14363.0872,73.15266142783007,20447.306,21.630046276022856,20106.241283333333,20685.201075,3486.90056,77.57351818487189,4686.4752,32.120874127318544,4435.601866666667,4622.800966666667,7276.577000000002,28.388512895555145,5566.000000000001,67.84565217391307,8497.104000000001,7664.523166666669,25126.56476,60.80259731454035,30699.7812,31.61060818896,33038.94715,32972.52520833334
2019-10-01,B1000,490276,51677,6719,2019,10,Oct,October,Q4,2019-10,New York,USA,0.10648,1.3310000000000004,0.06655,32627.8678,5502.56696,8942.989000000003,47073.423760000005,69.3127144657047,11.689328118673473,18.997957415621816,373705.0,31.19332093496207,384357.0,27.557453096990557,359935.0,328611.8333333333,58150.0,-11.131556319862424,56530.0,-8.584822218291173,47524.666666666664,44037.333333333336,7019.0,-4.274113121527283,4690.0,43.26226012793177,6401.666666666667,6044.416666666667,24870.06775,31.193320934962077,23253.5985,40.313198406689615,23953.67425,21466.390183333333,6191.812,-11.131556319862423,5472.104,0.556695559879707,5060.426506666667,4625.339546666667,9342.289000000002,-4.274113121527274,5674.900000000001,57.588486140724996,8520.618333333336,7936.86391666667,40404.168750000004,16.506353716285773,34400.6025,36.83895146894594,37534.719090000006,34028.59364666667
2019-11-01,B1000,389855,37260,6576,2019,11,Nov,November,Q4,2019-11,New York,USA,0.10648,1.3310000000000004,0.06655,25944.85025,3967.4448,8752.656000000003,38664.95105,67.10172790972665,10.261088381747738,22.637183708525612,490276.0,-20.48254452594049,426014.0,-8.487749228898581,417945.3333333333,325598.5833333333,51677.0,-27.89829130948004,43069.0,-13.487659337342404,49029.0,43553.25,6719.0,-2.1282929007292752,6663.0,-1.3057181449797388,6771.333333333333,6037.166666666667,32627.8678,-20.48254452594049,25773.846999999998,0.6634758482115674,27814.26193333333,21480.640454166667,5502.56696,-27.89829130948004,4169.0792,-4.836425271076642,5220.6079199999995,4608.53668,8942.989000000003,-2.1282929007292806,8062.230000000001,8.563710040522302,9012.644666666669,7994.39941666667,47073.423760000005,-17.862462592204704,38005.1562,1.7360666708692696,42047.514520000004,34083.576550833335
2019-12-01,B1000,223002,42292,5429,2019,12,Dec,December,Q4,2019-12,New York,USA,0.10648,1.3310000000000004,0.06655,14840.783099999999,4503.25216,7225.9990000000025,26570.03426,55.85534047406983,16.94861254574837,27.19604698018181,389855.0,-42.798732862218,372784.0,-40.17929954075282,367711.0,313116.75,37260.0,13.505099302200751,35967.0,17.585564545277617,43743.0,44080.333333333336,6576.0,-17.44221411192214,4073.0,33.292413454456174,6241.333333333333,6150.166666666667,25944.85025,-42.79873286221801,22553.432,-34.197229494828115,24471.16705,20837.9197125,3967.4448,13.505099302200746,3481.6056,29.344120999805384,4657.75464,4693.673893333334,8752.656000000003,-17.442214111922137,4928.330000000001,46.62165479990182,8307.214666666669,8185.871833333335,38664.95105,-31.281345149924878,30963.3676,-14.188809811501255,37436.13635666667,33717.46543916667
2016-01-01,B1001,281717,46252,2187,2016,1,Jan,January,Q1,2016-01,New York,USA,0.08,1.0,0.05,14085.85,3700.16,2187.0,19973.010000000002,70.52442270844504,18.525800567866334,10.949776723688617,,,,,281717.0,281717.0,,,,,46252.0,46252.0,,,,,2187.0,2187.0,,,,,14085.85,14085.85,,,,,3700.16,3700.16,,,,,2187.0,2187.0,,,,,19973.010000000002,19973.010000000002
2016-02-01,B1001,370356,50269,2872,2016,2,Feb,February,Q1,2016-02,New York,USA,0.08,1.0,0.05,18517.8,4021.52,2872.0,25411.32,72.87224748655323,15.825702875726252,11.302049637720513,281717.0,31.463844922386652,,,326036.5,326036.5,46252.0,8.685029836547608,,,48260.5,48260.5,2187.0,31.321444901691812,,,2529.5,2529.5,14085.85,31.46384492238664,,,16301.825,16301.825,3700.16,8.685029836547614,,,3860.84,3860.84,2187.0,31.321444901691812,,,2529.5,2529.5,19973.010000000002,27.228294583540475,,,22692.165,22692.165
2016-03-01,B1001,363959,33456,2317,2016,3,Mar,March,Q1,2016-03,New York,USA,0.08,1.0,0.05,18197.95,2676.48,2317.0,23191.43,78.46842562101604,11.540814861351802,9.99075951763216,370356.0,-1.727257017572282,,,338677.3333333333,338677.3333333333,50269.0,-33.44606019614474,,,43325.666666666664,43325.666666666664,2872.0,-19.32451253481894,,,2458.6666666666665,2458.6666666666665,18517.8,-1.727257017572274,,,16933.866666666665,16933.866666666665,4021.52,-33.44606019614474,,,3466.0533333333333,3466.0533333333333,2872.0,-19.32451253481894,,,2458.6666666666665,2458.6666666666665,25411.32,-8.7358311177853,,,22858.58666666667,22858.58666666667
2016-04-01,B1001,242610,50193,3522,2016,4,Apr,April,Q2,2016-04,New York,USA,0.08,1.0,0.05,12130.5,4015.44,3522.0,19667.940000000002,61.676515181559424,20.416169664947116,17.90731515349345,363959.0,-33.34139284919455,,,325641.6666666667,314660.5,33456.0,50.02690100430416,,,44639.333333333336,45042.5,2317.0,52.006905481225715,,,2903.6666666666665,2724.5,18197.95,-33.341392849194555,,,16282.083333333334,15733.025,2676.48,50.02690100430416,,,3571.146666666667,3603.4,2317.0,52.006905481225715,,,2903.6666666666665,2724.5,23191.43,-15.19306916391097,,,22756.896666666667,22060.925000000003
2016-05-01,B1001,497381,27675,4381,2016,5,May,May,Q2,2016-05,New York,USA,0.08,1.0,0.05,24869.050000000003,2214.0,4381.0,31464.050000000003,79.0395705575093,7.036602090322129,13.923827352168585,242610.0,105.01257161699849,,,367983.3333333333,351204.6,50193.0,-44.862829478214096,,,37108.0,41569.0,3522.0,24.38955139125497,,,3406.6666666666665,3055.8,12130.5,105.01257161699851,,,18399.166666666668,17560.23,4015.44,-44.862829478214096,,,2968.64,3325.5199999999995,3522.0,24.38955139125497,,,3406.6666666666665,3055.8,19667.940000000002,59.9763371252912,,,24774.47333333334,23941.55
2016-06-01,B1001,358497,46514,3885,2016,6,Jun,June,Q2,2016-06,New York,USA,0.08,1.0,0.05,17924.850000000002,3721.12,3885.0,25530.97,70.2082607907181,14.574926060388618,15.216813148893285,497381.0,-27.923060993483865,,,366162.6666666667,352420.0,27675.0,68.07226738934055,,,41460.666666666664,42393.166666666664,4381.0,-11.32161606939055,,,3929.3333333333335,3194.0,24869.050000000003,-27.923060993483865,,,18308.133333333335,17621.0,2214.0,68.07226738934055,,,3316.853333333333,3391.4533333333334,4381.0,-11.32161606939055,,,3929.3333333333335,3194.0,31464.050000000003,-18.856695180690348,,,25554.320000000003,24206.453333333335
2016-07-01,B1001,255058,22048,4602,2016,7,Jul,July,Q3,2016-07,New York,USA,0.08,1.0,0.05,12752.900000000001,1763.8400000000001,4602.0,19118.74,66.70366352594365,9.225712573108897,24.070623900947446,358497.0,-28.853518997369576,,,370312.0,338511.14285714284,46514.0,-52.59921743991056,,,32079.0,39486.71428571428,3885.0,18.455598455598455,,,4289.333333333333,3395.1428571428573,17924.850000000002,-28.853518997369576,,,18515.600000000002,16925.557142857146,3721.12,-52.59921743991056,,,2566.3199999999997,3158.937142857143,3885.0,18.455598455598455,,,4289.333333333333,3395.1428571428573,25530.97,-25.115496982684167,,,25371.253333333338,23479.637142857147
2016-08-01,B1001,223918,33654,4406,2016,8,Aug,August,Q3,2016-08,New York,USA,0.08,1.0,0.05,11195.900000000001,2692.32,4406.0,18294.22,61.19911097603505,14.71677939808311,24.084109625881833,255058.0,-12.208987759646824,,,279157.6666666667,324187.0,22048.0,52.63969521044993,,,34072.0,38757.625,4602.0,-4.259017818339853,,,4297.666666666667,3521.5,12752.900000000001,-12.208987759646824,,,13957.883333333333,16209.35,1763.8400000000001,52.63969521044992,,,2725.7599999999998,3100.61,4602.0,-4.259017818339853,,,4297.666666666667,3521.5,19118.74,-4.312627296568708,,,20981.31,22831.460000000003
2016-09-01,B1001,207081,34311,4312,2016,9,Sep,September,Q3,2016-09,New York,USA,0.08,1.0,0.05,10354.050000000001,2744.88,4312.0,17410.93,59.46867858293613,15.76526928774052,24.766052129323363,223918.0,-7.519270447217286,,,228685.66666666666,311175.22222222225,33654.0,1.9522196469958994,,,30004.333333333332,38263.555555555555,4406.0,-2.133454380390377,,,4440.0,3609.3333333333335,11195.900000000001,-7.519270447217287,,,11434.283333333333,15558.761111111111,2692.32,1.9522196469958972,,,2400.346666666667,3061.0844444444447,4406.0,-2.133454380390377,,,4440.0,3609.3333333333335,18294.22,-4.828246298557691,,,18274.63,22229.17888888889
2016-10-01,B1001,234978,47808,5414,2016,10,Oct,October,Q4,2016-10,New York,USA,0.08,1.0,0.05,11748.900000000001,3824.64,5414.0,20987.54,55.980357869478745,18.223383969726797,25.79625816079445,207081.0,13.471540121981255,,,221992.33333333334,303555.5,34311.0,39.337238786395034,,,38591.0,39218.0,4312.0,25.556586270871982,,,4710.666666666667,3789.8,10354.050000000001,13.471540121981256,,,11099.616666666667,15177.775,2744.88,39.33723878639503,,,3087.28,3137.44,4312.0,25.556586270871982,,,4710.666666666667,3789.8,17410.93,20.542325998668655,,,18897.563333333335,22105.015000000003
2016-11-01,B1001,285423,34744,4338,2016,11,Nov,November,Q4,2016-11,New York,USA,0.08,1.0,0.05,14271.150000000001,2779.52,4338.0,21388.670000000002,66.72294256725641,12.995291432333097,20.281766000410496,234978.0,21.467967213951944,,,242494.0,301907.0909090909,47808.0,-27.325970548862117,,,38954.333333333336,38811.27272727273,5414.0,-19.87439970446989,,,4688.0,3839.6363636363635,11748.900000000001,21.46796721395194,,,12124.699999999999,15095.354545454547,3824.64,-27.32597054886211,,,3116.346666666667,3104.901818181818,5414.0,-19.87439970446989,,,4688.0,3839.6363636363635,20987.54,1.9112768814258412,,,19929.046666666665,22039.892727272727
2016-12-01,B1001,378691,31953,5124,2016,12,Dec,December,Q4,2016-12,New York,USA,0.08,1.0,0.05,18934.55,2556.2400000000002,5124.0,26614.79,71.14296224016796,9.604584518607888,19.252453241224146,285423.0,32.67711431804725,,,299697.3333333333,308305.75,34744.0,-8.03304167626065,,,38168.333333333336,38239.75,4338.0,18.118948824343015,,,4958.666666666667,3946.6666666666665,14271.150000000001,32.67711431804723,,,14984.866666666667,15415.2875,2779.52,-8.03304167626064,,,3053.4666666666667,3059.1800000000003,4338.0,18.118948824343015,,,4958.666666666667,3946.6666666666665,21388.670000000002,24.43405784464391,,,22997.0,22421.134166666667
2017-01-01,B1001,300012,38831,4378,2017,1,Jan,January,Q1,2017-01,New York,USA,0.088,1.1,0.055,16500.66,3417.1279999999997,4815.8,24733.588,66.71357184408505,13.815739147914972,19.470689007999972,378691.0,-20.77656981549601,281717.0,6.494105787013209,321375.3333333333,309830.3333333333,31953.0,21.525365380402466,46252.0,-16.044711580039785,35176.0,37621.333333333336,5124.0,-14.558938329430132,2187.0,100.18289894833106,4613.333333333333,4129.25,18934.55,-12.854226797045609,14085.85,17.143516365714525,16568.786666666667,15616.521666666667,2556.2400000000002,33.677901918442686,3700.16,-7.649182738043765,2917.6293333333338,3035.5939999999996,5124.0,-6.014832162373143,2187.0,120.20118884316415,4759.266666666666,4165.733333333334,26614.79,-7.06825791223602,19973.010000000002,23.835055407272097,24245.682666666664,22817.849000000002
2017-02-01,B1001,278812,29139,4833,2017,2,Feb,February,Q1,2017-02,New York,USA,0.088,1.1,0.055,15334.66,2564.232,5316.3,23215.192,66.05441815859201,11.045491245560235,22.900090595847754,300012.0,-7.066384011306215,370356.0,-24.717839052155224,319171.6666666667,302201.6666666667,38831.0,-24.959439622981638,50269.0,-42.033857844795,33307.666666666664,35860.5,4378.0,10.392873458200091,2872.0,68.27994428969359,4778.333333333333,4292.666666666667,16500.66,-7.066384011306215,18517.8,-17.189622957370744,16923.289999999997,15351.260000000002,3417.1279999999997,-24.959439622981634,4021.52,-36.2372436292745,2845.866666666667,2914.153333333333,4815.8,10.392873458200091,2872.0,85.10793871866295,5085.366666666667,4369.425,24733.588,-6.139004175213078,25411.32,-8.642321610998566,24854.523333333334,22634.838333333333
2017-03-01,B1001,291541,33016,4121,2017,3,Mar,March,Q1,2017-03,New York,USA,0.088,1.1,0.055,16034.755,2905.408,4533.1,23473.263,68.31072015850545,12.377520756274917,19.31175908521964,278812.0,4.565441946544626,363959.0,-19.89729612401397,290121.6666666667,296166.8333333333,29139.0,13.305192353889975,33456.0,-1.3151602104256337,33662.0,35823.833333333336,4833.0,-14.73205048624043,2317.0,77.85930082002591,4444.0,4443.0,15334.66,4.565441946544621,18197.95,-11.887025736415373,15956.691666666666,15170.993750000001,2564.232,13.305192353889971,2676.48,8.553323768531799,2962.256,2933.2306666666664,5316.3,-14.732050486240428,2317.0,95.6452309020285,4888.400000000001,4554.099999999999,23215.192,1.111647062837128,23191.43,1.21524632159379,23807.34766666667,22658.324416666666
2017-04-01,B1001,443616,37039,3241,2017,4,Apr,April,Q2,2017-04,New York,USA,0.088,1.1,0.055,24398.88,3259.432,3565.1000000000004,31223.412000000004,78.14290123065345,10.439064122780687,11.418034646565852,291541.0,52.16247457475964,242610.0,82.85149004575244,337989.6666666667,312917.3333333333,33016.0,12.185001211533802,50193.0,-26.206841591456975,33064.666666666664,34727.666666666664,4121.0,-21.354040281485076,3522.0,-7.978421351504828,4065.0,4419.583333333333,16034.755,52.162474574759656,12130.5,101.1366390503277,18589.431666666667,16193.35875,2905.408,12.185001211533798,4015.44,-18.827525750602682,2909.690666666667,2870.23,4533.1,-21.354040281485076,3522.0,1.223736513344701,4471.500000000001,4557.691666666667,23473.263,33.016922274504424,19667.940000000002,58.752833291132674,25970.622333333333,23621.280416666665
2017-05-01,B1001,417942,38484,5121,2017,5,May,May,Q2,2017-05,New York,USA,0.088,1.1,0.055,22986.81,3386.5919999999996,5633.1,32006.502,71.81918848863896,10.580950083204968,17.599861428156068,443616.0,-5.787437784029431,497381.0,-15.971458499621013,384366.3333333333,306297.4166666667,37039.0,3.901293231458733,27675.0,39.05691056910569,36179.666666666664,35628.416666666664,3241.0,58.0067880283863,4381.0,16.891120748687513,4161.0,4481.25,24398.88,-5.7874377840294295,24869.050000000003,-7.568604349583122,21140.148333333334,16036.505416666669,3259.432,3.9012932314587285,2214.0,52.96260162601625,3183.8106666666663,2967.946,3565.1000000000004,58.00678802838629,4381.0,28.580232823556273,4577.1,4662.033333333334,31223.412000000004,2.508021865131192,31464.050000000003,1.7240374331975616,28901.058999999997,23666.484750000003
2017-06-01,B1001,306248,48186,4858,2017,6,Jun,June,Q2,2017-06,New York,USA,0.088,1.1,0.055,16843.64,4240.3679999999995,5343.8,26427.807999999997,63.73453295861693,16.0450991622158,20.22036787916728,417942.0,-26.724760851984247,358497.0,-14.574459479437763,389268.6666666667,301943.3333333333,38484.0,25.210477081384468,46514.0,3.5946166745495978,41236.333333333336,35767.75,5121.0,-5.135715680531146,3885.0,25.045045045045043,4406.666666666667,4562.333333333333,22986.81,-26.724760851984254,17924.850000000002,-6.031905427381555,21409.77666666667,15946.404583333335,3386.5919999999996,25.210477081384468,3721.12,13.954078342004546,3628.7973333333334,3011.2166666666667,5633.1,-5.135715680531149,3885.0,37.54954954954955,4847.333333333333,4783.6,32006.502,-17.429877216823016,25530.97,3.5127455008563957,29885.907333333336,23741.221250000002
2017-07-01,B1001,327286,26522,4859,2017,7,Jul,July,Q3,2017-07,New York,USA,0.088,1.1,0.055,18000.73,2333.9359999999997,5344.900000000001,25679.566,70.09748529239162,9.088689427227859,20.81382528038052,306248.0,6.869595883075156,255058.0,28.318264865246334,350492.0,307962.3333333333,48186.0,-44.959116755904205,22048.0,20.29208998548621,37730.666666666664,36140.583333333336,4858.0,0.02058460271716756,4602.0,5.584528465884398,4946.0,4583.75,16843.64,6.869595883075156,12752.900000000001,41.15009135177095,19277.06,16383.723750000003,4240.3679999999995,-44.959116755904205,1763.8400000000001,32.321298984034804,3320.298666666666,3058.724666666667,5343.8,0.020584602717174365,4602.0,16.142981312472852,5440.6,4845.508333333334,26427.807999999997,-2.831267731323001,19118.74,34.31620493819152,28037.958666666662,24287.95675
2017-08-01,B1001,304031,39229,3103,2017,8,Aug,August,Q3,2017-08,New York,USA,0.088,1.1,0.055,16721.705,3452.1519999999996,3413.3,23587.157,70.89326195607212,14.635727400296695,14.471010643631194,327286.0,-7.105406280745282,223918.0,35.77782938397092,312521.6666666667,314638.4166666667,26522.0,47.91116808687128,33654.0,16.56563855708088,37979.0,36605.166666666664,4859.0,-36.13912327639432,4406.0,-29.573309123921927,4273.333333333333,4475.166666666667,18000.73,-7.105406280745269,11195.900000000001,49.355612322368,17188.69166666667,16844.2075,2333.9359999999997,47.91116808687128,2692.32,28.22220241278895,3342.1519999999996,3122.044,5344.900000000001,-36.13912327639432,4406.0,-22.53064003631411,4700.666666666667,4762.783333333334,25679.566,-8.148147830847297,18294.22,28.932291182679542,25231.510333333328,24729.034833333335
2017-09-01,B1001,327447,53676,5504,2017,9,Sep,September,Q3,2017-09,New York,USA,0.088,1.1,0.055,18009.585,4723.487999999999,6054.400000000001,28787.472999999998,62.56049289216876,16.408136969854908,21.03137013797634,304031.0,7.701846193315813,207081.0,58.125081489851794,319588.0,324668.9166666667,39229.0,36.827347115654234,34311.0,56.43962577599021,39809.0,38218.916666666664,3103.0,77.37673219465034,4312.0,27.643784786641927,4488.666666666667,4574.5,16721.705,7.701846193315796,10354.050000000001,73.93758963883695,17577.34,17482.16875,3452.1519999999996,36.827347115654234,2744.88,72.0835883535892,3503.191999999999,3286.928,3413.3,77.37673219465034,4312.0,40.408163265306136,4937.533333333334,4907.983333333334,23587.157,22.04723528147118,17410.93,65.34138612928774,26018.065333333332,25677.080083333334
2017-10-01,B1001,493238,50511,4098,2017,10,Oct,October,Q4,2017-10,New York,USA,0.088,1.1,0.055,27128.09,4444.968,4507.8,36080.858,75.18693153028678,12.319463134718138,12.493605334995083,327447.0,50.63139989066933,234978.0,109.90816161512993,374905.3333333333,346190.5833333333,53676.0,-5.8964900514196295,47808.0,5.653865461847389,47805.333333333336,38444.166666666664,5504.0,-25.54505813953488,5414.0,-24.307351311414852,4235.0,4464.833333333333,18009.585,50.631399890669336,11748.900000000001,130.8989777766429,20619.793333333335,18763.767916666668,4723.487999999999,-5.89649005141962,3824.64,16.21925200803213,4206.869333333333,3338.6219999999994,6054.400000000001,-25.545058139534888,5414.0,-16.738086442556334,4658.5,4832.466666666667,28787.472999999998,25.3352734364701,20987.54,71.91561278739671,29485.162666666667,26934.856583333338
2017-11-01,B1001,463735,50832,4849,2017,11,Nov,November,Q4,2017-11,New York,USA,0.088,1.1,0.055,25505.425,4473.215999999999,5333.900000000001,35312.541,72.22766835159214,12.667499628531404,15.104832019876454,493238.0,-5.98149372108394,285423.0,62.47289111248918,428140.0,361049.9166666667,50511.0,0.6355051374948031,34744.0,46.304397881648626,51673.0,39784.833333333336,4098.0,18.32601268911664,4338.0,11.779621945597048,4817.0,4507.416666666667,27128.09,-5.981493721083942,14271.150000000001,78.72018022373808,23547.7,19699.9575,4444.968,0.635505137494794,2779.52,60.93483766981347,4547.223999999999,3479.763333333333,4507.8,18.32601268911665,4338.0,22.95758414015677,5298.700000000001,4915.458333333333,36080.858,-2.129431068407527,21388.670000000002,65.09928387319079,33393.624,28095.179166666665
2017-12-01,B1001,467255,29308,4630,2017,12,Dec,December,Q4,2017-12,New York,USA,0.088,1.1,0.055,25699.025,2579.104,5093.0,33371.129,77.00975594802321,7.728548830337745,15.261695221639041,463735.0,0.7590542012140554,378691.0,23.386877427770926,474742.6666666667,368430.25,50832.0,-42.343405728674846,31953.0,-8.277782993772103,43550.333333333336,39564.416666666664,4849.0,-4.516395133017117,5124.0,-9.640905542544886,4525.666666666667,4466.25,25505.425,0.7590542012140641,18934.55,35.72556517054804,26110.846666666668,20263.66375,4473.215999999999,-42.343405728674846,2556.2400000000002,0.8944387068506704,3832.429333333333,3481.668666666666,5333.900000000001,-4.516395133017126,5124.0,-0.6049960967993755,4978.233333333334,4912.875,35312.541,-5.49779751052182,26614.79,25.38565587028866,34921.50933333333,28658.207416666668
2018-01-01,B1001,456404,53903,4130,2018,1,Jan,January,Q1,2018-01,New York,USA,0.0968,1.2100000000000002,0.0605,27612.442,5217.8104,4997.300000000001,37827.5524,72.99558191874979,13.793677013054644,13.210741068195574,467255.0,-2.3222865458903597,300012.0,52.12858152340573,462464.6666666667,381462.9166666667,29308.0,83.91906646649379,38831.0,38.81434936004739,44681.0,40820.416666666664,4630.0,-10.799136069114471,4378.0,-5.6646870717222475,4536.333333333333,4445.583333333333,25699.025,7.445484799520595,16500.66,67.3414396757463,26272.297333333336,21189.645583333335,2579.104,102.31097311314319,3417.1279999999997,52.69578429605215,4090.043466666666,3631.725533333333,5093.0,-1.8790496760258963,4815.8,3.768844221105546,5141.400000000001,4928.0,33371.129,13.354128354482702,24733.588,52.94001177669815,35503.7408,29749.371116666665
2018-02-01,B1001,444563,38619,5406,2018,2,Feb,February,Q1,2018-02,New York,USA,0.0968,1.2100000000000002,0.0605,26896.0615,3738.3192,6541.260000000001,37175.6407,72.34861590428487,10.05582991875645,17.59555417695868,456404.0,-2.594411968343836,278812.0,59.449019410929225,456074.0,395275.5,53903.0,-28.354637033189245,29139.0,32.53371769793061,40610.0,41610.416666666664,4130.0,30.895883777239707,4833.0,11.85599006828057,4722.0,4493.333333333333,27612.442,-2.594411968343833,15334.66,75.39392135202215,26735.842833333332,22153.095708333334,5217.8104,-28.35463703318925,2564.232,45.78708946772367,3845.0778666666665,3729.5661333333333,4997.300000000001,30.895883777239703,5316.3,23.041589075108647,5543.8533333333335,5030.080000000001,37827.5524,-1.7233779577025896,23215.192,60.13496980770181,36124.77403333333,30912.741841666662
2018-03-01,B1001,260066,53365,5347,2018,3,Mar,March,Q1,2018-03,New York,USA,0.0968,1.2100000000000002,0.0605,15733.993,5165.732,6469.870000000001,27369.595,57.48712394173169,18.87398041512854,23.638895643139772,444563.0,-41.50075467369079,291541.0,-10.796080139671608,387011.0,392652.5833333333,38619.0,38.18327766125482,33016.0,61.633753331717955,48629.0,43306.166666666664,5406.0,-1.0913799482056974,4121.0,29.75006066488716,4961.0,4595.5,26896.0615,-41.50075467369079,16034.755,-1.8756881536387604,23414.165500000003,22128.03220833333,3738.3192,38.18327766125483,2905.408,77.79712866488975,4707.2872,3917.9264666666663,6541.260000000001,-1.091379948205702,4533.1,42.72506673137589,6002.810000000001,5191.4775,37175.6407,-26.377610487288795,23473.263,16.59902161876686,34124.2627,31237.436175
2018-04-01,B1001,338447,38527,5671,2018,4,Apr,April,Q2,2018-04,New York,USA,0.0968,1.2100000000000002,0.0605,20476.0435,3729.4136,6861.910000000001,31067.3671,65.90852528343156,12.004279564456558,22.087195152111878,260066.0,30.138887820783957,443616.0,-23.707215249224557,347692.0,383888.5,53365.0,-27.804740935069805,37039.0,4.01738707848484,43503.666666666664,43430.166666666664,5347.0,6.059472601458761,3241.0,74.9768589941376,5474.666666666667,4798.0,15733.993,30.13888782078395,24398.88,-16.077936774147012,21035.366,21801.129166666666,5165.732,-27.804740935069805,3259.432,14.419125786333328,4211.154933333333,3957.0915999999997,6469.870000000001,6.0594726014587605,3565.1000000000004,92.47454489355138,6624.346666666667,5466.211666666667,27369.595,13.510510842414725,31223.412000000004,-0.49976889136909314,31870.8676,31224.43243333333
2018-05-01,B1001,353209,49063,6062,2018,5,May,May,Q2,2018-05,New York,USA,0.0968,1.2100000000000002,0.0605,21369.1445,4749.2984,7335.020000000001,33453.4629,63.87722719132912,14.196731782885172,21.926041025785707,338447.0,4.361687354297718,417942.0,-15.488512760143752,317240.6666666667,378494.0833333333,38527.0,27.347055311859215,38484.0,27.489346221806464,46985.0,44311.75,5671.0,6.894727561276672,5121.0,18.375317320835773,5693.333333333333,4876.416666666667,20476.0435,4.361687354297713,22986.81,-7.037364036158139,19193.06033333333,21666.323708333333,3729.4136,27.347055311859215,3386.5919999999996,40.23828084398712,4548.148,4070.6504666666665,6861.910000000001,6.894727561276678,5633.1,30.212849052919367,6888.933333333334,5608.038333333334,31067.3671,7.680392716639315,32006.502,4.52083423549377,30630.141666666666,31345.01250833333
2018-06-01,B1001,491078,37307,5159,2018,6,Jun,June,Q2,2018-06,New York,USA,0.0968,1.2100000000000002,0.0605,29710.218999999997,3611.3176,6242.390000000001,39563.9266,75.09421221097907,9.127803811060552,15.777983977960371,353209.0,39.03326359181108,306248.0,60.353047203573574,394244.6666666667,393896.5833333333,49063.0,-23.961029696512647,48186.0,-22.577097082140043,41632.333333333336,43405.166666666664,6062.0,-14.89607390300231,4858.0,6.195965417867435,5630.666666666667,4901.5,21369.1445,39.03326359181108,16843.64,76.38835192393091,23851.80233333333,22738.538625,4749.2984,-23.961029696512647,4240.3679999999995,-14.834806790354039,4030.0098666666668,4018.229599999999,7335.020000000001,-14.896073903002307,5343.8,16.8155619596542,6813.1066666666675,5682.920833333334,33453.4629,18.26556407109651,26427.807999999997,49.70566836265801,34694.91886666667,32439.68905833333
2018-07-01,B1001,276989,47635,5559,2018,7,Jul,July,Q3,2018-07,New York,USA,0.0968,1.2100000000000002,0.0605,16757.8345,4611.068,6726.390000000001,28095.292500000003,59.64641407452868,16.412244150866197,23.941341774605124,491078.0,-43.59572206451928,327286.0,-15.367904523872086,373758.6666666667,389705.1666666667,37307.0,27.683812689307636,26522.0,79.60561043661866,44668.333333333336,45164.583333333336,5159.0,7.753440589261484,4859.0,14.406256431364477,5593.333333333333,4959.833333333333,29710.218999999997,-43.59572206451928,18000.73,-6.904694976259289,22612.399333333335,22634.963999999996,3611.3176,27.683812689307647,2333.9359999999997,97.56617148028056,4323.894666666666,4207.9906,6242.390000000001,7.753440589261483,5344.900000000001,25.846882074500936,6767.933333333334,5798.045000000001,39563.9266,-28.987603318422888,25679.566,9.407193641824026,33704.227333333336,32640.9996
2018-08-01,B1001,287796,28967,3996,2018,8,Aug,August,Q3,2018-08,New York,USA,0.0968,1.2100000000000002,0.0605,17411.658,2804.0056,4835.160000000001,25050.8236,69.5053315532508,11.193267114778612,19.301401331970585,276989.0,3.901598980464928,304031.0,-5.339915995408362,351954.3333333333,388352.25,47635.0,-39.18967146006088,39229.0,-26.159218945168117,37969.666666666664,44309.416666666664,5559.0,-28.116567728008633,3103.0,28.778601353528842,4904.666666666667,5034.25,16757.8345,3.9015989804649194,16721.705,4.126092405050787,21293.23716666667,22692.460083333335,4611.068,-39.18967146006088,3452.1519999999996,-18.775140839684916,3675.4637333333335,4153.9784,6726.390000000001,-28.116567728008633,3413.3,41.65646148888174,5934.646666666667,5916.533333333334,28095.292500000003,-10.836224253582706,23587.157,6.205354040760404,30903.347566666667,32762.971816666668
2018-09-01,B1001,343041,35897,5964,2018,9,Sep,September,Q3,2018-09,New York,USA,0.0968,1.2100000000000002,0.0605,20753.980499999998,3474.8296,7216.440000000001,31445.2501,66.00036709518808,11.050411712260479,22.949221192551434,287796.0,19.19588875453446,327447.0,4.762297409962528,302608.6666666667,389651.75,28967.0,23.923775330548555,53676.0,-33.12281093971235,37499.666666666664,42827.833333333336,3996.0,49.249249249249246,5504.0,8.357558139534884,5173.0,5072.583333333333,17411.658,19.195888754534455,18009.585,15.238527150958776,18307.824333333334,22921.159708333333,2804.0056,23.92377533054856,4723.487999999999,-26.43509203368357,3629.967733333333,4049.923533333333,4835.160000000001,49.24924924924925,6054.400000000001,19.193313953488385,6259.330000000001,6013.370000000002,25050.8236,25.525813450700284,28787.472999999998,9.232408485454778,28197.122066666667,32984.45324166667
2018-10-01,B1001,477890,40897,6293,2018,10,Oct,October,Q4,2018-10,New York,USA,0.0968,1.2100000000000002,0.0605,28912.344999999998,3958.8296,7614.530000000002,40485.7046,71.41371327399351,9.77833938945452,18.807947336551976,343041.0,39.30987841103541,493238.0,-3.1116823926785853,369575.6666666667,388372.75,35897.0,13.92874056327827,50511.0,-19.033477856308526,35253.666666666664,42026.666666666664,5964.0,5.516431924882629,4098.0,53.56271351878965,5417.666666666667,5255.5,20753.980499999998,39.30987841103542,27128.09,6.577149368053546,22359.327833333333,23069.847625,3474.8296,13.92874056327827,4444.968,-10.936825641939375,3412.5549333333333,4009.4120000000003,7216.440000000001,5.51643192488263,4507.8,68.91898487066864,6555.376666666668,6272.264166666668,31445.2501,28.74982539890817,36080.858,12.208264559562295,32327.259433333336,33351.52379166667
2018-11-01,B1001,286891,31598,5394,2018,11,Nov,November,Q4,2018-11,New York,USA,0.0968,1.2100000000000002,0.0605,17356.9055,3058.6864,6526.740000000001,26942.3319,64.42243219489104,11.352715909494085,24.224851895614872,477890.0,-39.96714725145954,463735.0,-38.134710556675685,369274.0,373635.75,40897.0,-22.737609115583048,50832.0,-37.83836953100409,36130.666666666664,40423.833333333336,6293.0,-14.285714285714285,4849.0,11.239430810476387,5883.666666666667,5300.916666666667,28912.344999999998,-39.96714725145954,25505.425,-31.94818161234325,22341.077,22390.804333333333,3958.8296,-22.737609115583048,4473.215999999999,-31.622206484104492,3497.4485333333337,3891.5345333333335,7614.530000000002,-14.285714285714294,5333.900000000001,22.363373891524027,7119.236666666668,6371.6675000000005,40485.7046,-33.45223414982877,35312.541,-23.703219487943382,32957.7622,32654.00636666667
2018-12-01,B1001,236592,53307,6628,2018,12,Dec,December,Q4,2018-12,New York,USA,0.0968,1.2100000000000002,0.0605,14313.815999999999,5160.1176,8019.880000000001,27493.813599999998,52.06195185668968,18.768286113644127,29.169762029666202,286891.0,-17.53244263500772,467255.0,-49.365549860354626,333791.0,354413.8333333333,31598.0,68.7037154250269,29308.0,81.88549201583186,41934.0,42423.75,5394.0,22.877271041898407,4630.0,43.15334773218142,6105.0,5467.416666666667,17356.9055,-17.53244263500773,25699.025,-44.302104846390094,20194.355499999998,21442.036916666668,3058.6864,68.70371542502689,2579.104,100.07404121741503,4059.2112,4106.619,6526.740000000001,22.87727104189841,5093.0,57.46868250539959,7387.05,6615.574166666668,26942.3319,2.0468966904828183,33371.129,-17.611976508196662,31640.616699999995,32164.230083333332
2019-01-01,B1001,378981,48636,6010,2019,1,Jan,January,Q1,2019-01,New York,USA,0.10648,1.3310000000000004,0.06655,25221.18555,5178.761280000001,7999.310000000002,38399.256830000006,65.68144186138404,13.486618511726025,20.831939626889913,236592.0,60.18335362142423,456404.0,-16.963698828231127,300821.3333333333,347961.9166666667,53307.0,-8.762451460408577,53903.0,-9.771255774261173,44513.666666666664,41984.833333333336,6628.0,-9.324079662039832,4130.0,45.52058111380145,6010.666666666667,5624.083333333333,14313.815999999999,76.20168898356665,27612.442,-8.660068711054244,18963.969016666666,21242.765545833332,5160.1176,0.36130339355058577,5217.8104,-0.7483813516872838,4465.855093333333,4103.364906666667,8019.880000000001,-0.2564876282437991,4997.300000000001,60.07263922518161,7515.310000000001,6865.741666666669,27493.813599999998,39.66508025645453,37827.5524,1.5113439641947473,30945.134110000003,32211.872119166666
2019-02-01,B1001,443639,57211,4186,2019,2,Feb,February,Q1,2019-02,New York,USA,0.10648,1.3310000000000004,0.06655,29524.17545,6091.82728,5571.566000000002,41187.56873,71.68224869873255,14.79045126439538,13.527300036872075,378981.0,17.06101361281964,444563.0,-0.2078445574642964,353070.6666666667,347884.9166666667,48636.0,17.63097294185377,38619.0,48.142106217147,53051.333333333336,43534.166666666664,6010.0,-30.349417637271216,5406.0,-22.56751757306696,5608.0,5522.416666666667,25221.18555,17.061013612819643,26896.0615,9.77137098678927,23019.725666666665,21461.775041666664,5178.761280000001,17.630972941853766,3738.3192,62.95631683886172,5476.902053333334,4299.490580000001,7999.310000000002,-30.349417637271216,6541.260000000001,-14.82426933037365,7196.918666666668,6784.9338333333335,38399.256830000006,7.261369438331375,37175.6407,10.791819466880083,35693.54638666666,32546.199455000005
2019-03-01,B1001,488834,46358,7091,2019,3,Mar,March,Q1,2019-03,New York,USA,0.10648,1.3310000000000004,0.06655,32531.9027,4936.19984,9438.121000000003,46906.223540000006,69.35519477976716,10.523549899067401,20.121255321165428,443639.0,10.187337001480934,260066.0,87.96536263871478,437151.3333333333,366948.9166666667,57211.0,-18.97012812221426,53365.0,-13.13032886723508,50735.0,42950.25,4186.0,69.39799331103679,5347.0,32.61642042266691,5762.333333333333,5667.75,29524.17545,10.187337001480934,15733.993,106.76189890258625,29092.42123333333,22861.60085,6091.82728,-18.970128122214263,5165.732,-4.443361753958582,5402.2628,4280.3629,5571.566000000002,69.39799331103679,6469.870000000001,45.878062464933635,7669.665666666669,7032.288083333336,41187.56873,13.88441946522248,27369.595,71.38077322664074,42164.3497,34174.251833333336
2019-04-01,B1001,393234,49235,4956,2019,4,Apr,April,Q2,2019-04,New York,USA,0.10648,1.3310000000000004,0.06655,26169.7227,5242.5428,6596.436000000002,38008.7015,68.85192513088087,13.793006846077075,17.355068023042044,488834.0,-19.556741143210168,338447.0,16.1877635198421,441902.3333333333,371514.5,46358.0,6.206048578454635,38527.0,27.79349547070885,50934.666666666664,43842.583333333336,7091.0,-30.108588351431393,5671.0,-12.608005642743784,5411.0,5608.166666666667,32531.9027,-19.55674114321017,20476.0435,27.80653987182631,29408.600283333333,23336.074116666667,4936.19984,6.206048578454634,3729.4136,40.57284501777975,5423.523306666667,4406.456999999999,9438.121000000003,-30.108588351431386,6861.910000000001,-3.8688062070181375,7202.041000000002,7010.165250000002,46906.223540000006,-18.96874522932443,31067.3671,22.34284732805698,42034.16459000001,34752.69636666667
2019-05-01,B1001,455376,34736,7213,2019,5,May,May,Q2,2019-05,New York,USA,0.10648,1.3310000000000004,0.06655,30305.2728,3698.68928,9600.503000000002,43604.46508,69.50038888081687,8.482363613942079,22.017247505241045,393234.0,15.802804437052748,353209.0,28.925367133906555,445814.6666666667,380028.4166666667,49235.0,-29.448563014115976,49063.0,-29.20123107025661,43443.0,42648.666666666664,4956.0,45.54075867635189,6062.0,18.987132959419334,6420.0,5704.083333333333,26169.7227,15.80280443705275,21369.1445,41.81790384729721,29668.966066666664,24080.751474999997,5242.5428,-29.448563014115976,4749.2984,-22.121354177282264,4625.810640000001,4318.906239999999,6596.436000000002,45.54075867635188,7335.020000000001,30.885846255361276,8545.020000000002,7198.955500000001,38008.7015,14.722322413461027,33453.4629,30.343651449010387,42839.79670666667,35598.613215
2019-06-01,B1001,502128,39206,5801,2019,6,Jun,June,Q2,2019-06,New York,USA,0.10648,1.3310000000000004,0.06655,33416.6184,4174.65488,7721.131000000002,45312.40428,73.74717570382694,9.21305092134034,17.03977337483272,455376.0,10.266680720986614,491078.0,2.250151707060793,450246.0,380949.25,34736.0,12.868493781667434,37307.0,5.0901975500576295,41059.0,42806.916666666664,7213.0,-19.575765978095106,5159.0,12.444272145764684,5990.0,5757.583333333333,30305.2728,10.266680720986615,29710.218999999997,12.47516687776688,29963.8713,24389.618091666664,3698.68928,12.868493781667434,3611.3176,15.599217305063398,4371.962320000001,4365.851013333334,9600.503000000002,-19.575765978095106,6242.390000000001,23.68869936034116,7972.690000000002,7322.183916666669,43604.46508,3.916890613992141,39563.9266,14.529593430193058,42308.52362,36077.653021666665
2019-07-01,B1001,479577,31398,5183,2019,7,Jul,July,Q3,2019-07,New York,USA,0.10648,1.3310000000000004,0.06655,31915.84935,3343.2590400000004,6898.573000000002,42157.681390000005,75.7058934402654,7.930367443767998,16.3637391159666,502128.0,-4.491085938246822,276989.0,73.13936654524187,479027.0,397831.5833333333,39206.0,-19.915319083813703,47635.0,-34.086281095832895,35113.333333333336,41453.833333333336,5801.0,-10.653335631787623,5559.0,-6.763806440007196,6065.666666666667,5726.25,33416.6184,-4.491085938246819,16757.8345,90.45330319976604,31879.24685,25652.785995833332,4174.65488,-19.915319083813692,4611.068,-27.494909205416178,3738.867733333334,4260.200266666667,7721.131000000002,-10.65333563178762,6726.390000000001,2.559812915992098,8073.402333333336,7336.532500000001,45312.40428,-6.962161774744822,28095.292500000003,50.05247370177762,43691.51691666667,37249.5187625
2019-08-01,B1001,363813,52722,6412,2019,8,Aug,August,Q3,2019-08,New York,USA,0.10648,1.3310000000000004,0.06655,24211.75515,5613.83856,8534.372000000003,38359.965710000004,63.11724919943886,14.634628723186102,22.248122077375033,479577.0,-24.13877229308328,287796.0,26.413501230037944,448506.0,404166.3333333333,31398.0,67.91515383145423,28967.0,82.00711154071875,41108.666666666664,43433.416666666664,5183.0,23.712135828670654,3996.0,60.46046046046046,5798.666666666667,5927.583333333333,31915.84935,-24.138772293083278,17411.658,39.05485135304175,29848.074299999997,26219.46075833333,3343.2590400000004,67.91515383145422,2804.0056,100.20782269479062,4377.250826666667,4494.353013333333,6898.573000000002,23.71213582867066,4835.160000000001,76.50650650650654,7718.025333333336,7644.800166666668,42157.681390000005,-9.008359935328029,25050.8236,53.1285610505836,41943.35046000001,38358.613938333336
2019-09-01,B1001,445372,33686,7351,2019,9,Sep,September,Q3,2019-09,New York,USA,0.10648,1.3310000000000004,0.06655,29639.5066,3586.88528,9784.181000000002,43010.57288000001,68.91214093496166,8.339543139793676,22.74831592524466,363813.0,22.4178355363882,343041.0,29.830545036890634,429587.3333333333,412693.9166666667,52722.0,-36.10636925761542,35897.0,-6.159289077081651,39268.666666666664,43249.166666666664,6412.0,14.644416718652526,5964.0,23.256203890006706,6315.333333333333,6043.166666666667,24211.75515,22.417835536388196,20753.980499999998,42.813599540579716,28589.037033333338,26959.921266666668,5613.83856,-36.10636925761542,3474.8296,3.2247820152101827,4181.327626666667,4503.690986666667,8534.372000000003,14.644416718652515,7216.440000000001,35.581824279007385,8405.708666666671,7858.7785833333355,38359.965710000004,12.123595743433219,31445.2501,36.77923611108441,41176.07332666667,39322.390836666666
2019-10-01,B1001,324504,36415,6657,2019,10,Oct,October,Q4,2019-10,New York,USA,0.10648,1.3310000000000004,0.06655,21595.7412,3877.4692,8860.467000000002,34333.6774,62.89958674802484,11.293486435566031,25.80692681640913,445372.0,-27.138661613213223,477890.0,-32.09650756450229,377896.3333333333,399911.75,33686.0,8.101288369055395,40897.0,-10.959239063990024,40941.0,42875.666666666664,7351.0,-9.440892395592435,6293.0,5.784204671857619,6806.666666666667,6073.5,29639.5066,-27.138661613213223,28912.344999999998,-25.306158320952516,25149.00098333333,26350.204283333336,3586.88528,8.101288369055396,3958.8296,-2.0551629703890266,4359.39768,4496.910953333333,9784.181000000002,-9.440892395592433,7614.530000000002,16.362625139043388,9059.673333333336,7962.606666666669,43010.57288000001,-20.173866328655155,40485.7046,-15.195554235210215,38568.07199666667,38809.72190333333
2019-11-01,B1001,339059,44054,4670,2019,11,Nov,November,Q4,2019-11,New York,USA,0.10648,1.3310000000000004,0.06655,22564.37645,4690.86992,6215.770000000002,33471.016370000005,67.41467364051842,14.014722075199412,18.570604284282155,324504.0,4.485306806695758,286891.0,18.18390956844237,369645.0,404259.0833333333,36415.0,20.97761911300288,31598.0,39.4202164693968,38051.666666666664,43913.666666666664,6657.0,-29.848280006008714,5394.0,-13.422321097515757,6226.0,6013.166666666667,21595.7412,4.485306806695754,17356.9055,30.0023005252866,24599.87475,26784.160195833334,3877.4692,20.977619113002884,3058.6864,53.36223811633648,4051.7414666666664,4632.926246666667,8860.467000000002,-29.848280006008704,6526.740000000001,-4.764553207267309,8286.806000000002,7936.692500000004,34333.6774,-2.512579762283185,26942.3319,24.232069051157385,36938.422216666666,39353.7789425
2019-12-01,B1001,318295,57947,4989,2019,12,Dec,December,Q4,2019-12,New York,USA,0.10648,1.3310000000000004,0.06655,21182.53225,6170.19656,6640.359000000002,33993.087810000005,62.314233906601956,18.151327100637403,19.534438992760634,339059.0,-6.1240079160264145,236592.0,34.53328937580307,327286.0,411067.6666666667,44054.0,31.536296363553824,53307.0,8.704297747012587,46138.666666666664,44300.333333333336,4670.0,6.830835117773019,6628.0,-24.728424864212432,5438.666666666667,5876.583333333333,22564.37645,-6.124007916026413,14313.815999999999,47.98661831338339,21780.8833,27356.553216666667,4690.86992,31.536296363553824,5160.1176,19.57472752171386,4912.845226666667,4717.099493333334,6215.770000000002,6.830835117773015,8019.880000000001,-17.20126735063366,7238.865333333335,7821.732416666669,33471.016370000005,1.5597716968879711,27493.813599999998,23.6390422389421,33932.59386,39895.38512666667
2016-01-01,B1002,259530,41091,3173,2016,1,Jan,January,Q1,2016-01,New York,USA,0.08,1.0,0.05,12976.5,3287.28,3173.0,19436.78,66.76260162434313,16.912677922989303,16.324720452667574,,,,,259530.0,259530.0,,,,,41091.0,41091.0,,,,,3173.0,3173.0,,,,,12976.5,12976.5,,,,,3287.28,3287.28,,,,,3173.0,3173.0,,,,,19436.78,19436.78
2016-02-01,B1002,231200,38796,4414,2016,2,Feb,February,Q1,2016-02,New York,USA,0.08,1.0,0.05,11560.0,3103.6800000000003,4414.0,19077.68,60.59436996532072,16.2686448247376,23.136985209941667,259530.0,-10.915886410048934,,,245365.0,245365.0,41091.0,-5.585164634591516,,,39943.5,39943.5,3173.0,39.11125118184683,,,3793.5,3793.5,12976.5,-10.915886410048934,,,12268.25,12268.25,3287.28,-5.585164634591513,,,3195.4800000000005,3195.4800000000005,3173.0,39.11125118184683,,,3793.5,3793.5,19436.78,-1.8475282428468016,,,19257.23,19257.23
2016-03-01,B1002,424409,26934,2160,2016,3,Mar,March,Q1,2016-03,New York,USA,0.08,1.0,0.05,21220.45,2154.7200000000003,2160.0,25535.170000000002,83.1028342478237,8.438244194183945,8.458921557992369,231200.0,83.56790657439447,,,305046.3333333333,305046.3333333333,38796.0,-30.575317042994122,,,35607.0,35607.0,4414.0,-51.064793837788855,,,3249.0,3249.0,11560.0,83.56790657439447,,,15252.316666666666,15252.316666666666,3103.6800000000003,-30.575317042994122,,,2848.56,2848.56,4414.0,-51.064793837788855,,,3249.0,3249.0,19077.68,33.84840295046359,,,21349.876666666667,21349.876666666667
2016-04-01,B1002,488203,38987,4520,2016,4,Apr,April,Q2,2016-04,New York,USA,0.08,1.0,0.05,24410.15,3118.96,4520.0,32049.11,76.16482953816815,9.73181470561897,14.103355756212888,424409.0,15.031255227858034,,,381270.6666666667,350835.5,26934.0,44.75012994727853,,,34905.666666666664,36452.0,2160.0,109.25925925925925,,,3698.0,3566.75,21220.45,15.031255227858036,,,19063.533333333336,17541.775,2154.7200000000003,44.750129947278516,,,2792.4533333333334,2916.1600000000003,2160.0,109.25925925925925,,,3698.0,3566.75,25535.170000000002,25.50967939512444,,,25553.986666666668,24024.685
2016-05-01,B1002,216109,39647,2735,2016,5,May,May,Q2,2016-05,New York,USA,0.08,1.0,0.05,10805.45,3171.76,2735.0,16712.21,64.65602095713254,18.97869880763825,16.365280235229214,488203.0,-55.73378287310812,,,376240.3333333333,323890.2,38987.0,1.6928719829686818,,,35189.333333333336,37091.0,4520.0,-39.491150442477874,,,3138.3333333333335,3400.4,24410.15,-55.73378287310812,,,18812.016666666666,16194.51,3118.96,1.6928719829686876,,,2815.146666666667,2967.28,4520.0,-39.491150442477874,,,3138.3333333333335,3400.4,32049.11,-47.854370995013596,,,24765.49666666667,22562.19
2016-06-01,B1002,216537,49269,3949,2016,6,Jun,June,Q2,2016-06,New York,USA,0.08,1.0,0.05,10826.85,3941.52,3949.0,18717.370000000003,57.843863747951765,21.058086686323986,21.098049565724242,216109.0,0.19804820715472288,,,306949.6666666667,305998.0,39647.0,24.269175473554114,,,42634.333333333336,39120.666666666664,2735.0,44.38756855575868,,,3734.6666666666665,3491.8333333333335,10805.45,0.1980482071547195,,,15347.483333333335,15299.900000000001,3171.76,24.269175473554107,,,3410.7466666666674,3129.6533333333336,2735.0,44.38756855575868,,,3734.6666666666665,3491.8333333333335,16712.21,11.998173790300646,,,22492.896666666667,21921.38666666667
2016-07-01,B1002,266818,42219,4056,2016,7,Jul,July,Q3,2016-07,New York,USA,0.08,1.0,0.05,13340.900000000001,3377.52,4056.0,20774.420000000002,64.21791799722929,16.258071224130443,19.524010778640267,216537.0,23.22051196793158,,,233154.66666666666,300400.85714285716,49269.0,-14.309200511477805,,,43711.666666666664,39563.28571428572,3949.0,2.709546720688782,,,3580.0,3572.4285714285716,10826.85,23.220511967931586,,,11657.733333333335,15020.042857142858,3941.52,-14.309200511477805,,,3496.933333333333,3165.0628571428574,3949.0,2.709546720688782,,,3580.0,3572.4285714285716,18717.370000000003,10.990058966617635,,,18734.666666666668,21757.534285714286
2016-08-01,B1002,395586,35793,2424,2016,8,Aug,August,Q3,2016-08,New York,USA,0.08,1.0,0.05,19779.300000000003,2863.44,2424.0,25066.74,78.90655107126017,11.423264453215696,9.67018447552414,266818.0,48.260612102631754,,,292980.3333333333,312299.0,42219.0,-15.22063525900661,,,42427.0,39092.0,4056.0,-40.23668639053255,,,3476.3333333333335,3428.875,13340.900000000001,48.26061210263176,,,14649.016666666668,15614.95,3377.52,-15.220635259006606,,,3394.16,3127.36,4056.0,-40.23668639053255,,,3476.3333333333335,3428.875,20774.420000000002,20.661563595999308,,,21519.510000000006,22171.185
2016-09-01,B1002,370185,24478,4326,2016,9,Sep,September,Q3,2016-09,New York,USA,0.08,1.0,0.05,18509.25,1958.24,4326.0,24793.49,74.65366916880197,7.8982023103645345,17.448128520833492,395586.0,-6.421106914804872,,,344196.3333333333,318730.77777777775,35793.0,-31.612326432542677,,,34163.333333333336,37468.22222222222,2424.0,78.46534653465346,,,3602.0,3528.5555555555557,19779.300000000003,-6.421106914804886,,,17209.81666666667,15936.53888888889,2863.44,-31.612326432542677,,,2733.066666666667,2997.457777777778,2424.0,78.46534653465346,,,3602.0,3528.5555555555557,25066.74,-1.090089896013602,,,23544.88333333333,22462.55222222222
2016-10-01,B1002,331388,43291,4083,2016,10,Oct,October,Q4,2016-10,New York,USA,0.08,1.0,0.05,16569.4,3463.28,4083.0,24115.68,68.70799413493629,14.36111276978298,16.930893095280748,370185.0,-10.480435457946701,,,365719.6666666667,319996.5,24478.0,76.85676934390064,,,34520.666666666664,38050.5,4326.0,-5.617198335644938,,,3611.0,3584.0,18509.25,-10.480435457946696,,,18285.983333333337,15999.825,1958.24,76.85676934390065,,,2761.653333333333,3044.04,4326.0,-5.617198335644938,,,3611.0,3584.0,24793.49,-2.733822467107298,,,24658.63666666667,22627.865
2016-11-01,B1002,223897,40455,3564,2016,11,Nov,November,Q4,2016-11,New York,USA,0.08,1.0,0.05,11194.85,3236.4,3564.0,17995.25,62.21002764618441,17.984745974632197,19.805226379183395,331388.0,-32.436599997585915,,,308490.0,311260.1818181818,43291.0,-6.551015222563581,,,36074.666666666664,38269.09090909091,4083.0,-12.711241734019104,,,3991.0,3582.181818181818,16569.4,-32.436599997585915,,,15424.500000000002,15563.009090909092,3463.28,-6.551015222563585,,,2885.9733333333334,3061.527272727273,4083.0,-12.711241734019104,,,3991.0,3582.181818181818,24115.68,-25.379462656661563,,,22301.47333333333,22206.718181818185
2016-12-01,B1002,502349,52346,4266,2016,12,Dec,December,Q4,2016-12,New York,USA,0.08,1.0,0.05,25117.45,4187.68,4266.0,33571.130000000005,74.81860157820125,12.474051364967458,12.707347056831269,223897.0,124.36611477599075,,,352544.6666666667,327184.25,40455.0,29.39315288592263,,,45364.0,39442.166666666664,3564.0,19.696969696969695,,,3971.0,3639.1666666666665,11194.85,124.36611477599075,,,17627.233333333334,16359.212500000001,3236.4,29.393152885922635,,,3629.1200000000003,3155.3733333333334,3564.0,19.696969696969695,,,3971.0,3639.1666666666665,17995.25,86.55550770342177,,,25227.353333333333,23153.752500000002
2017-01-01,B1002,434737,37719,3255,2017,1,Jan,January,Q1,2017-01,New York,USA,0.088,1.1,0.055,23910.535,3319.272,3580.5000000000005,30810.307,77.60563697077086,10.773251951043525,11.621111078185622,502349.0,-13.459168824860804,259530.0,67.50934381381728,386994.3333333333,341784.8333333333,52346.0,-27.942918274557748,41091.0,-8.206176535007666,43506.666666666664,39161.166666666664,4266.0,-23.69901547116737,3173.0,2.5843050740624016,3695.0,3646.0,25117.45,-4.805085707346888,12976.5,84.260278195199,20074.278333333335,17270.382083333334,4187.68,-20.73721010201353,3287.28,0.9732058114915595,3581.117333333333,3158.0393333333336,4266.0,-16.068917018284097,3173.0,12.842735581468656,3803.5,3673.125,33571.130000000005,-8.223801224444943,19436.78,58.5154897055994,27458.895666666667,24101.546416666668
2017-02-01,B1002,316167,44160,4315,2017,2,Feb,February,Q1,2017-02,New York,USA,0.088,1.1,0.055,17389.185,3886.08,4746.5,26021.765,66.8255400815433,14.933960090716367,18.240499827740354,434737.0,-27.27396103851294,231200.0,36.75043252595156,417751.0,348865.4166666667,37719.0,17.076274556589517,38796.0,13.826167646149088,44741.666666666664,39608.166666666664,3255.0,32.565284178187405,4414.0,-2.242863615768011,3945.3333333333335,3637.75,23910.535,-27.273961038512933,11560.0,50.425475778546726,22139.05666666667,17756.147500000003,3319.272,17.076274556589517,3103.6800000000003,25.208784410763986,3797.677333333333,3223.2393333333334,3580.5000000000005,32.56528417818739,4414.0,7.532850022655188,4197.666666666667,3700.8333333333335,30810.307,-15.542013261990546,19077.68,36.399001346075615,30134.40066666667,24680.220166666666
2017-03-01,B1002,302640,25906,4903,2017,3,Mar,March,Q1,2017-03,New York,USA,0.088,1.1,0.055,16645.2,2279.728,5393.3,24318.228,68.44742141573803,9.374564626995028,22.178013957266955,316167.0,-4.278435130801127,424409.0,-28.691427373123567,351181.3333333333,338718.0,44160.0,-41.33605072463768,26934.0,-3.816737209475013,35928.333333333336,39522.5,4315.0,13.626882966396291,2160.0,126.99074074074075,4157.666666666667,3866.3333333333335,17389.185,-4.27843513080113,21220.45,-21.560570110435922,19314.97333333333,17374.876666666667,3886.08,-41.33605072463768,2154.7200000000003,5.801589069577476,3161.693333333333,3233.656666666667,4746.5,13.626882966396295,2160.0,149.68981481481484,4573.433333333333,3970.275,26021.765,-6.546585137480107,25535.170000000002,-4.7657485734381355,27050.100000000002,24578.808333333334
2017-04-01,B1002,372563,39344,4306,2017,4,Apr,April,Q2,2017-04,New York,USA,0.088,1.1,0.055,20490.965,3462.272,4736.6,28689.837,71.42238207906165,12.067938901151653,16.509679019786695,302640.0,23.104348400740154,488203.0,-23.68686796271223,330456.6666666667,329081.3333333333,25906.0,51.87215316915,38987.0,0.9156898453330597,36470.0,39552.25,4903.0,-12.17621864164797,4520.0,-4.734513274336283,4508.0,3848.5,16645.2,23.10434840074015,24410.15,-16.055554758983458,18175.116666666665,17048.27791666667,2279.728,51.872153169149996,3118.96,11.007258829866363,3209.36,3262.266,5393.3,-12.176218641647967,4520.0,4.792035398230097,4958.8,3988.3250000000003,24318.228,17.97667576765873,32049.11,-10.481642079920475,26343.27666666667,24298.868916666663
2017-05-01,B1002,433014,41338,5807,2017,5,May,May,Q2,2017-05,New York,USA,0.088,1.1,0.055,23815.77,3637.7439999999997,6387.700000000001,33841.214,70.37504623799845,10.749448882064335,18.87550487993723,372563.0,16.2257121614331,216109.0,100.3683326469513,369405.6666666667,347156.75,39344.0,5.068117120780805,39647.0,4.2651398592579515,35529.333333333336,39693.166666666664,4306.0,34.858337203901534,2735.0,112.3217550274223,5005.333333333333,4104.5,20490.965,16.2257121614331,10805.45,120.40516591164644,20317.311666666665,18132.47125,3462.272,5.068117120780799,3171.76,14.691653845183728,3126.581333333333,3301.098,4736.6,34.85833720390154,2735.0,133.55393053016456,5505.866666666668,4292.716666666666,28689.837,17.955406996561187,16712.21,102.49394903486733,28949.759666666665,25726.28591666667
2017-06-01,B1002,288169,43250,5487,2017,6,Jun,June,Q2,2017-06,New York,USA,0.088,1.1,0.055,15849.295,3806.0,6035.700000000001,25690.995,61.69202477366097,14.814529371088975,23.493445855250066,433014.0,-33.4504196169177,216537.0,33.08072061587627,364582.0,353126.0833333333,41338.0,4.625284242101698,49269.0,-12.216606791288639,41310.666666666664,39191.583333333336,5807.0,-5.510590666437059,3949.0,38.946568751582674,5200.0,4232.666666666667,23815.77,-33.4504196169177,10826.85,46.38879267746389,20052.010000000002,18551.008333333335,3637.7439999999997,4.625284242101707,3941.52,-3.4382674704175034,3635.3386666666665,3289.804666666667,6387.700000000001,-5.510590666437058,3949.0,52.841225626740965,5720.000000000001,4466.608333333334,33841.214,-24.083707517112128,18717.370000000003,37.25750466010981,29407.34866666666,26307.421333333335
2017-07-01,B1002,416264,25068,5473,2017,7,Jul,July,Q3,2017-07,New York,USA,0.088,1.1,0.055,22894.52,2205.984,6020.3,31120.804,73.5666083691154,7.088454398543173,19.344937232341426,288169.0,44.451346258619076,266818.0,56.01046406164502,379149.0,365579.9166666667,43250.0,-42.0393063583815,42219.0,-40.62388971789952,36552.0,37762.333333333336,5487.0,-0.25514853289593586,4056.0,34.93589743589743,5589.0,4350.75,15849.295,44.451346258619076,13340.900000000001,71.61151046780951,20853.195,19347.143333333333,3806.0,-42.03930635838151,3377.52,-34.68627868968947,3216.5759999999996,3192.1766666666663,6035.700000000001,-0.25514853289594486,4056.0,48.42948717948718,6147.900000000001,4630.3,25690.995,21.13506697580223,20774.420000000002,49.80347947138836,30217.671,27169.62
2017-08-01,B1002,434191,40757,4832,2017,8,Aug,August,Q3,2017-08,New York,USA,0.088,1.1,0.055,23880.505,3586.616,5315.200000000001,32782.320999999996,72.84568106083765,10.940701849634138,16.213617089528228,416264.0,4.306641938769627,395586.0,9.758939901816547,379541.3333333333,368797.0,25068.0,62.58576671453646,35793.0,13.868633531696142,36358.333333333336,38176.0,5473.0,-11.712040928192948,2424.0,99.33993399339934,5264.0,4551.416666666667,22894.52,4.306641938769629,19779.300000000003,20.734833891998186,20874.773333333334,19688.91041666667,2205.984,62.58576671453646,2863.44,25.255496884865753,3199.5333333333333,3252.4413333333328,6020.3,-11.712040928192938,2424.0,119.2739273927393,5790.400000000001,4871.233333333334,31120.804,5.3389269763081835,25066.74,30.780153302742974,29864.706666666665,27812.585083333335
2017-09-01,B1002,231127,29900,4384,2017,9,Sep,September,Q3,2017-09,New York,USA,0.088,1.1,0.055,12711.985,2631.2,4822.400000000001,20165.585000000003,63.03801749366556,13.04797257307437,23.914009933260054,434191.0,-46.76835770432828,370185.0,-37.56446101273688,360527.3333333333,357208.8333333333,40757.0,-26.638368869151314,24478.0,22.150502492033663,31908.333333333332,38627.833333333336,4832.0,-9.271523178807946,4326.0,1.3407304669440592,4896.333333333333,4556.25,23880.505,-46.76835770432828,18509.25,-31.32090711401056,19829.00333333333,19205.805,3586.616,-26.638368869151318,1958.24,34.36555274123702,2807.933333333333,3308.5213333333336,5315.200000000001,-9.271523178807948,4326.0,11.474803513638477,5385.966666666667,4912.6,32782.320999999996,-38.48640247284503,24793.49,-18.665807032410516,28022.903333333335,27426.926333333333
2017-10-01,B1002,500052,27283,5135,2017,10,Oct,October,Q4,2017-10,New York,USA,0.088,1.1,0.055,27502.86,2400.904,5648.500000000001,35552.264,77.35895525528275,6.753167674497466,15.887877070219778,231127.0,116.35377952381158,331388.0,50.896230400618,388456.6666666667,371264.1666666667,29900.0,-8.752508361204013,43291.0,-36.97766279365226,32646.666666666668,37293.833333333336,4384.0,17.130474452554743,4083.0,25.76536860151849,4783.666666666667,4643.916666666667,12711.985,116.35377952381158,16569.4,65.9858534406798,21365.11666666667,20116.92666666667,2631.2,-8.752508361204008,3463.28,-30.67542907301749,2872.9066666666663,3219.99,4822.400000000001,17.13047445255475,4083.0,38.341905461670365,5262.033333333334,5043.058333333333,20165.585000000003,76.30167436253397,24115.68,47.42385037452812,29500.056666666667,28379.975000000002
2017-11-01,B1002,287182,52451,4452,2017,11,Nov,November,Q4,2017-11,New York,USA,0.088,1.1,0.055,15795.01,4615.688,4897.200000000001,25307.898,62.41138635851938,18.23813261773064,19.35048102374998,500052.0,-42.5695727644325,223897.0,28.265229100881207,339453.6666666667,376537.9166666667,27283.0,92.24791995015211,40455.0,29.652700531454702,36544.666666666664,38293.5,5135.0,-13.300876338851022,3564.0,24.915824915824917,4657.0,4717.916666666667,27502.86,-42.5695727644325,11194.85,41.09175201096933,18669.951666666664,20500.273333333334,2400.904,92.24791995015211,3236.4,42.61797058460017,3215.9306666666666,3334.9306666666666,5648.500000000001,-13.300876338851022,3564.0,37.407407407407426,5122.700000000001,5154.158333333334,35552.264,-28.814946918711005,17995.25,40.63654575512983,27008.582333333336,28989.362333333334
2017-12-01,B1002,212446,34246,5066,2017,12,Dec,December,Q4,2017-12,New York,USA,0.088,1.1,0.055,11684.53,3013.6479999999997,5572.6,20270.778,57.64223751056817,14.866957745775716,27.490804743656117,287182.0,-26.02391514788531,502349.0,-57.70948085892476,333226.6666666667,352379.3333333333,52451.0,-34.708585155669105,52346.0,-34.57761815611508,37993.333333333336,36785.166666666664,4452.0,13.791554357592092,4266.0,18.75293014533521,4884.333333333333,4784.583333333333,15795.01,-26.02391514788531,25117.45,-53.48042894481725,18327.466666666664,19380.86333333333,4615.688,-34.708585155669105,4187.68,-28.0353799717266,3343.4133333333334,3237.0946666666664,4897.200000000001,13.791554357592084,4266.0,30.62822315986874,5372.766666666667,5263.041666666667,25307.898,-19.903351910142845,33571.130000000005,-39.618422138307544,27043.646666666667,27880.999666666667
2018-01-01,B1002,207228,32793,4910,2018,1,Jan,January,Q1,2018-01,New York,USA,0.0968,1.2100000000000002,0.0605,12537.294,3174.3624,5941.100000000001,21652.756400000002,57.90160739073386,14.66031548759307,27.438077121673064,212446.0,-2.456153563729136,434737.0,-52.332559685511015,235618.66666666666,333420.25,34246.0,-4.242831279565497,37719.0,-13.059731169967389,39830.0,36374.666666666664,5066.0,-3.0793525463876823,3255.0,50.84485407066052,4809.333333333333,4922.5,11684.53,7.298231079897944,23910.535,-47.56581565406211,13338.944666666668,18433.09325,3013.6479999999997,5.332885592477965,3319.272,-4.365704286964128,3601.2327999999998,3225.018866666667,5572.6,6.612712198973565,3580.5000000000005,65.92933947772659,5470.3,5459.758333333334,20270.778,6.817589339688905,30810.307,-29.722360767128997,22410.477466666667,27117.87045
2018-02-01,B1002,295720,26153,3550,2018,2,Feb,February,Q1,2018-02,New York,USA,0.0968,1.2100000000000002,0.0605,17891.059999999998,2531.6104,4295.500000000001,24718.1704,72.38019525911189,10.241900428034917,17.377904312853193,207228.0,42.702723570173916,316167.0,-6.467151853292721,238464.66666666666,331716.3333333333,32793.0,-20.24822370627878,44160.0,-40.77672101449276,31064.0,34874.083333333336,4910.0,-27.698574338085542,4315.0,-17.72885283893395,4508.666666666667,4858.75,12537.294,42.702723570173895,17389.185,2.8861329613779847,14037.627999999999,18474.916166666666,3174.3624,-20.24822370627878,3886.08,-34.85439311594203,2906.540266666667,3112.1463999999996,5941.100000000001,-27.698574338085542,4746.5,-9.501738122827327,5269.7333333333345,5422.175,21652.756400000002,14.157153682290522,26021.765,-5.009631744810548,22213.9016,27009.237566666663
2018-03-01,B1002,348507,45601,5400,2018,3,Mar,March,Q1,2018-03,New York,USA,0.0968,1.2100000000000002,0.0605,21084.6735,4414.1768,6534.000000000001,32032.850300000002,65.8220336390109,13.780156179233291,20.397810181755823,295720.0,17.850331394562424,302640.0,15.155630452022203,283818.3333333333,335538.5833333333,26153.0,74.36240584254196,25906.0,76.02485910599862,34849.0,36515.333333333336,3550.0,52.112676056338024,4903.0,10.136651029981644,4620.0,4900.166666666667,17891.059999999998,17.850331394562442,16645.2,26.671193497224426,17171.009166666667,18844.872291666667,2531.6104,74.36240584254196,2279.728,93.62734501659847,3373.3832,3290.0171333333333,4295.500000000001,52.11267605633802,5393.3,21.15031613297982,5590.200000000001,5517.233333333334,24718.1704,29.59231926000479,24318.228,31.723620240751103,26134.592366666668,27652.122758333335
2018-04-01,B1002,327042,53935,4717,2018,4,Apr,April,Q2,2018-04,New York,USA,0.0968,1.2100000000000002,0.0605,19786.041,5220.907999999999,5707.570000000001,30714.519,64.41917908595606,16.99817600920268,18.58264490484126,348507.0,-6.159130232678253,372563.0,-12.218336227698403,323756.3333333333,331745.1666666667,45601.0,18.275915001863993,39344.0,37.085705571370475,41896.333333333336,37731.25,5400.0,-12.648148148148147,4306.0,9.544821179749187,4555.666666666667,4934.416666666667,21084.6735,-6.159130232678252,20490.965,-3.440169850468238,19587.258166666667,18786.128625,4414.1768,18.275915001863975,3462.272,50.79427612850751,4055.5650666666666,3436.570133333333,6534.000000000001,-12.64814814814815,4736.6,20.499303297724108,5512.356666666667,5598.1475,32032.850300000002,-4.115560393949712,28689.837,7.057140129447236,29155.179900000003,27820.846258333335
2018-05-01,B1002,427516,26348,5400,2018,5,May,May,Q2,2018-05,New York,USA,0.0968,1.2100000000000002,0.0605,25864.718,2550.4864,6534.000000000001,34949.2044,74.00660027614248,7.297695165844748,18.69570455801277,327042.0,30.722047932681427,433014.0,-1.2697049056150609,367688.3333333333,331287.0,53935.0,-51.14860480207657,41338.0,-36.262034931539986,41961.333333333336,36482.083333333336,4717.0,14.479542081831672,5807.0,-7.0087825038746345,5172.333333333333,4900.5,19786.041,30.722047932681424,23815.77,8.603324603823435,22245.144166666665,18956.874291666667,5220.907999999999,-51.14860480207657,3637.7439999999997,-29.888238424693984,4061.857066666667,3345.9653333333335,5707.570000000001,14.479542081831676,6387.700000000001,2.2903392457379055,6258.523333333334,5610.339166666668,30714.519,13.787243095032686,33841.214,3.2740858528302272,32565.52456666667,27913.178791666665
2018-06-01,B1002,332617,47224,5071,2018,6,Jun,June,Q2,2018-06,New York,USA,0.0968,1.2100000000000002,0.0605,20123.3285,4571.2832,6135.910000000001,30830.5217,65.2708011100571,14.82713540977803,19.902063480164852,427516.0,-22.1977656976581,288169.0,15.424282278801677,362391.6666666667,334991.0,26348.0,79.23182025201154,43250.0,9.188439306358381,42502.333333333336,36813.25,5400.0,-6.092592592592593,5487.0,-7.581556406050666,5062.666666666667,4865.833333333333,25864.718,-22.197765697658102,15849.295,26.96671050668184,21924.69583333333,19313.04375,2550.4864,79.23182025201156,3806.0,20.107283236994217,4114.225866666667,3409.7389333333335,6534.000000000001,-6.0925925925925934,6035.700000000001,1.6602879533442687,6125.826666666668,5618.690000000001,34949.2044,-11.784768124793137,25690.995,20.00516795865634,32164.748366666667,28341.47268333333
2018-07-01,B1002,288098,34208,5773,2018,7,Jul,July,Q3,2018-07,New York,USA,0.0968,1.2100000000000002,0.0605,17429.929,3311.3343999999997,6985.330000000001,27726.5934,62.86357919469472,11.942810110960114,25.193610694345164,332617.0,-13.384463211441389,416264.0,-30.7895950646705,349410.3333333333,324310.5,47224.0,-27.56225647975606,25068.0,36.460826551779164,35926.666666666664,37574.916666666664,5071.0,13.843423387891935,5473.0,5.481454412570802,5414.666666666667,4890.833333333333,20123.3285,-13.384463211441386,22894.52,-23.868554571137548,21139.325166666666,18857.66116666667,4571.2832,-27.56225647975606,2205.984,50.10690920695707,3477.701333333333,3501.851466666667,6135.910000000001,13.843423387891935,6020.3,16.029599853827893,6551.746666666667,5699.109166666668,30830.5217,-10.067712542146179,31120.804,-10.906564624744266,31168.77316666667,28058.621799999997
2018-08-01,B1002,303920,42135,4099,2018,8,Aug,August,Q3,2018-08,New York,USA,0.0968,1.2100000000000002,0.0605,18387.16,4078.6679999999997,4959.790000000001,27425.618000000002,67.04373990770235,14.871745096136028,18.08451499616162,288098.0,5.491881234857583,434191.0,-30.00315529340774,308211.6666666667,313454.5833333333,34208.0,23.172942001870908,40757.0,3.3810143042912877,41189.0,37689.75,5773.0,-28.997055257231942,4832.0,-15.169701986754966,4981.0,4829.75,17429.929,5.491881234857582,23880.505,-23.00347082274852,18646.805833333332,18399.882416666664,3311.3343999999997,23.172942001870908,3586.616,13.719115734720408,3987.0951999999997,3542.8558,6985.330000000001,-28.997055257231935,5315.200000000001,-6.68667218543046,6027.010000000001,5669.491666666668,27726.5934,-1.085511644571523,32782.320999999996,-16.34021886369789,28660.911033333337,27612.229883333333
2018-09-01,B1002,343770,39232,4765,2018,9,Sep,September,Q3,2018-09,New York,USA,0.0968,1.2100000000000002,0.0605,20798.085,3797.6576,5765.650000000001,30361.3926,68.50174915889727,12.508179878415723,18.990070962687003,303920.0,13.11200315872598,231127.0,48.736408987266735,311929.3333333333,322841.5,42135.0,-6.889759107630236,29900.0,31.210702341137125,38525.0,38467.416666666664,4099.0,16.24786533300805,4384.0,8.690693430656934,4879.0,4861.5,18387.16,13.112003158725976,12711.985,63.610049885993405,18871.724666666665,19073.724083333334,4078.6679999999997,-6.889759107630228,2631.2,44.331772575250845,3729.22,3640.0605999999993,4959.790000000001,16.24786533300804,4822.400000000001,19.559762773722625,5903.590000000001,5748.095833333334,27425.618000000002,10.704497524905353,20165.585000000003,50.56043551426846,28504.53466666667,28461.880516666668
2018-10-01,B1002,326333,56329,5945,2018,10,Oct,October,Q4,2018-10,New York,USA,0.0968,1.2100000000000002,0.0605,19743.1465,5452.647199999999,7193.450000000001,32389.2437,60.95587375508864,16.834746900866968,22.209379344044397,343770.0,-5.0722867033190795,500052.0,-34.74018702054986,324674.3333333333,308364.9166666667,39232.0,43.57922104404568,27283.0,106.46189935124437,45898.666666666664,40887.916666666664,4765.0,24.763903462749212,5135.0,15.774099318403115,4936.333333333333,4929.0,20798.085,-5.072286703319081,27502.86,-28.214205722604856,19642.797166666667,18427.081291666665,3797.6576,43.57922104404566,2400.904,127.10808928636878,4442.9909333333335,3894.372533333333,5765.650000000001,24.763903462749216,5648.500000000001,27.35150925024342,5972.963333333333,5876.841666666667,30361.3926,6.679045084381274,35552.264,-8.89681821669642,30058.751433333335,28198.295491666668
2018-11-01,B1002,467482,56726,5874,2018,11,Nov,November,Q4,2018-11,New York,USA,0.0968,1.2100000000000002,0.0605,28282.661,5491.0768,7107.540000000001,40881.2778,69.18242902867385,13.431764111835074,17.38580685949107,326333.0,43.2530574597114,287182.0,62.78248636753,379195.0,323389.9166666667,56329.0,0.7047879422677484,52451.0,8.150464242817106,50762.333333333336,41244.166666666664,5945.0,-1.1942809083263246,4452.0,31.940700808625337,5528.0,5047.5,19743.1465,43.25305745971141,15795.01,79.060735004283,22941.297499999997,19467.718875000002,5452.647199999999,0.7047879422677557,4615.688,18.96551066709881,4913.793866666667,3967.3215999999998,7193.450000000001,-1.1942809083263224,4897.200000000001,45.13477088948787,6688.88,6061.036666666668,32389.2437,26.218685989262553,25307.898,61.535651044586956,34543.971366666665,29496.07714166667
2018-12-01,B1002,365522,44632,6355,2018,12,Dec,December,Q4,2018-12,New York,USA,0.0968,1.2100000000000002,0.0605,22114.081,4320.3776,7689.550000000001,34124.0086,64.80505048284391,12.660815001670114,22.53413451548597,467482.0,-21.810465429684996,212446.0,72.05407491786147,386445.6666666667,336146.25,56726.0,-21.320029616049077,34246.0,30.32762950417567,52562.333333333336,42109.666666666664,5874.0,8.1886278515492,5066.0,25.444137386498223,6058.0,5154.916666666667,28282.661,-21.810465429685,11684.53,89.2594824096476,23379.962833333335,20336.848125,5491.0768,-21.32002961604908,3013.6479999999997,43.360392454593246,5088.033866666666,4076.215733333333,7107.540000000001,8.188627851549201,5572.6,37.98855112514806,7330.18,6237.449166666668,40881.2778,-16.529006830603524,20270.778,68.34089249065825,35798.1767,30650.513025000004
2019-01-01,B1002,498748,32239,5256,2019,1,Jan,January,Q1,2019-01,New York,USA,0.10648,1.3310000000000004,0.06655,33191.6794,3432.80872,6995.736000000002,43620.224120000006,76.0924091281354,7.869764058424557,16.03782681344004,365522.0,36.44814812788286,207228.0,140.67597042870653,443917.3333333333,360439.5833333333,44632.0,-27.767072952141962,32793.0,-1.689384929710609,44532.333333333336,42063.5,6355.0,-17.293469708890637,4910.0,7.046843177189409,5828.333333333333,5183.75,22114.081,50.09296294067117,12537.294,164.7435674715772,27862.807133333332,22058.04690833333,4320.3776,-20.543780247356153,3174.3624,8.14167657731833,4414.754373333333,4097.752926666667,7689.550000000001,-9.022816679779693,5941.100000000001,17.751527494908352,7264.275333333335,6325.3355,34124.0086,27.828546262879577,21652.756400000002,101.45344691542368,39541.83684,32481.135335000003
2019-02-01,B1002,264645,35953,6097,2019,2,Feb,February,Q1,2019-02,New York,USA,0.10648,1.3310000000000004,0.06655,17612.12475,3828.2754400000003,8115.107000000003,29555.507190000004,59.589993285444265,12.952832835483477,27.457173879072254,498748.0,-46.938133085245454,295720.0,-10.508251048288923,376305.0,357850.0,32239.0,11.520208443189924,26153.0,37.471800558253356,37608.0,42880.166666666664,5256.0,16.00076103500761,3550.0,71.74647887323944,5902.666666666667,5396.0,33191.6794,-46.93813308524546,17891.059999999998,-1.5590761531178066,24305.96171666667,22034.802304166664,3432.80872,11.520208443189937,2531.6104,51.2189806140787,3860.4872533333332,4205.808346666667,6995.736000000002,16.00076103500762,4295.500000000001,88.92112676056341,7600.131000000001,6643.636083333334,43620.224120000006,-32.243568697188984,24718.1704,19.569962953245135,35766.57997,32884.24673416667
2019-03-01,B1002,404324,53213,6187,2019,3,Mar,March,Q1,2019-03,New York,USA,0.10648,1.3310000000000004,0.06655,26907.762199999997,5666.12024,8234.897000000003,40808.77944,65.93620924037124,13.884561895144984,20.179228864483783,264645.0,52.77976156738272,348507.0,16.016034111223018,389239.0,362501.4166666667,35953.0,48.007120407198286,45601.0,16.692616389991446,40468.333333333336,43514.5,6097.0,1.4761358044940134,5400.0,14.574074074074076,5846.666666666667,5461.583333333333,17612.12475,52.77976156738271,21084.6735,27.6176375223453,25903.85545,22520.059695833334,3828.2754400000003,48.00712040719828,4414.1768,28.36187802899059,4309.068133333333,4310.136966666667,8115.107000000003,1.4761358044940125,6534.000000000001,26.031481481481507,7781.913333333335,6785.377500000001,29555.507190000004,38.07504360408167,32032.850300000002,27.396653928108282,37994.83691666667,33615.5741625
2019-04-01,B1002,292418,32118,5158,2019,4,Apr,April,Q2,2019-04,New York,USA,0.10648,1.3310000000000004,0.06655,19460.4179,3419.92464,6865.2980000000025,29745.640540000004,65.42275623155902,11.497229771875674,23.0800139965653,404324.0,-27.67730829730612,327042.0,-10.58701940423554,320462.3333333333,359616.0833333333,53213.0,-39.64256854528029,53935.0,-40.45054231945861,40428.0,41696.416666666664,6187.0,-16.63164700177792,4717.0,9.349162603349587,5814.0,5498.333333333333,26907.762199999997,-27.677308297306112,19786.041,-1.6457213446590993,21326.768283333335,22492.924437499998,5666.12024,-39.64256854528029,5220.907999999999,-34.495596551404454,4304.773440000001,4160.05502,8234.897000000003,-16.631647001777917,5707.570000000001,20.284078863684577,7738.434000000004,6881.854833333335,40808.77944,-27.109702989930923,30714.519,-3.154464050047459,33369.97572333334,33534.834290833336
2019-05-01,B1002,233485,43301,5087,2019,5,May,May,Q2,2019-05,New York,USA,0.10648,1.3310000000000004,0.06655,15538.426749999999,4610.69048,6770.797000000002,26919.914230000002,57.72093706258439,17.127433767458925,25.151629169956692,292418.0,-20.153684109733327,427516.0,-45.38566977610194,310075.6666666667,343446.8333333333,32118.0,34.81848184818482,26348.0,64.34264460300592,42877.333333333336,43109.166666666664,5158.0,-1.3765025203567274,5400.0,-5.796296296296297,5477.333333333333,5472.25,19460.4179,-20.153684109733337,25864.718,-39.92423675371215,20635.535616666664,21632.400166666666,3419.92464,34.81848184818482,2550.4864,80.77690906330653,4565.5784533333335,4331.738693333334,6865.2980000000025,-1.3765025203567298,6534.000000000001,3.6240740740740947,7290.330666666669,6901.587916666668,29745.640540000004,-9.49963173998606,34949.2044,-22.974171537936353,32491.444736666668,32865.72677666667
2019-06-01,B1002,319935,48613,6957,2019,6,Jun,June,Q2,2019-06,New York,USA,0.10648,1.3310000000000004,0.06655,21291.67425,5176.31224,9259.767000000003,35727.75349,59.594215057376665,14.48821080074016,25.917574141883172,233485.0,37.025933143456754,332617.0,-3.8127936936476488,281946.0,342390.0,43301.0,12.267615066626638,47224.0,2.9413010333728615,41344.0,43224.916666666664,5087.0,36.760369569490855,5071.0,37.19187536974955,5734.0,5629.416666666667,15538.426749999999,37.02593314345676,20123.3285,5.805926936987588,18763.506299999997,21729.7623125,4610.69048,12.267615066626636,4571.2832,13.235431136710154,4402.309120000001,4382.1577800000005,6770.797000000002,36.76036956949086,6135.910000000001,50.911062906724545,7631.954000000002,7161.909333333336,26919.914230000002,32.718675047576475,30830.5217,15.884362378467316,30797.76942,33273.82942583334
2019-07-01,B1002,358565,50731,6094,2019,7,Jul,July,Q3,2019-07,New York,USA,0.10648,1.3310000000000004,0.06655,23862.50075,5401.83688,8111.114000000002,37375.45163,63.845384361446435,14.452900619036612,21.70171501951695,319935.0,12.074327597793303,288098.0,24.45938534804129,303995.0,348262.25,48613.0,4.356859276325263,34208.0,48.3015668849392,47548.333333333336,44601.833333333336,6957.0,-12.40477217191318,5773.0,5.560367226745193,6046.0,5656.166666666667,21291.67425,12.074327597793298,17429.929,36.905323882845416,20230.86725,22265.809958333335,5176.31224,4.356859276325255,3311.3343999999997,63.13172357343312,5062.946533333333,4556.36632,9259.767000000003,-12.404772171913189,6985.330000000001,16.11640394941973,8047.226000000002,7255.724666666669,35727.75349,4.611815686819441,27726.5934,34.80001344124735,33341.03978333333,34077.900945
2019-08-01,B1002,300556,51146,6481,2019,8,Aug,August,Q3,2019-08,New York,USA,0.10648,1.3310000000000004,0.06655,20002.0018,5446.026080000001,8626.211000000003,34074.238880000004,58.70124310169184,15.982825322025212,25.315931576282953,358565.0,-16.178098810536444,303920.0,-1.1068702290076335,326352.0,347981.9166666667,50731.0,0.8180402515227376,42135.0,21.38602112258218,50163.333333333336,45352.75,6094.0,6.350508697079094,4099.0,58.11173456940717,6510.666666666667,5854.666666666667,23862.50075,-16.178098810536447,18387.16,8.782442748091594,21718.7256,22400.380108333335,5401.83688,0.8180402515227508,4078.6679999999997,33.52462323484042,5341.391733333334,4670.312826666667,8111.114000000002,6.350508697079101,4959.790000000001,73.92290802634793,8665.697333333335,7561.259750000001,37375.45163,-8.832569523655543,27425.618000000002,24.242373973122508,35725.81466666667,34631.952685000004
2019-09-01,B1002,284382,50385,5453,2019,9,Sep,September,Q3,2019-09,New York,USA,0.10648,1.3310000000000004,0.06655,18925.6221,5364.9948,7257.943000000002,31548.559900000004,59.98886212235634,17.005514093212224,23.005623784431446,300556.0,-5.381359879689642,343770.0,-17.27550397067807,314501.0,343032.9166666667,51146.0,-1.4878973917803933,39232.0,28.428323817292007,50754.0,46282.166666666664,6481.0,-15.861749729979941,4765.0,14.438614900314795,6009.333333333333,5912.0,20002.0018,-5.381359879689631,20798.085,-9.00305436774587,20930.041549999998,22244.34153333333,5446.026080000001,-1.487897391780396,3797.6576,41.27115619902122,5404.285920000001,4800.924260000001,8626.211000000003,-15.861749729979946,5765.650000000001,25.882476390346298,7998.422666666669,7685.617500000001,34074.238880000004,-7.412282894695725,30361.3926,3.9101213690705503,34332.75013666667,34730.88329333334
2019-10-01,B1002,306409,46616,6194,2019,10,Oct,October,Q4,2019-10,New York,USA,0.10648,1.3310000000000004,0.06655,20391.518949999998,4963.67168,8244.214000000002,33599.40463,60.690119883234374,14.77309415050787,24.536785966257767,284382.0,7.745567581633156,326333.0,-6.105419923820147,297115.6666666667,341372.5833333333,50385.0,-7.480400912970129,56329.0,-17.243338244953755,49382.333333333336,45472.75,5453.0,13.588850174216027,5945.0,4.188393608074012,6042.666666666667,5932.75,18925.6221,7.745567581633141,19743.1465,3.2840380837978334,19773.047616666667,22298.372570833333,5364.9948,-7.480400912970129,5452.647199999999,-8.967672069449113,5258.2308533333335,4760.1763,7257.943000000002,13.588850174216022,7193.450000000001,14.607232968881426,8042.789333333335,7773.181166666669,31548.559900000004,6.500596973366106,32389.2437,3.736304994364528,33074.06780333334,34831.7300375
2019-11-01,B1002,258965,59091,6963,2019,11,Nov,November,Q4,2019-11,New York,USA,0.10648,1.3310000000000004,0.06655,17234.12075,6292.00968,9267.753000000002,32793.88343,52.55285116441605,19.18653426158135,28.260614574002595,306409.0,-15.483879389965699,467482.0,-44.604284229125405,283252.0,323996.1666666667,46616.0,26.76119787197529,56726.0,4.169164051757571,52030.666666666664,45669.833333333336,6194.0,12.41524055537617,5874.0,18.53932584269663,6203.333333333333,6023.5,20391.518949999998,-15.483879389965699,28282.661,-39.06471265203795,18850.420599999998,21377.660883333334,4963.67168,26.761197871975277,5491.0768,14.586080456933335,5540.225386666666,4826.920706666667,8244.214000000002,12.415240555376176,7107.540000000001,30.393258426966312,8256.636666666667,7953.198916666668,33599.40463,-2.3974270046462896,40881.2778,-19.78263597719541,32647.28265333334,34157.78050666667
2019-12-01,B1002,314027,51023,5031,2019,12,Dec,December,Q4,2019-12,New York,USA,0.10648,1.3310000000000004,0.06655,20898.49685,5432.92904,6696.261000000002,33027.68689,63.275690240140825,16.4496201568538,20.274689603005385,258965.0,21.2623327476686,365522.0,-14.088071306241485,293133.6666666667,319704.9166666667,59091.0,-13.65351745612699,44632.0,14.319322459222084,52243.333333333336,46202.416666666664,6963.0,-27.74666092201637,6355.0,-20.833988985051143,6062.666666666667,5913.166666666667,17234.12075,21.262332747668612,22114.081,-5.496878436865628,19508.045516666665,21276.362204166668,6292.00968,-13.653517456126993,4320.3776,25.751254705144294,5562.870133333333,4919.633326666667,9267.753000000002,-27.74666092201637,7689.550000000001,-12.91738788355624,8069.409333333334,7870.424833333335,32793.88343,0.7129483780079277,34124.0086,-3.2127576887318092,33140.32498333333,34066.42036416667
2016-01-01,B1003,309176,25577,3581,2016,1,Jan,January,Q1,2016-01,Los Angeles,USA,0.08,1.0,0.05,15458.800000000001,2046.16,3581.0,21085.960000000003,73.3132378132179,9.703897759457004,16.9828644273251,,,,,309176.0,309176.0,,,,,25577.0,25577.0,,,,,3581.0,3581.0,,,,,15458.800000000001,15458.800000000001,,,,,2046.16,2046.16,,,,,3581.0,3581.0,,,,,21085.960000000003,21085.960000000003
2016-02-01,B1003,336263,30638,2861,2016,2,Feb,February,Q1,2016-02,Los Angeles,USA,0.08,1.0,0.05,16813.15,2451.04,2861.0,22125.190000000002,75.9909858401216,11.078051759103538,12.930962400774861,309176.0,8.761029316635186,,,322719.5,322719.5,25577.0,19.78730891034914,,,28107.5,28107.5,3581.0,-20.10611561016476,,,3221.0,3221.0,15458.800000000001,8.761029316635186,,,16135.975000000002,16135.975000000002,2046.16,19.787308910349136,,,2248.6,2248.6,3581.0,-20.10611561016476,,,3221.0,3221.0,21085.960000000003,4.928540128123165,,,21605.575000000004,21605.575000000004
2016-03-01,B1003,423089,35397,4854,2016,3,Mar,March,Q1,2016-03,Los Angeles,USA,0.08,1.0,0.05,21154.45,2831.76,4854.0,28840.21,73.35054079009828,9.818791194654963,16.83066801524677,336263.0,25.820860457439565,,,356176.0,356176.0,30638.0,15.532998237482865,,,30537.333333333332,30537.333333333332,2861.0,69.66095770709542,,,3765.3333333333335,3765.3333333333335,16813.15,25.820860457439558,,,17808.800000000003,17808.800000000003,2451.04,15.532998237482875,,,2442.9866666666667,2442.9866666666667,2861.0,69.66095770709542,,,3765.3333333333335,3765.3333333333335,22125.190000000002,30.350112247623617,,,24017.12,24017.12
2016-04-01,B1003,314863,40734,3697,2016,4,Apr,April,Q2,2016-04,Los Angeles,USA,0.08,1.0,0.05,15743.150000000001,3258.7200000000003,3697.0,22698.870000000003,69.35653625048295,14.356309366942055,16.28715438257499,423089.0,-25.579960717484973,,,358071.6666666667,345847.75,35397.0,15.077548944825834,,,35589.666666666664,33086.5,4854.0,-23.836011536876804,,,3804.0,3748.25,21154.45,-25.57996071748497,,,17903.583333333332,17292.3875,2831.76,15.077548944825834,,,2847.1733333333336,2646.92,4854.0,-23.836011536876804,,,3804.0,3748.25,28840.21,-21.29436644185322,,,24554.756666666668,23687.557500000003
2016-05-01,B1003,265688,37347,4357,2016,5,May,May,Q2,2016-05,Los Angeles,USA,0.08,1.0,0.05,13284.400000000001,2987.76,4357.0,20629.160000000003,64.39622359805246,14.483187875802988,21.12058852614454,314863.0,-15.61790365968691,,,334546.6666666667,329815.8,40734.0,-8.314921196052438,,,37826.0,33938.6,3697.0,17.852312685961593,,,4302.666666666667,3870.0,15743.150000000001,-15.61790365968691,,,16727.333333333332,16490.79,3258.7200000000003,-8.314921196052438,,,3026.0800000000004,2715.088,3697.0,17.852312685961593,,,4302.666666666667,3870.0,22698.870000000003,-9.118119095796393,,,24056.08,23075.878000000004
2016-06-01,B1003,397773,43278,2718,2016,6,Jun,June,Q2,2016-06,Los Angeles,USA,0.08,1.0,0.05,19888.65,3462.2400000000002,2718.0,26068.890000000003,76.29266148270985,13.281117838158815,10.426220679131331,265688.0,49.71432657854326,,,326108.0,341142.0,37347.0,15.880793638043217,,,40453.0,35495.166666666664,4357.0,-37.61762680743631,,,3590.6666666666665,3678.0,13284.400000000001,49.71432657854325,,,16305.400000000001,17057.100000000002,2987.76,15.880793638043217,,,3236.2400000000002,2839.6133333333332,4357.0,-37.61762680743631,,,3590.6666666666665,3678.0,20629.160000000003,26.369129911251832,,,23132.30666666667,23574.713333333337
2016-07-01,B1003,438939,46136,4540,2016,7,Jul,July,Q3,2016-07,Los Angeles,USA,0.08,1.0,0.05,21946.95,3690.88,4540.0,30177.83,72.72540802304208,12.230435389158199,15.044156587799717,397773.0,10.349118718465053,,,367466.6666666667,355113.0,43278.0,6.603817181940015,,,42253.666666666664,37015.28571428572,2718.0,67.03458425312729,,,3871.6666666666665,3801.1428571428573,19888.65,10.34911871846505,,,18373.333333333332,17755.65,3462.2400000000002,6.603817181940011,,,3380.2933333333335,2961.2228571428573,2718.0,67.03458425312729,,,3871.6666666666665,3801.1428571428573,26068.890000000003,15.761852537641605,,,25625.293333333335,24518.015714285717
2016-08-01,B1003,346811,43615,4942,2016,8,Aug,August,Q3,2016-08,Los Angeles,USA,0.08,1.0,0.05,17340.55,3489.2000000000003,4942.0,25771.75,67.28510869459777,13.538855529795221,19.176035775607012,438939.0,-20.988793431433525,,,394507.6666666667,354075.25,46136.0,-5.464279521414947,,,44343.0,37840.25,4540.0,8.854625550660792,,,4066.6666666666665,3943.75,21946.95,-20.988793431433532,,,19725.383333333335,17703.7625,3690.88,-5.464279521414943,,,3547.44,3027.2200000000003,4540.0,8.854625550660792,,,4066.6666666666665,3943.75,30177.83,-14.600387105368414,,,27339.49,24674.732500000002
2016-09-01,B1003,397906,30891,3604,2016,9,Sep,September,Q3,2016-09,Los Angeles,USA,0.08,1.0,0.05,19895.300000000003,2471.28,3604.0,25970.58,76.60706845977256,9.515690446651558,13.877241093575885,346811.0,14.732808359596437,,,394552.0,358945.3333333333,43615.0,-29.173449501318355,,,40214.0,37068.11111111111,4942.0,-27.074059085390527,,,4362.0,3906.0,17340.55,14.732808359596458,,,19727.600000000002,17947.26666666667,3489.2000000000003,-29.173449501318355,,,3217.1200000000003,2965.448888888889,4942.0,-27.074059085390527,,,4362.0,3906.0,25771.75,0.7715036813565309,,,27306.72,24818.715555555555
2016-10-01,B1003,340609,50631,3234,2016,10,Oct,October,Q4,2016-10,Los Angeles,USA,0.08,1.0,0.05,17030.45,4050.48,3234.0,24314.93,70.041122882114,16.658406995208296,13.300470122677712,397906.0,-14.399632073906904,,,361775.3333333333,357111.7,30891.0,63.90210740992522,,,41712.333333333336,38424.4,3604.0,-10.266370699223087,,,3926.6666666666665,3838.8,19895.300000000003,-14.399632073906913,,,18088.766666666666,17855.585,2471.28,63.902107409925215,,,3336.986666666666,3073.952,3604.0,-10.266370699223087,,,3926.6666666666665,3838.8,25970.58,-6.375098284289383,,,25352.420000000002,24768.337000000003
2016-11-01,B1003,220625,34226,3418,2016,11,Nov,November,Q4,2016-11,Los Angeles,USA,0.08,1.0,0.05,11031.25,2738.08,3418.0,17187.33,64.18245300462607,15.930804842869717,19.886742152504198,340609.0,-35.22631521774234,,,319713.3333333333,344703.8181818182,50631.0,-32.401098141454845,,,38582.666666666664,38042.72727272727,3234.0,5.6895485466914035,,,3418.6666666666665,3800.5454545454545,17030.45,-35.226315217742346,,,15985.666666666666,17235.19090909091,4050.48,-32.401098141454845,,,3086.6133333333332,3043.418181818182,3234.0,5.6895485466914035,,,3418.6666666666665,3800.5454545454545,24314.93,-29.31367682325221,,,22490.946666666667,24079.154545454545
2016-12-01,B1003,229664,49339,4911,2016,12,Dec,December,Q4,2016-12,Los Angeles,USA,0.08,1.0,0.05,11483.2,3947.12,4911.0,20341.32,56.4525802651942,19.404443762744993,24.14297597206081,220625.0,4.0969971671388095,,,263632.6666666667,335117.1666666667,34226.0,44.15648921872261,,,44732.0,38984.083333333336,3418.0,43.680514921006434,,,3854.3333333333335,3893.0833333333335,11031.25,4.096997167138817,,,13181.633333333333,16755.858333333334,2738.08,44.15648921872261,,,3578.56,3118.726666666667,3418.0,43.680514921006434,,,3854.3333333333335,3893.0833333333335,17187.33,18.350668777523897,,,20614.52666666667,23767.668333333335
2017-01-01,B1003,406975,29725,4631,2017,1,Jan,January,Q1,2017-01,Los Angeles,USA,0.088,1.1,0.055,22383.625,2615.7999999999997,5094.1,30093.525,74.38020305032394,8.692235289817326,16.927561659858725,229664.0,77.20452487111606,309176.0,31.632144797785077,285754.6666666667,343267.0833333333,49339.0,-39.75354182289872,25577.0,16.217695585877937,37763.333333333336,39329.75,4911.0,-5.7014864589696606,3581.0,29.32141859815694,4320.0,3980.5833333333335,11483.2,94.92497735822766,15458.800000000001,44.79535927756358,14966.025,17332.927083333336,3947.12,-33.728896005188595,2046.16,27.839465144465713,3100.3333333333335,3166.1966666666667,4911.0,3.728364895133381,3581.0,42.25356045797265,4474.366666666667,4019.1749999999997,20341.32,47.94283261853214,21085.960000000003,42.71830639913951,22540.725000000002,24518.29875
2017-02-01,B1003,242849,48384,4062,2017,2,Feb,February,Q1,2017-02,Los Angeles,USA,0.088,1.1,0.055,13356.695,4257.7919999999995,4468.200000000001,22082.687,60.48491743780998,19.281131865882077,20.23395069630793,406975.0,-40.32827569261011,336263.0,-27.780041217737306,293162.6666666667,335482.5833333333,29725.0,62.772077375946175,30638.0,57.921535348260335,42482.666666666664,40808.583333333336,4631.0,-12.286763118117037,2861.0,41.97832925550507,4534.666666666667,4080.6666666666665,22383.625,-40.32827569261011,16813.15,-20.558045339511047,15741.173333333334,17044.889166666668,2615.7999999999997,62.77207737594617,2451.04,73.71368888308635,3606.904,3316.7593333333334,5094.1,-12.28676311811703,2861.0,56.1761621810556,4824.433333333333,4153.108333333334,30093.525,-26.619806087854446,22125.190000000002,-0.19210230511015094,24172.51066666667,24514.756833333333
2017-03-01,B1003,278921,50251,5203,2017,3,Mar,March,Q1,2017-03,Los Angeles,USA,0.088,1.1,0.055,15340.655,4422.088,5723.3,25486.043,60.19237666671127,17.351018359342795,22.456604973945936,242849.0,14.853674505556953,423089.0,-34.075100038053456,309581.6666666667,323468.5833333333,48384.0,3.858713624338624,35397.0,41.964008249286664,42786.666666666664,42046.416666666664,4062.0,28.089611029049728,4854.0,7.18994643592913,4632.0,4109.75,13356.695,14.853674505556958,21154.45,-27.482610041858806,17026.99166666667,16560.406250000004,4257.7919999999995,3.8587136243386313,2831.76,56.16040907421531,3765.226666666667,3449.286666666667,4468.200000000001,28.08961102904971,4854.0,17.908941079522048,5095.200000000001,4225.55,22082.687,15.411874469805234,28840.21,-11.630175369735511,25887.418333333335,24235.24291666667
2017-04-01,B1003,483156,41699,4891,2017,4,Apr,April,Q2,2017-04,Los Angeles,USA,0.088,1.1,0.055,26573.58,3669.5119999999997,5380.1,35623.192,74.59629109036608,10.30090734148697,15.102801568146953,278921.0,73.22324242348192,314863.0,53.449595538377004,334975.3333333333,337493.0,50251.0,-17.018566794690653,40734.0,2.369028330141896,46778.0,42126.833333333336,5203.0,-5.996540457428407,3697.0,32.29645658642142,4718.666666666667,4209.25,15340.655,73.22324242348192,15743.150000000001,68.79455509221471,18423.643333333337,17462.94208333333,4422.088,-17.018566794690653,3258.7200000000003,12.605931163156066,4116.464,3483.519333333333,5723.3,-5.996540457428403,3697.0,45.526102245063576,5190.533333333334,4365.808333333333,25486.043,39.77529583545002,22698.870000000003,56.93817357427924,27730.64066666667,25312.269750000003
2017-05-01,B1003,428365,24455,3593,2017,5,May,May,Q2,2017-05,Los Angeles,USA,0.088,1.1,0.055,23560.075,2152.04,3952.3,29664.415,79.42201118747832,7.254618033087793,13.323370779433876,483156.0,-11.340229656674035,265688.0,61.22858390292373,396814.0,351049.4166666667,41699.0,-41.35350967649104,37347.0,-34.51950625217554,38801.666666666664,41052.5,4891.0,-26.538540175833162,4357.0,-17.535001147578612,4562.333333333333,4145.583333333333,26573.58,-11.340229656674037,13284.400000000001,77.35144229321608,21824.77,18319.248333333333,3669.5119999999997,-41.35350967649104,2987.76,-27.971456877393102,3414.5466666666666,3413.8759999999997,5380.1,-26.538540175833162,4357.0,-9.288501262336466,5018.566666666667,4332.083333333333,35623.192,-16.727240501075823,20629.160000000003,43.79846295244206,30257.88333333333,26065.20766666667
2017-06-01,B1003,373418,43392,4364,2017,6,Jun,June,Q2,2017-06,Los Angeles,USA,0.088,1.1,0.055,20537.99,3818.4959999999996,4800.400000000001,29156.886000000002,70.43958672404179,13.096377987690452,16.464035288267752,428365.0,-12.827145074877732,397773.0,-6.122838905606967,428313.0,349019.8333333333,24455.0,77.4361071355551,43278.0,0.26341328157493415,36515.333333333336,41062.0,3593.0,21.45839131644865,2718.0,60.55923473142016,4282.666666666667,4282.75,23560.075,-12.82714507487773,19888.65,3.264877203832337,23557.215,18373.36,2152.04,77.43610713555509,3462.2400000000002,10.28975460973241,3213.3493333333336,3443.564,3952.3,21.458391316448658,2718.0,76.61515820456219,4710.933333333334,4505.616666666667,29664.415,-1.7109017656340049,26068.890000000003,11.845521615995153,31481.497666666666,26322.540666666668
2017-07-01,B1003,223103,35724,6009,2017,7,Jul,July,Q3,2017-07,Los Angeles,USA,0.088,1.1,0.055,12270.665,3143.712,6609.900000000001,22024.277000000002,55.71426930382323,14.273848807840547,30.011881888336223,373418.0,-40.25381743783106,438939.0,-49.17220843898583,341628.6666666667,331033.5,43392.0,-17.67146017699115,46136.0,-22.56805964973123,34523.666666666664,40194.333333333336,4364.0,37.694775435380386,4540.0,32.3568281938326,4655.333333333333,4405.166666666667,20537.99,-40.25381743783106,21946.95,-44.08942928288441,18789.57666666667,17567.002916666668,3818.4959999999996,-17.671460176991143,3690.88,-14.824865614704356,3038.0826666666667,3397.9666666666667,4800.400000000001,37.69477543538038,4540.0,45.59251101321587,5120.866666666667,4678.108333333334,29156.886000000002,-24.462862735067112,30177.83,-27.018354202406204,26948.526,25643.077916666673
2017-08-01,B1003,215402,28075,4456,2017,8,Aug,August,Q3,2017-08,Los Angeles,USA,0.088,1.1,0.055,11847.11,2470.6,4901.6,19219.31,61.641703058018216,12.854779906250535,25.50351703573125,223103.0,-3.451768913909719,346811.0,-37.89066667435577,270641.0,320082.75,35724.0,-21.41137610569925,43615.0,-35.62994382666514,35730.333333333336,38899.333333333336,6009.0,-25.844566483607924,4942.0,-9.834075273168757,4943.0,4364.666666666667,12270.665,-3.451768913909721,17340.55,-31.679733341791344,14885.255000000005,17109.21625,3143.712,-21.411376105699254,3489.2000000000003,-29.192938209331658,3144.2693333333336,3313.0833333333335,6609.900000000001,-25.844566483607924,4942.0,-0.8174828004856259,5437.3,4674.741666666667,22024.277000000002,-12.735796049059864,25771.75,-25.424893536527392,23466.824333333334,25097.041250000006
2017-09-01,B1003,416047,53016,4334,2017,9,Sep,September,Q3,2017-09,Los Angeles,USA,0.088,1.1,0.055,22882.585,4665.407999999999,4767.400000000001,32315.393,70.8101708681061,14.43710741812733,14.752721713766565,215402.0,93.14908868069935,397906.0,4.559116977376567,284850.6666666667,321594.5,28075.0,88.83704363312556,30891.0,71.62280275808487,38938.333333333336,40743.083333333336,4456.0,-2.7378815080789947,3604.0,20.25527192008879,4933.0,4425.5,11847.11,93.14908868069932,19895.300000000003,15.0150286751142,15666.786666666667,17358.156666666666,2470.6,88.83704363312555,2471.28,88.78508303389333,3426.5733333333337,3495.927333333333,4901.6,-2.7378815080789907,3604.0,32.28079911209768,5426.3,4771.691666666667,19219.31,68.14023500323371,25970.58,24.430771280425766,24519.660000000003,25625.77566666667
2017-10-01,B1003,497034,49526,5633,2017,10,Oct,October,Q4,2017-10,Los Angeles,USA,0.088,1.1,0.055,27336.87,4358.288,6196.3,37891.458,72.14520486385084,11.502032991182338,16.352762144966817,416047.0,19.465829581753987,340609.0,45.9250929951939,376161.0,334629.9166666667,53016.0,-6.582918364267392,50631.0,-2.182457387766388,43539.0,40651.0,4334.0,29.972311952007384,3234.0,74.18058132343846,4807.666666666667,4625.416666666667,22882.585,19.465829581753987,17030.45,60.51760229471328,20688.855,18217.025,4665.407999999999,-6.58291836426739,4050.48,7.599296873456963,3831.4320000000002,3521.5779999999995,4767.400000000001,29.972311952007374,3234.0,91.59863945578232,5288.433333333333,5018.55,32315.393,17.25513596569907,24314.93,55.836179664099376,29808.720333333335,26757.153000000002
2017-11-01,B1003,477842,37016,3830,2017,11,Nov,November,Q4,2017-11,Los Angeles,USA,0.088,1.1,0.055,26281.31,3257.408,4213.0,33751.718,77.86658445060486,9.651087983136147,12.482327566258997,497034.0,-3.8613052628190427,220625.0,116.58560906515581,463641.0,356064.6666666667,49526.0,-25.25945967774502,34226.0,8.15169753988196,46519.333333333336,40883.5,5633.0,-32.00781111308361,3418.0,12.053832650672907,4599.0,4659.75,27336.87,-3.8613052628190343,11031.25,138.2441699716714,25500.255,19487.863333333335,4358.288,-25.259459677745017,2738.08,18.966867293870155,4093.701333333333,3564.855333333333,6196.3,-32.00781111308362,3418.0,23.2592159157402,5058.900000000001,5084.8,37891.458,-10.9252591969409,17187.33,96.37557433295339,34652.85633333333,28137.51866666667
2017-12-01,B1003,470151,45344,3858,2017,12,Dec,December,Q4,2017-12,Los Angeles,USA,0.088,1.1,0.055,25858.305,3990.272,4243.8,34092.377,75.84776209649448,11.704293895377257,12.44794400812827,477842.0,-1.6095278355607083,229664.0,104.71253657517067,481675.6666666667,376105.25,37016.0,22.49837907931705,49339.0,-8.097042907233629,43962.0,40550.583333333336,3830.0,0.7310704960835509,4911.0,-21.441661576053757,4440.333333333333,4572.0,26281.31,-1.609527835560712,11483.2,125.18379023268773,26492.161666666667,20685.78875,3257.408,22.498379079317054,3947.12,1.0932528020430097,3868.6560000000004,3568.451333333333,4213.0,0.7310704960835552,4911.0,-13.585827733659128,4884.366666666666,5029.2,33751.718,1.009308622452936,20341.32,67.60159615993456,35245.18433333333,29283.440083333335
2018-01-01,B1003,207659,34506,3381,2018,1,Jan,January,Q1,2018-01,Los Angeles,USA,0.0968,1.2100000000000002,0.0605,12563.369499999999,3340.1808,4091.0100000000007,19994.5603,62.83393738846059,16.705447631173964,20.46061498036544,470151.0,-55.83142437216979,406975.0,-48.97499846427913,385217.3333333333,359495.5833333333,45344.0,-23.901729004940016,29725.0,16.084104289318756,38955.333333333336,40949.0,3858.0,-12.363919129082426,4631.0,-26.99201036493198,3689.6666666666665,4467.833333333333,25858.305,-51.41456680938678,22383.625,-43.87249831070705,21567.661500000002,19867.434125,3990.272,-16.29190190543401,2615.7999999999997,27.69251471825065,3529.2869333333333,3628.8163999999997,4243.8,-3.600311041990657,5094.1,-19.69121140142517,4182.6033333333335,4945.609166666667,34092.377,-41.351815099310905,30093.525,-33.55859674132559,29279.551766666667,28441.85969166667
2018-02-01,B1003,359388,54179,4668,2018,2,Feb,February,Q1,2018-02,Los Angeles,USA,0.0968,1.2100000000000002,0.0605,21742.974,5244.5271999999995,5648.280000000001,32635.781199999998,66.62311487736044,16.069868736587804,17.307016386051764,207659.0,73.0664213927641,242849.0,47.9882560768214,345732.6666666667,369207.1666666667,34506.0,57.01327305396163,48384.0,11.977099867724867,44676.333333333336,41431.916666666664,3381.0,38.065661047027504,4062.0,14.918759231905465,3969.0,4518.333333333333,12563.369499999999,73.0664213927641,13356.695,62.78708168450353,20054.882833333333,20566.29070833333,3340.1808,57.01327305396161,4257.7919999999995,23.174809854497358,4191.660000000001,3711.0443333333333,4091.0100000000007,38.0656610470275,4468.200000000001,26.410635155096006,4661.030000000001,5043.949166666666,19994.5603,63.223300289329174,22082.687,47.78899506205923,28907.572833333335,29321.284208333334
2018-03-01,B1003,468032,28289,4207,2018,3,Mar,March,Q1,2018-03,Los Angeles,USA,0.0968,1.2100000000000002,0.0605,28315.935999999998,2738.3752,5090.470000000001,36144.7812,78.34031652680193,7.576128860340148,14.083554612857919,359388.0,30.230280365510254,278921.0,67.80091853965818,345026.3333333333,384966.4166666667,54179.0,-47.78604256261651,50251.0,-43.70460289347476,38991.333333333336,39601.75,4668.0,-9.875749785775492,5203.0,-19.142802229482992,4085.3333333333335,4435.333333333333,21742.974,30.23028036551026,15340.655,84.58101039362398,20874.09316666667,21647.564125,5244.5271999999995,-47.78604256261651,4422.088,-38.07506318282223,3774.361066666667,3570.734933333333,5648.280000000001,-9.875749785775483,5723.3,-11.057082452431272,4943.253333333334,4991.213333333334,32635.781199999998,10.752002467769946,25486.043,41.821863833471504,29591.707566666668,30209.512391666667
2018-04-01,B1003,364306,49276,5636,2018,4,Apr,April,Q2,2018-04,Los Angeles,USA,0.0968,1.2100000000000002,0.0605,22040.513,4769.9168,6819.560000000001,33629.989799999996,65.53826846536838,14.183521399700219,20.278210134931417,468032.0,-22.16215985231779,483156.0,-24.598680343408756,397242.0,375062.25,28289.0,74.1878468662731,41699.0,18.170699537159166,43914.666666666664,40233.166666666664,4207.0,33.96719752792964,4891.0,15.232058883663873,4837.0,4497.416666666667,28315.935999999998,-22.162159852317785,26573.58,-17.058548377749638,24033.141,21269.80854166667,2738.3752,74.1878468662731,3669.5119999999997,29.98776949087509,4250.939733333334,3662.4353333333333,5090.470000000001,33.967197527929635,5380.1,26.755264772030273,5852.770000000001,5111.168333333334,36144.7812,-6.9575504858776185,35623.192,-5.595237507071255,34136.85073333333,30043.412208333335
2018-05-01,B1003,488363,29206,5048,2018,5,May,May,Q2,2018-05,Los Angeles,USA,0.0968,1.2100000000000002,0.0605,29545.961499999998,2827.1408,6108.080000000001,38481.1823,76.78028515251725,7.346813769804574,15.87290107767817,364306.0,34.05296646225975,428365.0,14.006279691384686,440233.6666666667,380062.0833333333,49276.0,-40.72976702654436,24455.0,19.427519934573706,35590.333333333336,40629.083333333336,5636.0,-10.432931156848829,3593.0,40.49540773726691,4963.666666666667,4618.666666666667,22040.513,34.05296646225974,23560.075,25.40690766052314,26634.136833333334,21768.632416666664,4769.9168,-40.72976702654436,2152.04,31.370271928031084,3445.1442666666676,3718.6937333333335,6819.560000000001,-10.432931156848833,3952.3,54.544948510993606,6006.036666666668,5290.8166666666675,33629.989799999996,14.425197654981167,29664.415,29.721696180423578,36085.31776666667,30778.142816666663
2018-06-01,B1003,387708,51817,4664,2018,6,Jun,June,Q2,2018-06,Los Angeles,USA,0.0968,1.2100000000000002,0.0605,23456.334,5015.8856,5643.4400000000005,34115.6596,68.75532900439656,14.702590126676021,16.54208086892742,488363.0,-20.610693275289076,373418.0,3.8268107054293043,413459.0,381252.9166666667,29206.0,77.41902348832431,43392.0,19.41602138643068,43433.0,41331.166666666664,5048.0,-7.6069730586370845,4364.0,6.8744271310724105,5116.0,4643.666666666667,29545.961499999998,-20.610693275289073,20537.99,14.209491775972221,25014.2695,22011.82775,2827.1408,77.41902348832429,3818.4959999999996,31.35762352507375,4204.3144,3818.4761999999996,6108.080000000001,-7.606973058637088,4800.400000000001,17.561869844179647,6190.360000000001,5361.070000000001,38481.1823,-11.344564899192303,29156.886000000002,17.007212635807527,35408.943900000006,31191.373949999997
2018-07-01,B1003,433696,47436,6089,2018,7,Jul,July,Q3,2018-07,Los Angeles,USA,0.0968,1.2100000000000002,0.0605,26238.608,4591.8048,7367.690000000001,38198.1028,68.69086702389838,12.02102843704583,19.2881045390558,387708.0,11.86150401848814,223103.0,94.39272443669516,436589.0,398802.3333333333,51817.0,-8.454754231236853,35724.0,32.78468256634196,42819.666666666664,42307.166666666664,4664.0,30.553173241852488,6009.0,1.3313363288400732,5267.0,4650.333333333333,23456.334,11.861504018488146,12270.665,113.83199688036466,26413.634500000004,23175.823,5015.8856,-8.454754231236848,3143.712,46.06315082297615,4144.9437333333335,3939.1506000000004,5643.4400000000005,30.553173241852498,6609.900000000001,11.464469961724093,6373.070000000001,5424.219166666667,34115.6596,11.966478877635424,22024.277000000002,73.43635298448162,36931.64823333333,32539.192766666663
2018-08-01,B1003,287172,31595,6144,2018,8,Aug,August,Q3,2018-08,Los Angeles,USA,0.0968,1.2100000000000002,0.0605,17373.906,3058.3959999999997,7434.240000000002,27866.542,62.346831551614834,10.975154362532672,26.678014085852492,433696.0,-33.784955360436804,215402.0,33.31909638722018,369525.3333333333,404783.1666666667,47436.0,-33.394468336284675,28075.0,12.537845057880675,43616.0,42600.5,6089.0,0.9032681885367054,4456.0,37.881508078994614,5632.333333333333,4791.0,26238.608,-33.78495536043681,11847.11,46.65100602594217,22356.282666666666,23636.389333333336,4591.8048,-33.39446833628468,2470.6,23.791629563668735,4222.0288,3988.1335999999997,7367.690000000001,0.9032681885367079,4901.6,51.6696588868941,6815.123333333334,5635.272500000002,38198.1028,-27.047313983353117,19219.31,44.99241648113277,33393.4348,33259.79543333333
2018-09-01,B1003,439946,54626,4333,2018,9,Sep,September,Q3,2018-09,Los Angeles,USA,0.0968,1.2100000000000002,0.0605,26616.733,5287.7968,5242.930000000001,37147.459800000004,71.65155610451727,14.234612079720184,14.113831815762543,287172.0,53.199476272059954,416047.0,5.744302927313501,386938.0,406774.75,31595.0,72.89444532362715,53016.0,3.036819073487249,44552.333333333336,42734.666666666664,6144.0,-29.475911458333332,4334.0,-0.023073373327180433,5522.0,4790.916666666667,17373.906,53.19947627205997,22882.585,16.318733220044855,23409.749,23947.568333333333,3058.3959999999997,72.89444532362718,4665.407999999999,13.34050098083599,4312.665866666667,4039.999333333333,7434.240000000002,-29.475911458333332,4767.400000000001,9.974619289340115,6681.620000000002,5674.9000000000015,27866.542,33.30487794287502,32315.393,14.95283315910781,34404.034866666676,33662.46766666667
2018-10-01,B1003,469359,55647,4064,2018,10,Oct,October,Q4,2018-10,Los Angeles,USA,0.0968,1.2100000000000002,0.0605,28396.2195,5386.6296,4917.4400000000005,38700.2891,73.3746960562111,13.91883555722585,12.706468386563035,439946.0,6.685593231896641,497034.0,-5.568029551298301,398825.6666666667,404468.5,54626.0,1.8690733350419215,49526.0,12.35916488309171,47289.333333333336,43244.75,4333.0,-6.2081698592199395,5633.0,-27.853719154979583,4847.0,4660.166666666667,26616.733,6.685593231896639,27336.87,3.87516749357187,24128.952833333333,24035.84745833333,5287.7968,1.869073335041924,4358.288,23.595081371400898,4577.607466666667,4125.694466666667,5242.930000000001,-6.208169859219952,6196.3,-20.639091070477537,5864.870000000002,5568.328333333334,37147.459800000004,4.180176271433767,37891.458,2.1346000990513563,34571.43030000001,33729.87025833333
2018-11-01,B1003,500850,41440,3972,2018,11,Nov,November,Q4,2018-11,Los Angeles,USA,0.0968,1.2100000000000002,0.0605,30301.425,4011.392,4806.120000000001,39118.937,77.4597351661166,10.254348169021055,12.285916664862343,469359.0,6.7093631953366195,477842.0,4.81498068399178,470051.6666666667,406385.8333333333,55647.0,-25.530576670799864,37016.0,11.951588502269288,50571.0,43613.416666666664,4064.0,-2.263779527559055,3830.0,3.7075718015665795,4123.0,4672.0,28396.2195,6.7093631953366195,26281.31,15.296478752390948,28438.125833333335,24370.857041666666,5386.6296,-25.53057667079987,3257.408,23.146747352496217,4895.2728,4188.526466666667,4917.4400000000005,-2.263779527559049,4213.0,14.078328981723256,4988.830000000001,5617.755000000001,38700.2891,1.0817694382546519,33751.718,15.90206163727724,38322.22863333334,34177.13850833333
2018-12-01,B1003,299857,27827,4371,2018,12,Dec,December,Q4,2018-12,Los Angeles,USA,0.0968,1.2100000000000002,0.0605,18141.3485,2693.6536,5288.910000000001,26123.9121,69.44346019293181,10.311065163934616,20.245474643133562,500850.0,-40.13037835679345,470151.0,-36.22112895644165,423355.3333333333,392194.6666666667,41440.0,-32.84990347490348,45344.0,-38.63135144671842,41638.0,42153.666666666664,3972.0,10.045317220543806,3858.0,13.297045101088647,4135.666666666667,4714.75,30301.425,-40.13037835679345,25858.305,-29.84324185208582,25612.997666666673,23727.77733333333,4011.392,-32.84990347490347,3990.272,-32.494486591390256,4030.5584000000003,4080.474933333333,4806.120000000001,10.045317220543804,4243.8,24.626749611197525,5004.156666666668,5704.847500000001,39118.937,-33.21926896939964,34092.377,-23.37315728967798,34647.712733333334,33513.099766666666
2019-01-01,B1003,490354,42751,4295,2019,1,Jan,January,Q1,2019-01,Los Angeles,USA,0.10648,1.3310000000000004,0.06655,32633.058699999998,4552.12648,5716.645000000001,42901.830180000004,76.06449086923311,10.610564772880277,13.3249443578866,299857.0,63.529282291225485,207659.0,136.13423930578497,430353.6666666667,415752.5833333333,27827.0,53.631365220828684,34506.0,23.894395177650264,37339.333333333336,42840.75,4371.0,-1.7387325554792954,3381.0,27.033422064477964,4212.666666666667,4790.916666666667,18141.3485,79.88221052034802,12563.369499999999,159.74766323636348,27025.277400000003,25400.251433333327,2693.6536,68.99450174291155,3340.1808,36.28383469541529,3752.3906933333333,4181.470406666666,5288.910000000001,8.087394188972786,4091.0100000000007,39.736764270925775,5270.558333333334,5840.317083333334,26123.9121,64.22437043799425,19994.5603,114.56751004421939,36048.22642666667,35422.03892333333
2019-02-01,B1003,436778,48239,7034,2019,2,Feb,February,Q1,2019-02,Los Angeles,USA,0.10648,1.3310000000000004,0.06655,29067.5759,5136.48872,9362.254000000003,43566.31862,66.72029407289864,11.79004534397816,21.4896605831232,490354.0,-10.925984084967187,359388.0,21.533829732767927,408996.3333333333,422201.75,42751.0,12.83712661692124,54179.0,-10.96365750567563,39605.666666666664,42345.75,4295.0,63.77182770663562,4668.0,50.68551842330763,5233.333333333333,4988.083333333333,32633.058699999998,-10.925984084967181,21742.974,33.687212706044726,26613.99436666667,26010.634924999995,4552.12648,12.837126616921251,5244.5271999999995,-2.0600232562431797,4127.422933333334,4172.4672,5716.645000000001,63.771827706635634,5648.280000000001,65.75407026563842,6789.269666666668,6149.814916666667,42901.830180000004,1.5488580258978444,32635.781199999998,33.4924951022775,37530.68696666667,36332.91704166667
2019-03-01,B1003,209533,51166,6741,2019,3,Mar,March,Q1,2019-03,Los Angeles,USA,0.10648,1.3310000000000004,0.06655,13944.42115,5448.15568,8972.271000000002,28364.84783,49.1609235260967,19.207420792992142,31.63165568091117,436778.0,-52.0275746489063,468032.0,-55.23105257760154,378888.3333333333,400660.1666666667,48239.0,6.067704554406186,28289.0,80.86888896744317,47385.333333333336,44252.166666666664,7034.0,-4.165481944839352,4207.0,60.232945091514146,6023.333333333333,5199.25,29067.5759,-52.0275746489063,28315.935999999998,-50.75415783536168,25215.018583333334,24813.008687499998,5136.48872,6.067704554406177,2738.3752,98.95577786418748,5045.590293333334,4398.28224,9362.254000000003,-4.165481944839352,5090.470000000001,76.25623960066557,8017.056666666668,6473.298333333335,43566.31862,-34.89271361804129,36144.7812,-21.524361503120677,38277.665543333336,35684.58926083333
2019-04-01,B1003,361020,52789,5304,2019,4,Apr,April,Q2,2019-04,Los Angeles,USA,0.10648,1.3310000000000004,0.06655,24025.880999999998,5620.972720000001,7059.6240000000025,36706.47772,65.45406285852697,15.313299093629299,19.232638047843732,209533.0,72.29744240763985,364306.0,-0.901988987279924,335777.0,400386.3333333333,51166.0,3.172028300042997,49276.0,7.129231268771815,50731.333333333336,44544.916666666664,6741.0,-21.31731197151758,5636.0,-5.8907026259758695,6359.666666666667,5171.583333333333,13944.42115,72.29744240763982,22040.513,9.007812113992077,22345.95935,24978.45602083333,5448.15568,3.1720283000430123,4769.9168,17.84215439564901,5401.8723733333345,4469.203566666666,8972.271000000002,-21.317311971517572,6819.560000000001,3.520227111426561,8464.716333333336,6493.303666666669,28364.84783,29.408336473349607,33629.989799999996,9.148048923880456,36212.54805666667,35940.96325416667
2019-05-01,B1003,277489,53787,6774,2019,5,May,May,Q2,2019-05,Los Angeles,USA,0.10648,1.3310000000000004,0.06655,18466.892949999998,5727.23976,9016.194000000003,33210.32671,55.60587557977684,17.245358077960322,27.14876634226283,361020.0,-23.13749930751759,488363.0,-43.17976587087883,282680.6666666667,382813.5,52789.0,1.8905453787720925,29206.0,84.16421283297953,52580.666666666664,46593.333333333336,5304.0,27.714932126696834,5048.0,34.19175911251981,6273.0,5315.416666666667,24025.880999999998,-23.137499307517594,29545.961499999998,-37.49774245796672,18812.398366666665,24055.20030833333,5620.972720000001,1.8905453787720874,2827.1408,102.5806341162775,5598.789386666667,4710.87848,7059.6240000000025,27.714932126696834,6108.080000000001,47.61093502377182,8349.363000000003,6735.646500000003,36706.47772,-9.524615891148493,38481.1823,-13.697228814094933,32760.550753333333,35501.725288333335
2019-06-01,B1003,366329,31432,6730,2019,6,Jun,June,Q2,2019-06,Los Angeles,USA,0.10648,1.3310000000000004,0.06655,24379.19495,3346.8793600000004,8957.630000000003,36683.70431,66.4578330039429,9.123613394429304,24.418553601627814,277489.0,32.01568350457135,387708.0,-5.514201409308036,334946.0,381031.9166666667,53787.0,-41.56208749326045,51817.0,-39.3403709207403,46002.666666666664,44894.583333333336,6774.0,-0.6495423678771775,4664.0,44.2967409948542,6269.333333333333,5487.583333333333,18466.892949999998,32.01568350457137,23456.334,3.9343784497611693,22290.656300000002,24132.105387500003,5727.23976,-41.56208749326045,5015.8856,-33.27440801281432,4898.363946666667,4571.794626666667,9016.194000000003,-0.6495423678771807,5643.4400000000005,58.72641509433966,8344.482666666669,7011.8290000000015,33210.32671,10.458727582930182,34115.6596,7.5274660965370925,35533.50291333334,35715.72901416667
2019-07-01,B1003,252508,51921,6038,2019,7,Jul,July,Q3,2019-07,Los Angeles,USA,0.10648,1.3310000000000004,0.06655,16804.4074,5528.5480800000005,8036.578000000002,30369.533480000002,55.3331101087431,18.20425751235478,26.46263237890213,366329.0,-31.070704203052447,433696.0,-41.77765070464104,298775.3333333333,365932.9166666667,31432.0,65.18516161873251,47436.0,9.454844421958008,45713.333333333336,45268.333333333336,6730.0,-10.282317979197622,6089.0,-0.837575956643127,6514.0,5483.333333333333,24379.19495,-31.07070420305245,26238.608,-35.955415775105145,19883.498433333338,23345.922004166667,3346.8793600000004,65.18516161873251,4591.8048,20.40032886415382,4867.555733333334,4649.856566666666,8957.630000000003,-10.282317979197627,7367.690000000001,9.07866644769257,8670.134000000002,7067.569666666669,36683.70431,-17.212467903026774,38198.1028,-20.494654828773324,33421.188166666674,35063.3482375
2019-08-01,B1003,352674,29656,5122,2019,8,Aug,August,Q3,2019-08,Los Angeles,USA,0.10648,1.3310000000000004,0.06655,23470.4547,3157.77088,6817.382000000002,33445.60758,70.1749987464273,9.441511482327808,20.38348977124488,252508.0,39.66844614824085,287172.0,22.80932681459195,323837.0,371391.4166666667,51921.0,-42.8824560389823,31595.0,-6.137047001107771,37669.666666666664,45106.75,6038.0,-15.170586286849948,6144.0,-16.634114583333336,5963.333333333333,5398.166666666667,16804.4074,39.66844614824084,17373.906,35.09025949605115,21551.352350000005,23853.967729166663,5528.5480800000005,-42.882456038982305,3058.3959999999997,3.2492482987814633,4011.066106666667,4658.137806666667,8036.578000000002,-15.170586286849947,7434.240000000002,-8.297526041666654,7937.196666666668,7016.164833333335,30369.533480000002,10.128815781861663,27866.542,20.020659829267665,33499.61512333334,35528.27036916667
2019-09-01,B1003,245843,59519,6593,2019,9,Sep,September,Q3,2019-09,Los Angeles,USA,0.10648,1.3310000000000004,0.06655,16360.851649999999,6337.58312,8775.283000000003,31473.717770000003,51.982583594222774,20.13611218831235,27.881304217464876,352674.0,-30.291714160953177,439946.0,-44.11973287630755,283675.0,355216.1666666667,29656.0,100.6980037766388,54626.0,8.957273093398747,47032.0,45514.5,5122.0,28.719250292854355,4333.0,52.15785829679206,5917.666666666667,5586.5,23470.4547,-30.291714160953177,26616.733,-38.53170616393831,18878.57125,22999.31095,3157.77088,100.6980037766388,5287.7968,19.853000402738623,5007.96736,4745.62,6817.382000000002,28.719250292854355,5242.930000000001,67.37364412647129,7876.414333333335,7310.527583333335,33445.60758,-5.895810997851815,37147.459800000004,-15.273566646406334,31762.952943333337,35055.45853333333
2019-10-01,B1003,293326,35855,6473,2019,10,Oct,October,Q4,2019-10,Los Angeles,USA,0.10648,1.3310000000000004,0.06655,19520.8453,3817.8404,8615.563000000002,31954.248700000004,61.08998363025195,11.947833403449726,26.962182966298315,245843.0,19.31435916418202,469359.0,-37.50498019639551,297281.0,340546.75,59519.0,-39.75873250558645,55647.0,-35.56705662479558,41676.666666666664,43865.166666666664,6593.0,-1.8201122402548158,4064.0,59.27657480314961,6062.666666666667,5787.25,16360.851649999999,19.314359164182033,28396.2195,-31.255478216035055,19784.05055,22259.69643333333,6337.58312,-39.75873250558645,5386.6296,-29.123762287275145,4437.731466666667,4614.887566666667,8775.283000000003,-1.8201122402548282,4917.4400000000005,75.20423228346459,8069.409333333336,7618.704500000003,31473.717770000003,1.5267688854286907,38700.2891,-17.431498722318324,32291.19135000001,34493.2885
2019-11-01,B1003,236308,50550,5590,2019,11,Nov,November,Q4,2019-11,Los Angeles,USA,0.10648,1.3310000000000004,0.06655,15726.2974,5382.564,7440.290000000003,28549.151400000002,55.0849907223512,18.85367422864975,26.061335048999045,293326.0,-19.43844050646721,500850.0,-52.818608365778175,258492.33333333334,318501.5833333333,35855.0,40.98452098731,41440.0,21.983590733590734,48641.333333333336,44624.333333333336,6473.0,-13.641279159585974,3972.0,40.735146022155085,6218.666666666667,5922.083333333333,19520.8453,-19.438440506467213,30301.425,-48.100469202355995,17202.664783333337,21045.102466666667,3817.8404,40.984520987310006,4011.392,34.18194980694982,5179.3291733333335,4729.1519,8615.563000000002,-13.641279159585961,4806.120000000001,54.80866062437062,8277.045333333335,7838.2186666666685,31954.248700000004,-10.656164480562488,39118.937,-27.019613544202382,30659.039290000004,33612.473033333335
2019-12-01,B1003,501494,45974,5803,2019,12,Dec,December,Q4,2019-12,Los Angeles,USA,0.10648,1.3310000000000004,0.06655,33374.4257,4895.31152,7723.793000000002,45993.53022000001,72.5633051874051,10.643478542708825,16.79321626988606,236308.0,112.22049190040117,299857.0,67.24438649089399,343709.3333333333,335304.6666666667,50550.0,-9.05242334322453,27827.0,65.21364142739067,44126.333333333336,46136.583333333336,5590.0,3.810375670840787,4371.0,32.761381834820405,5955.333333333333,6041.416666666667,15726.2974,112.22049190040117,18141.3485,83.9688251399834,22873.856133333335,22314.525566666667,5382.564,-9.052423343224532,2693.6536,81.73500557012973,4698.571973333333,4912.623393333334,7440.290000000003,3.810375670840781,5288.910000000001,46.03752001830247,7926.548666666668,8041.125583333335,28549.151400000002,61.102967915186454,26123.9121,76.05912178827154,35498.976773333336,35268.27454333333
2016-01-01,B1004,257742,33917,4709,2016,1,Jan,January,Q1,2016-01,Chicago,USA,0.08,1.0,0.05,12887.1,2713.36,4709.0,20309.46,63.4536811909327,13.36007949005045,23.186239319016853,,,,,257742.0,257742.0,,,,,33917.0,33917.0,,,,,4709.0,4709.0,,,,,12887.1,12887.1,,,,,2713.36,2713.36,,,,,4709.0,4709.0,,,,,20309.46,20309.46
2016-02-01,B1004,267027,47231,3846,2016,2,Feb,February,Q1,2016-02,Chicago,USA,0.08,1.0,0.05,13351.35,3778.48,3846.0,20975.83,63.65111654699719,18.01349457923715,18.335388873765663,257742.0,3.602439648951277,,,262384.5,262384.5,33917.0,39.25465105994044,,,40574.0,40574.0,4709.0,-18.326608621788065,,,4277.5,4277.5,12887.1,3.602439648951277,,,13119.225,13119.225,2713.36,39.254651059940436,,,3245.92,3245.92,4709.0,-18.326608621788065,,,4277.5,4277.5,20309.46,3.281081820983929,,,20642.645,20642.645
2016-03-01,B1004,234020,34906,3400,2016,3,Mar,March,Q1,2016-03,Chicago,USA,0.08,1.0,0.05,11701.0,2792.48,3400.0,17893.48,65.39253404033201,15.606131395346237,19.001334564321752,267027.0,-12.360922303737075,,,252929.66666666666,252929.66666666666,47231.0,-26.09514937223434,,,38684.666666666664,38684.666666666664,3846.0,-11.596463858554342,,,3985.0,3985.0,13351.35,-12.360922303737079,,,12646.483333333332,12646.483333333332,3778.48,-26.09514937223434,,,3094.773333333333,3094.773333333333,3846.0,-11.596463858554342,,,3985.0,3985.0,20975.83,-14.694770123518364,,,19726.256666666668,19726.256666666668
2016-04-01,B1004,329990,32011,3175,2016,4,Apr,April,Q2,2016-04,Chicago,USA,0.08,1.0,0.05,16499.5,2560.88,3175.0,22235.38,74.20381392177691,11.517140700990943,14.27904537723214,234020.0,41.009315443124514,,,277012.3333333333,272194.75,34906.0,-8.293703088294276,,,38049.333333333336,37016.25,3400.0,-6.61764705882353,,,3473.6666666666665,3782.5,11701.0,41.009315443124514,,,13850.616666666669,13609.7375,2792.48,-8.293703088294272,,,3043.9466666666667,2961.3,3400.0,-6.61764705882353,,,3473.6666666666665,3782.5,17893.48,24.26526310142019,,,20368.23,20353.5375
2016-05-01,B1004,205951,25297,3933,2016,5,May,May,Q2,2016-05,Chicago,USA,0.08,1.0,0.05,10297.550000000001,2023.76,3933.0,16254.310000000001,63.35273536680425,12.450605408657763,24.19665922453798,329990.0,-37.58871480953968,,,256653.66666666666,258946.0,32011.0,-20.974040173690295,,,30738.0,34672.4,3175.0,23.874015748031496,,,3502.6666666666665,3812.6,16499.5,-37.588714809539674,,,12832.683333333334,12947.3,2560.88,-20.974040173690298,,,2459.04,2773.7920000000004,3175.0,23.874015748031496,,,3502.6666666666665,3812.6,22235.38,-26.898888168315537,,,18794.39,19533.692000000003
2016-06-01,B1004,490303,41112,5208,2016,6,Jun,June,Q2,2016-06,Chicago,USA,0.08,1.0,0.05,24515.15,3288.96,5208.0,33012.11,74.26108176666078,9.962889376050182,15.776028857289038,205951.0,138.0677928245068,,,342081.3333333333,297505.5,25297.0,62.51729454085465,,,32806.666666666664,35745.666666666664,3933.0,32.41800152555302,,,4105.333333333333,4045.1666666666665,10297.550000000001,138.0677928245068,,,17104.06666666667,14875.275,2023.76,62.51729454085465,,,2624.5333333333333,2859.653333333333,3933.0,32.41800152555302,,,4105.333333333333,4045.1666666666665,16254.310000000001,103.09757842689106,,,23833.933333333334,21780.095
2016-07-01,B1004,465708,42630,2391,2016,7,Jul,July,Q3,2016-07,Chicago,USA,0.08,1.0,0.05,23285.4,3410.4,2391.0,29086.800000000003,80.05487025042287,11.724906142992698,8.220223606584428,490303.0,-5.0162858477308925,,,387320.6666666667,321534.4285714286,41112.0,3.6923525977816696,,,36346.333333333336,36729.142857142855,5208.0,-54.08986175115207,,,3844.0,3808.8571428571427,24515.15,-5.0162858477308925,,,19366.033333333336,16076.721428571429,3288.96,3.6923525977816714,,,2907.7066666666665,2938.3314285714287,5208.0,-54.08986175115207,,,3844.0,3808.8571428571427,33012.11,-11.890515329071658,,,26117.74,22823.91
2016-08-01,B1004,379880,39069,4594,2016,8,Aug,August,Q3,2016-08,Chicago,USA,0.08,1.0,0.05,18994.0,3125.52,4594.0,26713.52,71.1025727796262,11.700142849014282,17.19728437135952,465708.0,-18.429573896089398,,,445297.0,328827.625,42630.0,-8.353272343420127,,,40937.0,37021.625,2391.0,92.13718109577582,,,4064.3333333333335,3907.0,23285.4,-18.429573896089398,,,22264.850000000002,16441.38125,3410.4,-8.35327234342013,,,3274.9600000000005,2961.73,2391.0,92.13718109577582,,,4064.3333333333335,3907.0,29086.800000000003,-8.159302501478342,,,29604.143333333337,23310.11125
2016-09-01,B1004,309002,34569,4672,2016,9,Sep,September,Q3,2016-09,Chicago,USA,0.08,1.0,0.05,15450.1,2765.52,4672.0,22887.62,67.50417911517232,12.08303877816916,20.412782106658536,379880.0,-18.657997262293353,,,384863.3333333333,326624.77777777775,39069.0,-11.51808339092375,,,38756.0,36749.11111111111,4594.0,1.697866782760122,,,3885.6666666666665,3992.0,18994.0,-18.657997262293353,,,19243.166666666668,16331.238888888889,3125.52,-11.51808339092375,,,3100.48,2939.928888888889,4594.0,1.697866782760122,,,3885.6666666666665,3992.0,26713.52,-14.321961313971357,,,26229.313333333335,23263.16777777778
2016-10-01,B1004,432769,42244,5224,2016,10,Oct,October,Q4,2016-10,Chicago,USA,0.08,1.0,0.05,21638.45,3379.52,5224.0,30241.97,71.5510596697239,11.174933379009369,17.27400695126673,309002.0,40.053786059637154,,,373883.6666666667,337239.2,34569.0,22.20197286586248,,,38627.333333333336,37298.6,4672.0,11.815068493150685,,,4830.0,4115.2,15450.1,40.053786059637154,,,18694.183333333334,16861.96,2765.52,22.20197286586248,,,3090.186666666667,2983.888,4672.0,11.815068493150685,,,4830.0,4115.2,22887.62,32.13243666226546,,,26614.37,23961.048000000003
2016-11-01,B1004,373711,24183,4532,2016,11,Nov,November,Q4,2016-11,Chicago,USA,0.08,1.0,0.05,18685.55,1934.64,4532.0,25152.19,74.2899524852508,7.691735789209608,18.018311725539608,432769.0,-13.646541226381743,,,371827.3333333333,340554.8181818182,42244.0,-42.75400056812802,,,33665.333333333336,36106.27272727273,5224.0,-13.246554364471669,,,4809.333333333333,4153.090909090909,21638.45,-13.646541226381748,,,18591.36666666667,17027.74090909091,3379.52,-42.75400056812801,,,2693.226666666667,2888.501818181818,5224.0,-13.246554364471669,,,4809.333333333333,4153.090909090909,30241.97,-16.830186657813638,,,26093.926666666666,24069.333636363634
2016-12-01,B1004,402811,33358,4541,2016,12,Dec,December,Q4,2016-12,Chicago,USA,0.08,1.0,0.05,20140.550000000003,2668.64,4541.0,27350.190000000002,73.63952499050282,9.75729967506624,16.603175334430947,373711.0,7.786765709331542,,,403097.0,345742.8333333333,24183.0,37.93987511888517,,,33261.666666666664,35877.25,4532.0,0.19858781994704322,,,4765.666666666667,4185.416666666667,18685.55,7.786765709331562,,,20154.850000000002,17287.141666666666,1934.64,37.939875118885155,,,2660.933333333333,2870.1800000000003,4532.0,0.19858781994704322,,,4765.666666666667,4185.416666666667,25152.19,8.738801670947952,,,27581.45,24342.73833333333
2017-01-01,B1004,374090,27874,3721,2017,1,Jan,January,Q1,2017-01,Chicago,USA,0.088,1.1,0.055,20574.95,2452.912,4093.1000000000004,27120.962,75.8636437748779,9.04433994634851,15.092016278773594,402811.0,-7.130142920625306,257742.0,45.141265296304056,383537.3333333333,355438.5,33358.0,-16.439834522453385,33917.0,-17.81702391131291,28471.666666666668,35373.666666666664,4541.0,-18.057696542611758,4709.0,-20.98110002123593,4264.666666666667,4103.083333333333,20140.550000000003,2.156842787312153,12887.1,59.655391825934466,19800.350000000002,17927.795833333334,2668.64,-8.083817974698725,2713.36,-9.598726302444213,2352.064,2848.476,4541.0,-9.863466196872928,4709.0,-13.079210023359517,4388.7,4134.091666666666,27350.190000000002,-0.8381221483287786,20309.46,33.53856774133828,26541.114,24910.363499999996
2017-02-01,B1004,348056,43858,5300,2017,2,Feb,February,Q1,2017-02,Chicago,USA,0.088,1.1,0.055,19143.08,3859.504,5830.000000000001,28832.584000000003,66.39391044521018,13.385910884712935,20.220178670076884,374090.0,-6.959287871902483,267027.0,30.344871492395896,374985.6666666667,362190.9166666667,27874.0,57.34376121116453,47231.0,-7.141496051322224,35030.0,35092.583333333336,3721.0,42.43482934694974,3846.0,37.805512220488815,4520.666666666667,4224.25,20574.95,-6.959287871902478,13351.35,43.3793586416355,19952.86,18410.44,2452.912,57.343761211164534,3778.48,2.1443543435455497,2993.685333333333,2855.2279999999996,4093.1000000000004,42.434829346949755,3846.0,51.58606344253772,4821.366666666668,4299.425,27120.962,6.311066694463135,20975.83,37.45622461661827,27767.912,25565.093000000004
2017-03-01,B1004,299227,29326,3741,2017,3,Mar,March,Q1,2017-03,Chicago,USA,0.088,1.1,0.055,16457.485,2580.6879999999996,4115.1,23153.273,71.08059841042777,11.146104483802354,17.773297105769885,348056.0,-14.029064288505296,234020.0,27.863857789932485,340457.6666666667,367624.8333333333,43858.0,-33.134205846139814,34906.0,-15.985790408525755,33686.0,34627.583333333336,5300.0,-29.415094339622645,3400.0,10.029411764705882,4254.0,4252.666666666667,19143.08,-14.029064288505303,11701.0,40.65024356892574,18725.171666666665,18806.81375,3859.504,-33.13420584613983,2792.48,-7.584369449378343,2964.368,2837.578666666667,5830.000000000001,-29.415094339622645,3400.0,21.032352941176484,4679.400000000001,4359.016666666667,28832.584000000003,-19.697544278376164,17893.48,29.39502545061107,26368.93966666667,26003.409083333332
2017-04-01,B1004,480885,31622,3592,2017,4,Apr,April,Q2,2017-04,Chicago,USA,0.088,1.1,0.055,26448.675,2782.736,3951.2000000000003,33182.611,79.70643117866764,8.38612730022963,11.907441521102728,299227.0,60.709093764934316,329990.0,45.72714324676505,376056.0,380199.4166666667,29326.0,7.829230034781423,32011.0,-1.2152072725000782,34935.333333333336,34595.166666666664,3741.0,-3.982892274792836,3175.0,13.133858267716537,4211.0,4287.416666666667,16457.485,60.70909376493431,16499.5,60.29985757144155,20683.08,19635.911666666667,2580.6879999999996,7.829230034781433,2560.88,8.663272000249906,3074.309333333333,2856.066666666666,4115.1,-3.9828922747928384,3175.0,24.447244094488198,4632.1,4423.7,23153.273,43.317150020215266,22235.38,49.23338841072199,28389.48933333333,26915.678333333333
2017-05-01,B1004,239647,46809,5356,2017,5,May,May,Q2,2017-05,Chicago,USA,0.088,1.1,0.055,13180.585000000001,4119.192,5891.6,23191.377,56.833990495691566,17.76173963279541,25.40426987151302,480885.0,-50.16542416586086,205951.0,16.361173288791996,339919.6666666667,383007.4166666667,31622.0,48.02669027891974,25297.0,85.03775151203699,35919.0,36387.833333333336,3592.0,49.10913140311804,3933.0,36.1810322908721,4229.666666666667,4406.0,26448.675,-50.16542416586086,10297.550000000001,27.99729061767119,18695.58166666667,19876.164583333335,2782.736,48.026690278919745,2023.76,103.54152666324067,3160.872,3030.686,3951.2000000000003,49.10913140311804,3933.0,49.79913551995933,4652.633333333334,4586.916666666667,33182.611,-30.1098488000236,16254.310000000001,42.67832347235901,26509.087,27493.76725
2017-06-01,B1004,248569,39142,5611,2017,6,Jun,June,Q2,2017-06,Chicago,USA,0.088,1.1,0.055,13671.295,3444.4959999999996,6172.1,23287.891000000003,58.705595109492734,14.790931475933133,26.50347341457412,239647.0,3.7229758770191155,490303.0,-49.30298203355884,323033.6666666667,362862.9166666667,46809.0,-16.37932876156295,41112.0,-4.791788285658689,39191.0,36223.666666666664,5356.0,4.76101568334578,5208.0,7.738095238095238,4853.0,4439.583333333333,13180.585000000001,3.722975877019109,24515.15,-44.23328023691473,17766.851666666666,18972.510000000002,4119.192,-16.379328761562956,3288.96,4.72903288577543,3448.8079999999995,3043.647333333334,5891.6,4.76101568334578,5208.0,18.51190476190477,5338.3,4667.258333333334,23191.377,0.41616330069578383,33012.11,-29.45652065257264,26553.959666666662,26683.415666666668
2017-07-01,B1004,244114,40158,4781,2017,7,Jul,July,Q3,2017-07,Chicago,USA,0.088,1.1,0.055,13426.27,3533.904,5259.1,22219.273999999998,60.42623174816604,15.904678073640033,23.669090178193944,248569.0,-1.7922588898857057,465708.0,-47.58217595574909,244110.0,344396.75,39142.0,2.595677277604619,42630.0,-5.798733286418015,42036.333333333336,36017.666666666664,5611.0,-14.792372126180716,2391.0,99.9581764951903,5249.333333333333,4638.75,13671.295,-1.792258889885703,23285.4,-42.340393551324006,13426.050000000001,18150.915833333336,3444.4959999999996,2.5956772776046297,3410.4,3.6213933849401805,3699.1973333333335,3053.9393333333333,6172.1,-14.792372126180716,2391.0,119.95399414470936,5774.266666666666,4906.266666666667,23287.891000000003,-4.588723813590528,29086.800000000003,-23.61045560185378,22899.514,26111.121833333335
2017-08-01,B1004,305006,49354,4612,2017,8,Aug,August,Q3,2017-08,Chicago,USA,0.088,1.1,0.055,16775.33,4343.152,5073.200000000001,26191.682000000004,64.04831121575162,16.58218055640718,19.36950822784119,244114.0,24.94408350197039,379880.0,-19.70990839212383,265896.3333333333,338157.25,40158.0,22.899546790178793,39069.0,26.32521948347795,42884.666666666664,36874.75,4781.0,-3.5348253503451157,4594.0,0.391815411406182,5001.333333333333,4640.25,13426.27,24.9440835019704,18994.0,-11.680899231336202,14624.298333333334,17966.02666666667,3533.904,22.899546790178796,3125.52,38.957741431825745,3773.8506666666667,3155.4086666666662,5259.1,-3.534825350345109,4594.0,10.430996952546815,5501.466666666667,4946.2,22219.273999999998,17.87820790184237,26713.52,-1.9534602703050594,23899.61566666667,26067.635333333335
2017-09-01,B1004,428191,47199,6054,2017,9,Sep,September,Q3,2017-09,Chicago,USA,0.088,1.1,0.055,23550.505,4153.512,6659.400000000001,34363.417,68.53365309974849,12.087016841194806,19.379330059056702,305006.0,40.3877300774411,309002.0,38.57224225085922,325770.3333333333,348089.6666666667,49354.0,-4.3664140697815785,34569.0,36.53562440336718,45570.333333333336,37927.25,4612.0,31.26626192541197,4672.0,29.580479452054792,5149.0,4755.416666666667,16775.33,40.38773007744109,15450.1,52.42946647594514,17917.368333333336,18641.06041666667,4343.152,-4.366414069781586,2765.52,50.189186843703894,4010.1893333333333,3271.074666666667,5073.200000000001,31.26626192541196,4672.0,42.53852739726028,5663.900000000001,5111.816666666667,26191.682000000004,31.199733564266687,22887.62,50.13975677680773,27591.45766666667,27023.951749999997
2017-10-01,B1004,448594,32220,3202,2017,10,Oct,October,Q4,2017-10,Chicago,USA,0.088,1.1,0.055,24672.670000000002,2835.3599999999997,3522.2000000000003,31030.230000000003,79.51172131176597,9.137412130042218,11.350866558191802,428191.0,4.764929669236392,432769.0,3.6566852061954527,393930.3333333333,349408.4166666667,47199.0,-31.73584186105638,42244.0,-23.728813559322035,42924.333333333336,37091.916666666664,6054.0,-47.10934919061777,5224.0,-38.70597243491577,4622.666666666667,4586.916666666667,23550.505,4.764929669236396,21638.45,14.022353726815004,21666.168333333335,18893.912083333333,4153.512,-31.73584186105638,3379.52,-16.101694915254246,3777.3413333333333,3225.7280000000005,6659.400000000001,-47.10934919061777,5224.0,-32.576569678407346,5084.933333333333,4970.000000000001,34363.417,-9.699812448802742,30241.97,2.606510091769822,30528.443000000003,27089.640083333335
2017-11-01,B1004,479899,44109,6124,2017,11,Nov,November,Q4,2017-11,Chicago,USA,0.088,1.1,0.055,26394.445,3881.5919999999996,6736.400000000001,37012.437,71.31236724563692,10.487264051270117,18.200368703092966,448594.0,6.978470510082614,373711.0,28.41447000489683,452228.0,358257.4166666667,32220.0,36.899441340782126,24183.0,82.39672497208784,41176.0,38752.416666666664,3202.0,91.25546533416615,4532.0,35.1279788172992,5126.666666666667,4719.583333333333,24672.670000000002,6.978470510082604,18685.55,41.255917005386515,24872.540000000005,19536.320000000003,2835.3599999999997,36.899441340782126,1934.64,100.63639746929658,3623.488,3387.974,3522.2000000000003,91.25546533416615,4532.0,48.64077669902914,5639.333333333333,5153.700000000001,31030.230000000003,19.278642149929258,25152.19,47.15393371312796,34135.361333333334,28077.994000000002
2017-12-01,B1004,491868,41297,4335,2017,12,Dec,December,Q4,2017-12,Chicago,USA,0.088,1.1,0.055,27052.74,3634.136,4768.5,35455.376000000004,76.30081260455395,10.24988706931214,13.449300326133898,479899.0,2.494066459817587,402811.0,22.10887984687608,473453.6666666667,365678.8333333333,44109.0,-6.375116189439797,33358.0,23.799388452545116,39208.666666666664,39414.0,6124.0,-29.212932723709994,4541.0,-4.536445716802467,4553.666666666667,4702.416666666667,26394.445,2.494066459817594,20140.550000000003,34.319767831563674,26039.95166666667,20112.335833333334,3881.5919999999996,-6.3751161894397885,2668.64,36.17932729779964,3450.3626666666664,3468.4319999999993,6736.400000000001,-29.21293272371,4541.0,5.009909711517286,5009.033333333333,5172.658333333334,37012.437,-4.206858899888149,27350.190000000002,29.634843487376145,34499.34766666667,28753.42616666667
2018-01-01,B1004,286626,54471,5335,2018,1,Jan,January,Q1,2018-01,Chicago,USA,0.0968,1.2100000000000002,0.0605,17340.873,5272.7928,6455.350000000001,29069.0158,59.65414556622175,18.13887623949071,22.206978194287544,491868.0,-41.727048720388396,374090.0,-23.380469940388675,419464.3333333333,358390.1666666667,41297.0,31.90062232123399,27874.0,95.41866972806199,46625.666666666664,41630.416666666664,4335.0,23.06805074971165,3721.0,43.37543671056168,5264.666666666667,4836.916666666667,27052.74,-35.89975359242724,20574.95,-15.718516934427548,23596.019333333334,19842.82941666667,3634.136,45.09068455335739,2452.912,114.9605367008682,4262.840266666666,3703.4220666666665,4768.5,35.37485582468285,4093.1000000000004,57.71298038161786,5986.75,5369.512500000001,35455.376000000004,-18.012388868757174,27120.962,7.182834443704474,33845.6096,28915.763983333338
2018-02-01,B1004,448275,43190,6334,2018,2,Feb,February,Q1,2018-02,Chicago,USA,0.0968,1.2100000000000002,0.0605,27120.6375,4180.7919999999995,7664.140000000001,38965.5695,69.6015427158071,10.72945180488123,19.669005479311682,286626.0,56.39718657763078,348056.0,28.793929712460063,408923.0,366741.75,54471.0,-20.710102623414294,43858.0,-1.523097268457294,46319.333333333336,41574.75,5335.0,18.725398313027178,5300.0,19.50943396226415,5334.666666666667,4923.083333333333,17340.873,56.397186577630784,19143.08,41.67332268370606,23838.083499999997,20507.625875,5272.7928,-20.710102623414308,3859.504,8.324593004696967,4362.5736,3730.196066666666,6455.350000000001,18.725398313027174,5830.000000000001,31.460377358490565,6295.996666666667,5522.357500000001,29069.0158,34.045025012508326,28832.584000000003,35.14421565545424,34496.65376666667,29760.179441666667
2018-03-01,B1004,447729,50335,6135,2018,3,Mar,March,Q1,2018-03,Chicago,USA,0.0968,1.2100000000000002,0.0605,27087.604499999998,4872.428,7423.350000000001,39383.3825,68.77927384728825,12.371786501578425,18.84893965113332,448275.0,-0.12180023423121968,299227.0,49.628542878817754,394210.0,379116.9166666667,43190.0,16.543181291965734,29326.0,71.63950078428698,49332.0,43325.5,6334.0,-3.141774550047363,3741.0,63.99358460304732,5934.666666666667,5122.583333333333,27120.6375,-0.12180023423123104,16457.485,64.59139716669951,23849.704999999998,21393.469166666666,4180.7919999999995,16.543181291965745,2580.6879999999996,88.8034508627157,4775.3376,3921.1744,7664.140000000001,-3.1417745500473626,4115.1,80.39294306335206,7180.946666666668,5798.045000000001,38965.5695,1.0722620132627652,23153.273,70.09855366884845,35805.98926666667,31112.688566666668
2018-04-01,B1004,426801,37271,5766,2018,4,Apr,April,Q2,2018-04,Chicago,USA,0.0968,1.2100000000000002,0.0605,25821.4605,3607.8327999999997,6976.8600000000015,36406.153300000005,70.92608847526881,9.909953326488901,19.163958198242277,447729.0,-4.674256079012081,480885.0,-11.246763779281949,440935.0,374609.9166666667,50335.0,-25.95410747988477,31622.0,17.864145215356398,43598.666666666664,43796.25,6135.0,-6.014669926650367,3592.0,60.52338530066815,6078.333333333333,5303.75,27087.604499999998,-4.674256079012069,26448.675,-2.371440157210137,26676.5675,21341.201291666668,4872.428,-25.954107479884776,2782.736,29.650559736892028,4220.350933333332,3989.9324666666666,7423.350000000001,-6.014669926650363,3951.2000000000003,76.57572383073499,7354.783333333334,6050.183333333334,39383.3825,-7.5596076593979555,33182.611,9.714552902422321,38251.70176666667,31381.317091666668
2018-05-01,B1004,218038,48891,4011,2018,5,May,May,Q2,2018-05,Chicago,USA,0.0968,1.2100000000000002,0.0605,13191.298999999999,4732.6488,4853.31,22777.2578,57.91434208555166,20.777956861865963,21.307701052582374,426801.0,-48.913428037891194,239647.0,-9.017012522585302,364189.3333333333,372809.1666666667,37271.0,31.1770545464302,46809.0,4.447862590527462,45499.0,43969.75,5766.0,-30.437044745057236,5356.0,-25.11202389843167,5304.0,5191.666666666667,25821.4605,-48.9134280378912,13180.585000000001,0.08128622515615294,22033.45466666667,21342.094125,3607.8327999999997,31.17705454643021,4119.192,14.892648849580207,4404.303199999999,4041.0538666666666,6976.8600000000015,-30.43704474505724,5891.6,-17.62322628827483,6417.840000000001,5963.659166666667,36406.153300000005,-37.435692224039514,23191.377,-1.785660247772269,32855.59786666667,31346.807158333333
2018-06-01,B1004,220166,28002,4294,2018,6,Jun,June,Q2,2018-06,Chicago,USA,0.0968,1.2100000000000002,0.0605,13320.043,2710.5935999999997,5195.740000000001,21226.3766,62.752316379800774,12.769930785078031,24.477752835121187,218038.0,0.9759766646180942,248569.0,-11.426605892126531,288335.0,370442.25,48891.0,-42.72565502853286,39142.0,-28.46047723672781,38054.666666666664,43041.416666666664,4011.0,7.05559710795313,5611.0,-23.471751915879523,4690.333333333333,5081.916666666667,13191.298999999999,0.9759766646180987,13671.295,-2.569266481339189,17444.267499999998,21312.823125,4732.6488,-42.72565502853286,3444.4959999999996,-21.306524960400594,3683.691733333333,3979.8953333333325,4853.31,7.055597107953135,6172.1,-15.818927107467468,5675.303333333333,5882.2958333333345,22777.2578,-6.80890216731884,23287.891000000003,-8.852301825012852,26803.26256666667,31175.014291666666
2018-07-01,B1004,405977,51630,6005,2018,7,Jul,July,Q3,2018-07,Chicago,USA,0.0968,1.2100000000000002,0.0605,24561.6085,4997.784,7266.050000000001,36825.4425,66.6973886328725,13.571551787870572,19.731059579256925,220166.0,84.39586493827385,244114.0,66.30631590158697,281393.6666666667,383930.8333333333,28002.0,84.37968716520248,40158.0,28.56715971910952,42841.0,43997.416666666664,4294.0,39.846297158826275,4781.0,25.601338632085337,4770.0,5183.916666666667,13320.043,84.39586493827385,13426.27,82.93694749174564,17024.316833333334,22240.768,2710.5935999999997,84.37968716520248,3533.904,41.42387569102046,4147.0088,4101.885333333333,5195.740000000001,39.846297158826275,5259.1,38.161472495293886,5771.700000000001,6049.541666666668,21226.3766,73.4890659576821,22219.273999999998,65.73647950873644,26943.025633333335,32392.195000000003
2018-08-01,B1004,383208,38249,5700,2018,8,Aug,August,Q3,2018-08,Chicago,USA,0.0968,1.2100000000000002,0.0605,23184.084,3702.5032,6897.000000000001,33783.5872,68.62528796231561,10.95947324385967,20.415238793824713,405977.0,-5.6084457986536185,305006.0,25.639495616479675,336450.3333333333,390447.6666666667,51630.0,-25.917102459810188,49354.0,-22.500709162377923,39293.666666666664,43072.0,6005.0,-5.07910074937552,4612.0,23.590633130962708,5333.0,5274.583333333333,24561.6085,-5.608445798653617,16775.33,38.20344517812762,20355.245166666664,22774.83083333333,4997.784,-25.91710245981018,4343.152,-14.750780078615714,3803.626933333333,4048.4979333333335,7266.050000000001,-5.079100749375522,5073.200000000001,35.94969644405898,6452.93,6201.5250000000015,36825.4425,-8.26020026779039,26191.682000000004,28.98593988732757,30611.8021,33024.85376666667
2018-09-01,B1004,423928,27309,6677,2018,9,Sep,September,Q3,2018-09,Chicago,USA,0.0968,1.2100000000000002,0.0605,25647.644,2643.5112,8079.170000000001,36370.3252,70.51804969838433,7.268318843626946,22.213631457988726,383208.0,10.626082962777394,428191.0,-0.9955837465056482,404371.0,390092.4166666667,38249.0,-28.602054955685112,47199.0,-42.14072332040933,39062.666666666664,41414.5,5700.0,17.140350877192983,6054.0,10.290716881400726,6127.333333333333,5326.5,23184.084,10.626082962777401,23550.505,8.904857878843783,24464.4455,22949.592416666666,3702.5032,-28.60205495568512,4153.512,-36.354795652450264,3781.266133333333,3922.6645333333327,6897.000000000001,17.14035087719298,6659.400000000001,21.319788569540805,7414.073333333334,6319.839166666668,33783.5872,7.656789033936566,34363.417,5.84024632940315,35659.784966666666,33192.09611666666
2018-10-01,B1004,213170,32700,6298,2018,10,Oct,October,Q4,2018-10,Chicago,USA,0.0968,1.2100000000000002,0.0605,12896.785,3165.36,7620.580000000001,23682.725000000002,54.45650785540938,13.365691659215736,32.17780048537489,423928.0,-49.71551772942575,448594.0,-52.48041659050278,340102.0,370473.75,27309.0,19.740744809403495,32220.0,1.48975791433892,32752.666666666668,41454.5,6677.0,-5.676201887075034,3202.0,96.68956901936289,6225.0,5584.5,25647.644,-49.71551772942575,24672.670000000002,-47.72845824955305,20576.171,21968.268666666667,2643.5112,19.740744809403502,2835.3599999999997,11.638733705772829,3170.4581333333335,3950.1645333333327,8079.170000000001,-5.6762018870750355,3522.2000000000003,116.3585259212992,7532.25,6661.370833333334,36370.3252,-34.884483793397585,31030.230000000003,-23.678538637966913,31278.879133333336,32579.804033333334
2018-11-01,B1004,302079,57541,6048,2018,11,Nov,November,Q4,2018-11,Chicago,USA,0.0968,1.2100000000000002,0.0605,18275.7795,5569.9688,7318.080000000001,31163.8283,58.64420546817093,17.873185368563977,23.482609163265096,213170.0,41.708026457756716,479899.0,-37.053630034653125,313059.0,355655.4166666667,32700.0,75.9663608562691,44109.0,30.45183522637104,39183.333333333336,42573.833333333336,6298.0,-3.9695141314703077,6124.0,-1.2410189418680602,6341.0,5578.166666666667,12896.785,41.70802645775672,26394.445,-30.758993038118437,18940.0695,21291.71320833333,3165.36,75.9663608562691,3881.5919999999996,43.49701874900814,3792.9466666666667,4090.8626,7620.580000000001,-3.9695141314703077,6736.400000000001,8.634879163945138,7672.610000000001,6709.844166666669,23682.725000000002,31.588861923617312,37012.437,-15.801739020859387,30405.62616666667,32092.419975
2018-12-01,B1004,480456,39682,5174,2018,12,Dec,December,Q4,2018-12,Chicago,USA,0.0968,1.2100000000000002,0.0605,29067.588,3841.2176,6260.540000000001,39169.3456,74.21004245728324,9.806693323975267,15.983264218741509,302079.0,59.04978499001917,491868.0,-2.3201346702773917,331901.6666666667,354704.4166666667,57541.0,-31.03699970455849,41297.0,-3.91069569218103,43307.666666666664,42439.25,6048.0,-14.451058201058201,4335.0,19.354094579008073,5840.0,5648.083333333333,18275.7795,59.04978499001916,27052.74,7.447851862694862,20080.05083333333,21459.617208333333,5569.9688,-31.03699970455849,3634.136,5.698234738600867,4192.182133333333,4108.1194,7318.080000000001,-14.451058201058197,4768.5,31.289504036908898,7066.400000000001,6834.180833333335,31163.8283,25.68849123071314,35455.376000000004,10.475053486952152,31338.632966666668,32401.91744166667
2019-01-01,B1004,329374,33900,5351,2019,1,Jan,January,Q1,2019-01,Chicago,USA,0.10648,1.3310000000000004,0.06655,21919.8397,3609.672,7122.181000000002,32651.6927,67.13232266822112,11.055083830309355,21.812593501469536,480456.0,-31.445543400436254,286626.0,14.914208759847329,370636.3333333333,358266.75,39682.0,-14.570838163399022,54471.0,-37.76504929228397,43707.666666666664,40725.0,5174.0,3.4209509083880945,5335.0,0.2999062792877226,5524.333333333333,5649.416666666667,29067.588,-24.590097740479873,17340.873,26.405629635832067,23087.735733333335,21841.197766666668,3841.2176,-6.027921979738923,5272.7928,-31.541554221512364,4340.286133333333,3969.526,6260.540000000001,13.763045999226925,6455.350000000001,10.329896907216508,6900.267000000001,6889.750083333335,39169.3456,-16.639677789255693,29069.0158,12.324727210062607,34328.28886666667,32700.47385
2019-02-01,B1004,307980,41143,6235,2019,2,Feb,February,Q1,2019-02,Chicago,USA,0.10648,1.3310000000000004,0.06655,20496.069,4380.90664,8298.785000000002,33175.76064,61.78025342782314,13.20514301853849,25.014603553638377,329374.0,-6.495351788544329,448275.0,-31.29663710891752,372603.3333333333,346575.5,33900.0,21.365781710914455,43190.0,-4.739523037740217,38241.666666666664,40554.416666666664,5351.0,16.52027658381611,6334.0,-1.5629933691190403,5586.666666666667,5641.166666666667,21919.8397,-6.495351788544333,27120.6375,-24.426300819809274,23827.832233333334,21289.150391666666,3609.672,21.365781710914458,4180.7919999999995,4.786524658485778,3943.93208,3986.2022200000006,7122.181000000002,16.520276583816095,7664.140000000001,8.28070729396906,7227.168666666667,6942.637166666667,32651.6927,1.6050253345671137,38965.5695,-14.85878157125356,34998.932980000005,32217.989778333333
2019-03-01,B1004,312573,38498,4772,2019,3,Mar,March,Q1,2019-03,Chicago,USA,0.10648,1.3310000000000004,0.06655,20801.73315,4099.267040000001,6351.532000000002,31252.53219,66.56015270550145,13.116591689526071,20.323255604972474,307980.0,1.491330605883499,447729.0,-30.187010446051072,316642.3333333333,335312.5,41143.0,-6.428797122232215,50335.0,-23.516439852985,37847.0,39568.0,6235.0,-23.464314354450682,6135.0,-22.216788916055418,5452.666666666667,5527.583333333333,20496.069,1.4913306058835014,27087.604499999998,-23.20571149065617,21072.547283333333,20765.327779166666,4380.90664,-6.428797122232203,4872.428,-15.868083838283486,4029.9485600000003,3921.7721400000005,8298.785000000002,-23.464314354450675,7423.350000000001,-14.438467807660949,7257.499333333334,6853.319,33175.76064,-5.79708923894623,39383.3825,-20.64538339234828,32359.995176666667,31540.418919166666
2019-04-01,B1004,372903,51970,6313,2019,4,Apr,April,Q2,2019-04,Chicago,USA,0.10648,1.3310000000000004,0.06655,24816.694649999998,5533.765600000001,8402.603000000003,38753.06325,64.03802065892171,14.279556597374278,21.682422743704016,312573.0,19.301091265080476,426801.0,-12.62836778732946,331152.0,330821.0,38498.0,34.99402566367084,37271.0,39.43816908588447,43870.333333333336,40792.916666666664,4772.0,32.29253981559095,5766.0,9.48664585501214,5773.333333333333,5573.166666666667,20801.73315,19.301091265080466,25821.4605,-3.8912045660624166,22038.165599999997,20681.597291666665,4099.267040000001,34.99402566367083,3607.8327999999997,53.38198599447295,4671.313093333333,4082.26654,6351.532000000002,32.29253981559095,6976.8600000000015,20.43531044051337,7684.306666666668,6972.130916666668,31252.53219,23.999754689957484,36406.153300000005,6.44646505402699,34393.78536,31735.994748333334
2019-05-01,B1004,347852,30824,6972,2019,5,May,May,Q2,2019-05,Chicago,USA,0.10648,1.3310000000000004,0.06655,23149.5506,3282.13952,9279.732000000004,35711.42212,64.82393930494078,9.190727574418982,25.985333120640234,372903.0,-6.717832787615009,218038.0,59.537328355607734,344442.6666666667,341638.8333333333,51970.0,-40.68885895709063,48891.0,-36.95363154772862,40430.666666666664,39287.333333333336,6313.0,10.438777126564233,4011.0,73.82198952879581,6019.0,5819.916666666667,24816.694649999998,-6.717832787615007,13191.298999999999,75.49106119116851,22922.659466666664,21511.451591666668,5533.765600000001,-40.68885895709064,4732.6488,-30.64899470250148,4305.057386666667,3961.390766666666,8402.603000000003,10.438777126564238,4853.31,91.20418848167546,8011.289000000002,7340.999416666668,38753.06325,-7.848776006113519,22777.2578,56.7854323534943,35239.005853333336,32813.841775
2019-06-01,B1004,483655,32921,4329,2019,6,Jun,June,Q2,2019-06,Chicago,USA,0.10648,1.3310000000000004,0.06655,32187.24025,3505.42808,5761.899000000002,41454.567330000005,77.64461752494667,8.456072046524962,13.899310428528361,347852.0,39.04045398617803,220166.0,119.67742521551921,401470.0,363596.25,30824.0,6.803140410070076,28002.0,17.566602385543888,38571.666666666664,39697.25,6972.0,-37.90877796901893,4294.0,0.8150908244061481,5871.333333333333,5822.833333333333,23149.5506,39.04045398617803,13320.043,141.6451677370711,26717.8285,23083.718029166663,3282.13952,6.803140410070075,2710.5935999999997,29.3232626240983,4107.111066666667,4027.626973333334,9279.732000000004,-37.908777969018935,5195.740000000001,10.89659990684679,7814.744666666668,7388.179333333334,35711.42212,16.082096060754697,21226.3766,95.2974269287204,38639.68423333334,34499.52433583333
2019-07-01,B1004,348251,31368,6857,2019,7,Jul,July,Q3,2019-07,Chicago,USA,0.10648,1.3310000000000004,0.06655,23176.104049999998,3340.06464,9126.667000000003,35642.83569,65.02317675162506,9.370928477885089,25.605894770489858,483655.0,-27.99598887636849,405977.0,-14.21903211265663,393252.6666666667,358785.75,32921.0,-4.717353664833997,51630.0,-39.24462521789657,31704.333333333332,38008.75,4329.0,58.3968583968584,6005.0,14.188176519567028,6052.666666666667,5893.833333333333,32187.24025,-27.99598887636849,24561.6085,-5.640935323922293,26170.964966666666,22968.259324999995,3505.42808,-4.717353664833999,4997.784,-33.16908773968622,3375.8774133333336,3889.483693333333,5761.899000000002,58.396858396858384,7266.050000000001,25.606994171523755,8056.099333333335,7543.2307500000015,41454.567330000005,-14.01952068088321,36825.4425,-3.21138519924098,37602.94171333334,34400.97376833333
2019-08-01,B1004,264184,48705,4775,2019,8,Aug,August,Q3,2019-08,Chicago,USA,0.10648,1.3310000000000004,0.06655,17581.4452,5186.1084,6355.525000000002,29123.0786,60.36945970403005,17.807555551493103,21.82298474447685,348251.0,-24.13977275011414,383208.0,-31.0598943654621,365363.3333333333,348867.0833333333,31368.0,55.26970160673298,38249.0,27.336662396402524,37664.666666666664,38880.083333333336,6857.0,-30.363132565261775,5700.0,-16.228070175438596,5320.333333333333,5816.75,23176.104049999998,-24.139772750114144,23184.084,-24.165883802008313,24314.92983333333,22501.372758333335,3340.06464,55.26970160673298,3702.5032,40.07032863604277,4010.5337066666666,4013.11746,9126.667000000003,-30.363132565261775,6897.000000000001,-7.850877192982433,7081.363666666668,7498.107833333335,35642.83569,-18.291914668925152,33783.5872,-13.795185728530335,35406.827206666676,34012.59805166667
2019-09-01,B1004,369415,53877,6204,2019,9,Sep,September,Q3,2019-09,Chicago,USA,0.10648,1.3310000000000004,0.06655,24584.56825,5736.82296,8257.524000000003,38578.91521000001,63.725400561878565,14.870358403734906,21.404241034386516,264184.0,39.832465251491385,423928.0,-12.859023230359872,327283.3333333333,344324.3333333333,48705.0,10.619032953495534,27309.0,97.28660881028233,44650.0,41094.083333333336,4775.0,29.92670157068063,6677.0,-7.0840197693574956,5945.333333333333,5777.333333333333,17581.4452,39.8324652514914,25647.644,-4.1449255533958596,21780.70583333333,22412.783112499998,5186.1084,10.619032953495541,2643.5112,117.01526969131058,4754.331999999999,4270.893440000001,6355.525000000002,29.92670157068063,8079.170000000001,2.2075782537067803,7913.238666666669,7512.970666666669,29123.0786,32.46853376964071,36370.3252,6.072505532614834,34448.27650000001,34196.64721916666
2019-10-01,B1004,249961,56681,4847,2019,10,Oct,October,Q4,2019-10,Chicago,USA,0.10648,1.3310000000000004,0.06655,16634.90455,6035.39288,6451.357000000002,29121.654430000002,57.12211368342921,20.72475962692069,22.1531266896501,369415.0,-32.335990687979645,213170.0,17.258995168175634,294520.0,347390.25,53877.0,5.204447166694508,32700.0,73.33639143730886,53087.666666666664,43092.5,6204.0,-21.87298517085751,6298.0,-23.039060019053668,5275.333333333333,5656.416666666667,24584.56825,-32.335990687979645,12896.785,28.984894684993197,19600.306,22724.293074999998,5736.82296,5.204447166694505,3165.36,90.67003058103977,5652.774746666667,4510.062846666667,8257.524000000003,-21.87298517085752,7620.580000000001,-15.34296602095902,7021.468666666668,7415.535416666669,38578.91521000001,-24.51406611233225,23682.725000000002,22.96580917103078,32274.549413333338,34649.891338333335
2019-11-01,B1004,456825,58332,5267,2019,11,Nov,November,Q4,2019-11,Chicago,USA,0.10648,1.3310000000000004,0.06655,30401.70375,6211.191360000001,7010.377000000002,43623.27211,69.6914795234511,14.238251876975033,16.070268599573886,249961.0,82.7585103276111,302079.0,51.226996911403965,358733.6666666667,360285.75,56681.0,2.912792646565869,57541.0,1.374671973027928,56296.666666666664,43158.416666666664,4847.0,8.665153703321641,6048.0,-12.913359788359788,5439.333333333333,5591.333333333333,16634.90455,82.75851032761112,18275.7795,66.34969660254436,23873.72551666667,23734.786762500004,6035.39288,2.912792646565875,5569.9688,11.512139170330741,5994.4690666666675,4563.498060000001,6451.357000000002,8.665153703321646,7318.080000000001,-4.204695767195748,7239.752666666668,7389.893500000002,29121.654430000002,49.79668210423166,31163.8283,39.980466103389475,37107.947250000005,35688.1783225
2019-12-01,B1004,360049,48434,7250,2019,12,Dec,December,Q4,2019-12,Chicago,USA,0.10648,1.3310000000000004,0.06655,23961.26095,5157.2523200000005,9649.750000000004,38768.26327,61.80638215109809,13.30276851475787,24.89084933414404,456825.0,-21.184479833634324,480456.0,-25.06098373212115,355611.6666666667,350251.8333333333,58332.0,-16.968387848865117,39682.0,22.055339952623356,54482.333333333336,43887.75,5267.0,37.649515853427,5174.0,40.12369540007731,5788.0,5764.333333333333,30401.70375,-21.184479833634327,29067.588,-17.567082105333267,23665.956416666668,23309.259508333333,6211.191360000001,-16.96838784886512,3841.2176,34.260873947885706,5801.278853333333,4673.16762,7010.377000000002,37.649515853427005,6260.540000000001,54.136064940085085,7703.828000000001,7672.327666666669,43623.27211,-11.12940090270545,39169.3456,-1.0239699536874507,37171.063270000006,35654.754795
2016-01-01,B1005,276221,35698,2810,2016,1,Jan,January,Q1,2016-01,Houston,USA,0.08,1.0,0.05,13811.050000000001,2855.84,2810.0,19476.89,70.90993479965232,14.662710525140307,14.427354675207388,,,,,276221.0,276221.0,,,,,35698.0,35698.0,,,,,2810.0,2810.0,,,,,13811.050000000001,13811.050000000001,,,,,2855.84,2855.84,,,,,2810.0,2810.0,,,,,19476.89,19476.89
2016-02-01,B1005,424629,21445,3802,2016,2,Feb,February,Q1,2016-02,Houston,USA,0.08,1.0,0.05,21231.45,1715.6000000000001,3802.0,26749.05,79.37272538650906,6.413685719679766,14.213588893811183,276221.0,53.72799316489333,,,350425.0,350425.0,35698.0,-39.92660653257886,,,28571.5,28571.5,2810.0,35.30249110320285,,,3306.0,3306.0,13811.050000000001,53.72799316489332,,,17521.25,17521.25,2855.84,-39.92660653257886,,,2285.7200000000003,2285.7200000000003,2810.0,35.30249110320285,,,3306.0,3306.0,19476.89,37.33737778464632,,,23112.97,23112.97
2016-03-01,B1005,417242,40682,3773,2016,3,Mar,March,Q1,2016-03,Houston,USA,0.08,1.0,0.05,20862.100000000002,3254.56,3773.0,27889.660000000003,74.8022743912977,11.669414399458436,13.528311209243855,424629.0,-1.73963624717106,,,372697.3333333333,372697.3333333333,21445.0,89.70389368151083,,,32608.333333333332,32608.333333333332,3802.0,-0.7627564439768543,,,3461.6666666666665,3461.6666666666665,21231.45,-1.739636247171053,,,18634.86666666667,18634.86666666667,1715.6000000000001,89.70389368151082,,,2608.6666666666665,2608.6666666666665,3802.0,-0.7627564439768543,,,3461.6666666666665,3461.6666666666665,26749.05,4.2641140526486145,,,24705.2,24705.2
2016-04-01,B1005,243752,35146,3775,2016,4,Apr,April,Q2,2016-04,Houston,USA,0.08,1.0,0.05,12187.6,2811.68,3775.0,18774.28,64.91647083137143,14.976233442773838,20.107295725854733,417242.0,-41.58018607906203,,,361874.3333333333,340461.0,40682.0,-13.607983874932403,,,32424.333333333332,33242.75,3773.0,0.05300821627352239,,,3783.3333333333335,3540.0,20862.100000000002,-41.58018607906204,,,18093.716666666667,17023.050000000003,3254.56,-13.607983874932405,,,2593.9466666666667,2659.42,3773.0,0.05300821627352239,,,3783.3333333333335,3540.0,27889.660000000003,-32.683725796585556,,,24470.99666666667,23222.47
2016-05-01,B1005,470276,26339,4602,2016,5,May,May,Q2,2016-05,Houston,USA,0.08,1.0,0.05,23513.800000000003,2107.12,4602.0,30222.920000000002,77.80121841304548,6.9719272657969515,15.226854321157585,243752.0,92.93216055663133,,,377090.0,366424.0,35146.0,-25.058328116997668,,,34055.666666666664,31862.0,3775.0,21.90728476821192,,,4050.0,3752.4,12187.6,92.93216055663135,,,18854.500000000004,18321.2,2811.68,-25.058328116997668,,,2724.453333333333,2548.96,3775.0,21.90728476821192,,,4050.0,3752.4,18774.28,60.98044771890056,,,25628.953333333335,24622.56
2016-06-01,B1005,371226,35925,4491,2016,6,Jun,June,Q2,2016-06,Houston,USA,0.08,1.0,0.05,18561.3,2874.0,4491.0,25926.3,71.5925527360248,11.085268626838385,17.322178637136805,470276.0,-21.06209970315304,,,361751.3333333333,367224.3333333333,26339.0,36.394699874710504,,,32470.0,32539.166666666668,4602.0,-2.411994784876141,,,4289.333333333333,3875.5,23513.800000000003,-21.062099703153056,,,18087.56666666667,18361.216666666667,2107.12,36.39469987471051,,,2597.6,2603.133333333333,4602.0,-2.411994784876141,,,4289.333333333333,3875.5,30222.920000000002,-14.216429120680605,,,24974.5,24839.850000000002
2016-07-01,B1005,284561,41079,5058,2016,7,Jul,July,Q3,2016-07,Houston,USA,0.08,1.0,0.05,14228.050000000001,3286.32,5058.0,22572.370000000003,63.03303552086024,14.559038328717808,22.40792615042195,371226.0,-23.34561695570892,,,375354.3333333333,355415.28571428574,35925.0,14.346555323590815,,,34447.666666666664,33759.142857142855,4491.0,12.625250501002002,,,4717.0,4044.4285714285716,18561.3,-23.345616955708913,,,18767.716666666667,17770.764285714286,2874.0,14.34655532359082,,,2755.813333333333,2700.7314285714283,4491.0,12.625250501002002,,,4717.0,4044.4285714285716,25926.3,-12.936400489078645,,,26240.53,24515.924285714285
2016-08-01,B1005,329126,35694,3271,2016,8,Aug,August,Q3,2016-08,Houston,USA,0.08,1.0,0.05,16456.3,2855.52,3271.0,22582.82,72.87088149309962,12.644656424662642,14.484462082237737,284561.0,15.660965487189038,,,328304.3333333333,352129.125,41079.0,-13.108887752866426,,,37566.0,34001.0,5058.0,-35.330170027678925,,,4273.333333333333,3947.75,14228.050000000001,15.660965487189024,,,16415.216666666667,17606.456250000003,3286.32,-13.108887752866433,,,3005.28,2720.08,5058.0,-35.330170027678925,,,4273.333333333333,3947.75,22572.370000000003,0.04629553742029343,,,23693.83,24274.28625
2016-09-01,B1005,404468,44257,2509,2016,9,Sep,September,Q3,2016-09,Houston,USA,0.08,1.0,0.05,20223.4,3540.56,2509.0,26272.960000000003,76.97419704517496,13.476060558079483,9.54974239674555,329126.0,22.891536979758513,,,339385.0,357944.55555555556,35694.0,23.990026334958255,,,40343.333333333336,35140.555555555555,3271.0,-23.295628248242128,,,3612.6666666666665,3787.8888888888887,16456.3,22.891536979758527,,,16969.25,17897.227777777778,2855.52,23.990026334958255,,,3227.466666666667,2811.2444444444445,3271.0,-23.295628248242128,,,3612.6666666666665,3787.8888888888887,22582.82,16.34047475027478,,,23809.38333333333,24496.36111111111
2016-10-01,B1005,361418,28023,4131,2016,10,Oct,October,Q4,2016-10,Houston,USA,0.08,1.0,0.05,18070.9,2241.84,4131.0,24443.74,73.92853957700417,9.17142794024155,16.900032482754273,404468.0,-10.643610866619856,,,365004.0,358291.9,44257.0,-36.68120297354091,,,35991.333333333336,34428.8,2509.0,64.64726982861698,,,3303.6666666666665,3822.2,20223.4,-10.643610866619856,,,18250.2,17914.595,3540.56,-36.681202973540906,,,2879.306666666667,2754.304,2509.0,64.64726982861698,,,3303.6666666666665,3822.2,26272.960000000003,-6.9623673921781215,,,24433.173333333336,24491.099000000002
2016-11-01,B1005,494823,26004,4515,2016,11,Nov,November,Q4,2016-11,Houston,USA,0.08,1.0,0.05,24741.15,2080.32,4515.0,31336.47,78.95321330066852,6.638654577238598,14.408132122092884,361418.0,36.91155393477912,,,420236.3333333333,370703.8181818182,28023.0,-7.204796060378975,,,32761.333333333332,33662.90909090909,4131.0,9.295570079883806,,,3718.3333333333335,3885.181818181818,18070.9,36.91155393477912,,,21011.81666666667,18535.19090909091,2241.84,-7.204796060378974,,,2620.9066666666663,2693.0327272727272,4131.0,9.295570079883806,,,3718.3333333333335,3885.181818181818,24443.74,28.198344443198952,,,27351.056666666667,25113.405454545456
2016-12-01,B1005,293486,50913,3943,2016,12,Dec,December,Q4,2016-12,Houston,USA,0.08,1.0,0.05,14674.300000000001,4073.04,3943.0,22690.34,64.67201461062285,17.95054635585011,17.377439033527043,494823.0,-40.6886907035445,,,383242.3333333333,364269.0,26004.0,95.78910936778956,,,34980.0,35100.416666666664,4515.0,-12.668881506090809,,,4196.333333333333,3890.0,24741.15,-40.6886907035445,,,19162.11666666667,18213.45,2080.32,95.78910936778955,,,2798.4,2808.0333333333333,4515.0,-12.668881506090809,,,4196.333333333333,3890.0,31336.47,-27.591269852666876,,,26156.850000000002,24911.483333333334
2017-01-01,B1005,404167,43667,3853,2017,1,Jan,January,Q1,2017-01,Houston,USA,0.088,1.1,0.055,22229.185,3842.696,4238.3,30310.181,73.339004475097,12.677905156686462,13.98309036821654,293486.0,37.71253143250445,276221.0,46.32015668613176,397492.0,374931.1666666667,50913.0,-14.232121462102018,35698.0,22.323379461034232,40194.666666666664,35764.5,3943.0,-2.282525995434948,2810.0,37.11743772241993,4103.666666666667,3976.9166666666665,14674.300000000001,51.48378457575489,13811.050000000001,60.952172354744924,20548.21166666667,18914.961250000004,4073.04,-5.65533360831222,2855.84,34.55571740713764,3332.018666666667,2890.2713333333336,3943.0,7.489221405021562,2810.0,50.829181494661924,4232.099999999999,4009.025,22690.34,33.581872285739216,19476.89,55.6212567817552,28112.33033333333,25814.257583333336
2017-02-01,B1005,453588,36411,4340,2017,2,Feb,February,Q1,2017-02,Houston,USA,0.088,1.1,0.055,24947.34,3204.1679999999997,4774.0,32925.508,75.76903597053081,9.731567391458317,14.49939663801087,404167.0,12.227866203821687,424629.0,6.81983566831281,383747.0,377344.4166666667,43667.0,-16.616667048343142,21445.0,69.78782933084635,43663.666666666664,37011.666666666664,3853.0,12.639501686997146,3802.0,14.150447133087848,4045.3333333333335,4021.75,22229.185,12.227866203821682,21231.45,17.501819235144087,20616.94166666667,19224.61875,3842.696,-16.61666704834315,1715.6000000000001,86.76661226393095,3706.634666666667,3014.3186666666666,4238.3,12.63950168699714,3802.0,25.565491846396633,4318.433333333333,4090.025,30310.181,8.628542996823414,26749.05,23.090382649103436,28642.009666666665,26328.962416666665
2017-03-01,B1005,258578,44384,4314,2017,3,Mar,March,Q1,2017-03,Houston,USA,0.088,1.1,0.055,14221.79,3905.792,4745.400000000001,22872.982000000004,62.17724475103421,17.076006967521764,20.74674828144402,453588.0,-42.992759949557744,417242.0,-38.02685252203757,372111.0,364122.4166666667,36411.0,21.897228859410617,40682.0,9.099847598446487,41487.333333333336,37320.166666666664,4340.0,-0.599078341013825,3773.0,14.338722501987808,4169.0,4066.8333333333335,24947.34,-42.992759949557744,20862.100000000002,-31.829537774241327,20466.105,18671.259583333336,3204.1679999999997,21.897228859410628,3254.56,20.009832358291135,3650.885333333333,3068.5879999999997,4774.0,-0.5990783410138135,3773.0,25.772594752186606,4585.900000000001,4171.058333333333,32925.508,-30.531118912424972,27889.660000000003,-17.987591100070777,28702.890333333333,25910.90591666667
2017-04-01,B1005,492266,28065,5576,2017,4,Apr,April,Q2,2017-04,Houston,USA,0.088,1.1,0.055,27074.63,2469.72,6133.6,35677.950000000004,75.88617058995821,6.922258706007491,17.191570704034284,258578.0,90.37427778078569,243752.0,101.95362499589746,401477.3333333333,384831.9166666667,44384.0,-36.767754145638065,35146.0,-20.147385193194104,36286.666666666664,36730.083333333336,4314.0,29.253592953175705,3775.0,47.70860927152318,4743.333333333333,4216.916666666667,14221.79,90.37427778078568,12187.6,122.14898749548722,22081.253333333338,19911.845416666667,3905.792,-36.76775414563807,2811.68,-12.162123712513518,3193.226666666666,3040.0913333333338,4745.400000000001,29.2535929531757,3775.0,62.4794701986755,5217.666666666667,4367.608333333334,22872.982000000004,55.98294092130182,18774.28,90.03631564033351,30492.146666666667,27319.545083333334
2017-05-01,B1005,386528,37586,3003,2017,5,May,May,Q2,2017-05,Houston,USA,0.088,1.1,0.055,21259.04,3307.5679999999998,3303.3,27869.908,76.27954853672284,11.867882735744947,11.85256872753222,492266.0,-21.479850324824383,470276.0,-17.808265784347917,379124.0,377852.9166666667,28065.0,33.92481738820595,26339.0,42.700937772884316,36678.333333333336,37667.333333333336,5576.0,-46.1441893830703,4602.0,-34.74576271186441,4297.666666666667,4083.6666666666665,27074.63,-21.479850324824383,23513.800000000003,-9.589092362782715,20851.820000000003,19723.94875,2469.72,33.92481738820595,2107.12,56.97103155017275,3227.6933333333327,3140.128666666667,6133.6,-46.1441893830703,4602.0,-28.22033898305084,4727.433333333333,4259.383333333333,35677.950000000004,-21.88478317840572,30222.920000000002,-7.785521716630963,28806.94666666667,27123.460750000002
2017-06-01,B1005,377542,39261,5087,2017,6,Jun,June,Q2,2017-06,Houston,USA,0.088,1.1,0.055,20764.81,3454.968,5595.700000000001,29815.478000000003,69.64439745021025,11.58783367484499,18.76776887494475,386528.0,-2.3247992383475453,371226.0,1.7013894500923967,418778.6666666667,378379.25,37586.0,4.45644654924706,35925.0,9.286012526096034,34970.666666666664,37945.333333333336,3003.0,69.3972693972694,4491.0,13.270986417279001,4555.333333333333,4133.333333333333,21259.04,-2.324799238347543,18561.3,11.871528395101647,23032.82666666667,19907.57458333333,3307.5679999999998,4.4564465492470635,2874.0,20.21461377870563,3077.4186666666665,3188.5426666666667,3303.3,69.39726939726941,4491.0,24.59808505900692,5010.866666666668,4351.441666666667,27869.908,6.980898537591167,25926.3,15.000898701318752,31121.112000000005,27447.558916666672
2017-07-01,B1005,314616,24991,5322,2017,7,Jul,July,Q3,2017-07,Houston,USA,0.088,1.1,0.055,17303.88,2199.208,5854.200000000001,25357.288,68.24026291770635,8.672883314651,23.086853767642662,377542.0,-16.667284699450658,284561.0,10.561883040894571,359562.0,380883.8333333333,39261.0,-36.346501617381115,41079.0,-39.16356289101488,33946.0,36604.666666666664,5087.0,4.619618635738156,5058.0,5.2194543297746145,4470.666666666667,4155.333333333333,20764.81,-16.667284699450658,14228.050000000001,21.618071344984024,19775.910000000003,20163.89375,3454.968,-36.34650161738111,3286.32,-33.07991918011636,2987.248,3097.9500000000003,5595.700000000001,4.6196186357381555,5058.0,15.74139976275209,4917.733333333334,4417.791666666667,29815.478000000003,-14.952602805831258,22572.370000000003,12.337729711146848,27680.891333333333,27679.635416666668
2017-08-01,B1005,485495,36467,3186,2017,8,Aug,August,Q3,2017-08,Houston,USA,0.088,1.1,0.055,26702.225,3209.096,3504.6000000000004,33415.921,79.90869083033803,9.603494094925589,10.487815074736382,314616.0,54.313512345208125,329126.0,47.51037596543573,392551.0,393914.5833333333,24991.0,45.92053139130087,35694.0,2.1656300778842383,33573.0,36669.083333333336,5322.0,-40.135287485907554,3271.0,-2.5985937022317334,4531.666666666667,4148.25,17303.88,54.31351234520812,16456.3,62.2614135619793,21590.305000000004,21017.720833333333,2199.208,45.92053139130086,2855.52,12.382193085672663,2954.4240000000004,3127.414666666666,5854.200000000001,-40.135287485907554,3271.0,7.141546927545105,4984.833333333335,4437.258333333334,25357.288,31.780342598151666,22582.82,47.970541323005726,29529.562333333335,28582.393833333335
2017-09-01,B1005,242689,42843,3138,2017,9,Sep,September,Q3,2017-09,Houston,USA,0.088,1.1,0.055,13347.895,3770.1839999999997,3451.8,20569.879,64.89048866062849,18.328663965403003,16.78084737396851,485495.0,-50.01204955766795,404468.0,-39.99797264554922,347600.0,380433.0,36467.0,17.484300874763484,44257.0,-3.1949748062453396,34767.0,36551.25,3186.0,-1.5065913370998116,2509.0,25.069748903945793,3882.0,4200.666666666667,26702.225,-50.01204955766795,20223.4,-33.99776991010414,19118.000000000004,20444.76208333333,3209.096,17.484300874763477,3540.56,6.4855277131301206,3059.4959999999996,3146.5499999999997,3504.6000000000004,-1.5065913370998167,2509.0,37.57672379434038,4270.200000000001,4515.825,33415.921,-38.44287877027241,26272.960000000003,-21.70703643594023,26447.696,28107.137083333335
2017-10-01,B1005,439347,40119,5624,2017,10,Oct,October,Q4,2017-10,Houston,USA,0.088,1.1,0.055,24164.085,3530.4719999999998,6186.400000000001,33880.957,71.32055036107745,10.42022514299109,18.25922449593145,242689.0,81.03292691469329,361418.0,21.5620140668146,389177.0,386927.0833333333,42843.0,-6.358098172396891,28023.0,43.164543410769724,39809.666666666664,37559.25,3138.0,79.22243467176546,4131.0,36.141370128298234,3982.6666666666665,4325.083333333333,13347.895,81.03292691469328,18070.9,33.71821547349605,21404.735,20952.5275,3770.1839999999997,-6.358098172396891,2241.84,57.48099775184667,3503.2506666666663,3253.936,3451.8,79.22243467176546,4131.0,49.75550714112807,4380.933333333333,4687.108333333334,20569.879,64.71150365055624,24443.74,38.60790942793533,29288.919000000005,28893.571833333335
2017-11-01,B1005,297837,51408,6123,2017,11,Nov,November,Q4,2017-11,Houston,USA,0.088,1.1,0.055,16381.035,4523.9039999999995,6735.3,27640.238999999998,59.26517133227394,16.367094365573323,24.367734302152744,439347.0,-32.20916496527801,494823.0,-39.80938638664735,326624.3333333333,370511.5833333333,40119.0,28.138787108352652,26004.0,97.69266266728197,44790.0,39676.25,5624.0,8.872688477951636,4515.0,35.61461794019933,4961.666666666667,4459.083333333333,24164.085,-32.20916496527801,24741.15,-33.790325025312086,17964.338333333337,20255.851250000003,3530.4719999999998,28.13878710835265,2080.32,117.4619289340101,3941.52,3457.5679999999998,6186.400000000001,8.872688477951629,4515.0,49.17607973421927,5457.833333333333,4872.133333333334,33880.957,-18.419544642732504,31336.47,-11.795301129961363,27363.691666666666,28585.552583333334
2017-12-01,B1005,364166,36509,4282,2017,12,Dec,December,Q4,2017-12,Houston,USA,0.088,1.1,0.055,20029.13,3212.792,4710.200000000001,27952.122000000003,71.65513230086789,11.493910909518782,16.850956789613324,297837.0,22.270235061459793,293486.0,24.0829204800229,367116.6666666667,376401.5833333333,51408.0,-28.981870525988175,50913.0,-28.29139905328698,42678.666666666664,38475.916666666664,6123.0,-30.06696064020905,3943.0,8.59751458280497,5343.0,4487.333333333333,16381.035,22.270235061459797,14674.300000000001,36.49121252802519,20191.41666666667,20702.087083333332,4523.9039999999995,-28.981870525988167,4073.04,-21.12053895861568,3755.7226666666666,3385.8806666666665,6735.3,-30.06696064020904,3943.0,19.457266041085486,5877.3,4936.066666666667,27640.238999999998,1.128365785838557,22690.34,23.189524705226994,29824.439333333332,29024.034416666673
2018-01-01,B1005,282898,28800,5016,2018,1,Jan,January,Q1,2018-01,Houston,USA,0.0968,1.2100000000000002,0.0605,17115.328999999998,2787.84,6069.360000000001,25972.529,65.89781457169612,10.733802626613683,23.368382801690206,364166.0,-22.31619645985622,404167.0,-30.004676284803068,314967.0,366295.8333333333,36509.0,-21.115341422662905,43667.0,-34.046304990038244,38905.666666666664,37237.0,4282.0,17.141522652965904,3853.0,30.18427199584739,5140.333333333333,4584.25,20029.13,-14.547816105841857,22229.185,-23.005143913283383,17841.831333333335,20275.932416666667,3212.792,-13.22687556492919,3842.696,-27.45093548904206,3508.1786666666667,3297.976,4710.200000000001,28.855674918262487,4238.3,43.20269919543214,5838.286666666667,5088.655,27952.122000000003,-7.082084859246121,30310.181,-14.310874619983306,27188.296666666665,28662.563416666668
2018-02-01,B1005,489440,45556,5656,2018,2,Feb,February,Q1,2018-02,Houston,USA,0.0968,1.2100000000000002,0.0605,29611.12,4409.8207999999995,6843.760000000001,40864.7008,72.46136499303574,10.791271473104729,16.747363533859524,282898.0,73.00935319443758,453588.0,7.904089173434923,378834.6666666667,369283.5,28800.0,58.18055555555556,36411.0,25.11603636263767,36955.0,37999.083333333336,5016.0,12.759170653907494,4340.0,30.32258064516129,4984.666666666667,4693.916666666667,17115.328999999998,73.0093531944376,24947.34,18.69449809077841,22251.859666666667,20664.580749999997,2787.84,58.18055555555552,3204.1679999999997,37.62763999890143,3470.150933333333,3398.447066666666,6069.360000000001,12.759170653907503,4774.0,43.354838709677445,5874.440000000001,5261.135,25972.529,57.338166029191854,32925.508,24.112590153506506,31596.4506,29324.162816666667
2018-03-01,B1005,369648,26230,4631,2018,3,Mar,March,Q1,2018-03,Houston,USA,0.0968,1.2100000000000002,0.0605,22363.703999999998,2539.064,5603.510000000001,30506.278,73.30853013271563,8.323086808557898,18.368383058726472,489440.0,-24.475318731611637,258578.0,42.95415696617655,380662.0,378539.3333333333,45556.0,-42.42251295109316,44384.0,-40.9021268925739,33528.666666666664,36486.25,5656.0,-18.122347949080623,4314.0,7.348168752897542,5101.0,4720.333333333333,29611.12,-24.475318731611644,14221.79,57.24957266279418,23030.050999999996,21343.07358333333,4409.8207999999995,-42.422512951093154,3905.792,-34.992339581831295,3245.5749333333333,3284.553066666666,6843.760000000001,-18.12234794908062,4745.400000000001,18.082985628187306,6172.210000000002,5332.644166666667,40864.7008,-25.3480940694909,22872.982000000004,33.37254407842403,32447.835933333332,29960.270816666667
2018-04-01,B1005,424005,44684,4380,2018,4,Apr,April,Q2,2018-04,Houston,USA,0.0968,1.2100000000000002,0.0605,25652.302499999998,4325.4112,5299.800000000001,35277.513699999996,72.71573251490227,12.261099908523315,15.023167576574428,369648.0,14.705070770029865,492266.0,-13.866689960306013,427697.6666666667,372850.9166666667,26230.0,70.35455585207777,28065.0,59.216105469445935,38823.333333333336,37871.166666666664,4631.0,-5.419995681278341,5576.0,-21.44906743185079,4889.0,4620.666666666667,22363.703999999998,14.705070770029868,27074.63,-5.253358956336625,25875.708833333334,21224.546291666666,2539.064,70.35455585207777,2469.72,75.13771601639053,3758.0986666666663,3439.1939999999995,5603.510000000001,-5.419995681278341,6133.6,-13.593974175035855,5915.690000000001,5263.160833333334,30506.278,15.640176425324642,35677.950000000004,-1.12236353265815,35549.4975,29926.901125
2018-05-01,B1005,374627,39937,3581,2018,5,May,May,Q2,2018-05,Houston,USA,0.0968,1.2100000000000002,0.0605,22664.9335,3865.9015999999997,4333.01,30863.8451,73.43522307918788,12.525664211553472,14.039112709258642,424005.0,-11.645617386587423,386528.0,-3.078949002400861,389426.6666666667,371859.1666666667,44684.0,-10.62348939217617,37586.0,6.254988559570053,36950.333333333336,38067.083333333336,4380.0,-18.242009132420094,3003.0,19.24741924741925,4197.333333333333,4668.833333333333,25652.302499999998,-11.64561738658742,21259.04,6.613156097359045,23560.313333333335,21341.704083333334,4325.4112,-10.623489392176168,3307.5679999999998,16.880487415527057,3576.792266666666,3485.7217999999993,5299.800000000001,-18.242009132420105,3303.3,31.17216117216117,5078.773333333334,5348.970000000001,35277.513699999996,-12.511280237983433,27869.908,10.742543893578691,32215.878933333337,30176.395883333334
2018-06-01,B1005,426479,51301,5146,2018,6,Jun,June,Q2,2018-06,Houston,USA,0.0968,1.2100000000000002,0.0605,25801.979499999998,4965.9367999999995,6226.660000000001,36994.5763,69.7453034487112,13.423418502565736,16.831278048723053,374627.0,13.8409671486572,377542.0,12.962001578632313,408370.3333333333,375937.25,39937.0,28.454816335728772,39261.0,30.666564784391635,45307.333333333336,39070.416666666664,3581.0,43.70287629153868,5087.0,1.1598191468448986,4369.0,4673.75,22664.9335,13.84096714865719,20764.81,24.258201736495526,24706.405166666667,21761.468208333335,3865.9015999999997,28.454816335728772,3454.968,43.73322126283079,4385.749866666666,3611.635866666666,4333.01,43.702876291538686,5595.700000000001,11.275801061529387,5286.490000000001,5401.55,30863.8451,19.86379590791817,29815.478000000003,24.078427654253932,34378.645033333334,30774.654075
2018-07-01,B1005,383653,50413,4130,2018,7,Jul,July,Q3,2018-07,Houston,USA,0.0968,1.2100000000000002,0.0605,23211.0065,4879.9784,4997.300000000001,33088.2849,70.14871447749171,14.74835705370755,15.102928468800755,426479.0,-10.041760555619387,314616.0,21.943257812698654,394919.6666666667,381690.3333333333,51301.0,-1.7309604101284575,24991.0,101.72462086351086,47217.0,41188.916666666664,5146.0,-19.743490089389816,5322.0,-22.397594889139423,4285.666666666667,4574.416666666667,25801.979499999998,-10.04176055561938,17303.88,34.13758359396851,23892.639833333335,22253.72875,4965.9367999999995,-1.7309604101284484,2199.208,121.89708294986194,4570.6056,3835.0334,6226.660000000001,-19.74349008938981,5854.200000000001,-14.637354378053354,5185.656666666668,5330.141666666667,36994.5763,-10.559092144542284,25357.288,30.488263965767942,33648.9021,31418.90381666667
2018-08-01,B1005,231719,42088,4777,2018,8,Aug,August,Q3,2018-08,Houston,USA,0.0968,1.2100000000000002,0.0605,14018.9995,4074.1184,5780.170000000001,23873.287900000003,58.722533564385984,17.065594052505855,24.21187238310815,383653.0,-39.60193195413564,485495.0,-52.271599089588975,347283.6666666667,360542.3333333333,50413.0,-16.513597683137284,36467.0,15.413935887240518,47934.0,41657.333333333336,4130.0,15.66585956416465,3186.0,49.93722536095417,4684.333333333333,4707.0,23211.0065,-39.60193195413564,26702.225,-47.49875899854787,21010.661833333335,21196.793291666665,4879.9784,-16.513597683137288,3209.096,26.955329475964568,4640.0112,3907.1186,4997.300000000001,15.665859564164645,3504.6000000000004,64.9309478970496,5668.043333333335,5519.7725,33088.2849,-27.849726958800442,33415.921,-28.557145260188992,31318.716366666664,30623.68439166667
2018-09-01,B1005,410320,33666,5651,2018,9,Sep,September,Q3,2018-09,Houston,USA,0.0968,1.2100000000000002,0.0605,24824.36,3258.8687999999997,6837.710000000001,34920.9388,71.08732139812919,9.332133991770002,19.5805446101008,231719.0,77.0765452984002,242689.0,69.07235185772737,341897.3333333333,374511.5833333333,42088.0,-20.010454286257364,42843.0,-21.420068622645474,42055.666666666664,40892.583333333336,4777.0,18.29600167469123,3138.0,80.08285532186106,4852.666666666667,4916.416666666667,14018.9995,77.07654529840022,13347.895,85.97958704350012,20684.78866666667,22153.165375,4074.1184,-20.010454286257367,3770.1839999999997,-13.562075484910022,4070.988533333333,3864.5089999999996,5780.170000000001,18.296001674691226,3451.8,98.09114085404718,5871.726666666668,5801.931666666667,23873.287900000003,46.27620186325487,20569.879,69.76735157265632,30627.503866666666,31819.60604166667
2018-10-01,B1005,356934,40147,4336,2018,10,Oct,October,Q4,2018-10,Houston,USA,0.0968,1.2100000000000002,0.0605,21594.506999999998,3886.2295999999997,5246.56,30727.296599999998,70.27792676040364,12.647482954943715,17.07459028465264,410320.0,-13.01082082277247,439347.0,-18.758065947872637,332991.0,367643.8333333333,33666.0,19.250876254975346,40119.0,0.06979236770607443,38633.666666666664,40894.916666666664,5651.0,-23.270217660591047,5624.0,-22.90184921763869,4921.333333333333,4809.083333333333,24824.36,-13.010820822772482,24164.085,-10.633872542659908,20145.9555,21939.033874999997,3258.8687999999997,19.250876254975346,3530.4719999999998,10.07677160447668,3739.7389333333326,3894.1554666666657,6837.710000000001,-23.27021766059105,6186.400000000001,-15.19203413940256,5954.813333333334,5723.611666666668,34920.9388,-12.008961798014449,33880.957,-9.30806175280115,29840.507766666666,31556.801008333336
2018-11-01,B1005,352871,48045,4761,2018,11,Nov,November,Q4,2018-11,Houston,USA,0.0968,1.2100000000000002,0.0605,21348.695499999998,4650.756,5760.810000000001,31760.2615,67.2182610964963,14.64331771953452,18.138421183969157,356934.0,-1.1383056811623438,297837.0,18.477892269932884,373375.0,372230.0,40147.0,19.672702817146984,51408.0,-6.541783380018675,40619.333333333336,40614.666666666664,4336.0,9.801660516605166,6123.0,-22.243998040176386,4916.0,4695.583333333333,21594.506999999998,-1.1383056811623429,16381.035,30.32568149692616,22589.1875,22353.00558333333,3886.2295999999997,19.672702817147,4523.9039999999995,2.804038281979476,3931.951466666667,3904.7264666666665,5246.56,9.801660516605184,6735.3,-14.468397844194007,5948.360000000001,5642.404166666667,30727.296599999998,3.3617174769615197,27640.238999999998,14.905885944039788,32469.49896666667,31900.136216666666
2018-12-01,B1005,322124,35956,4691,2018,12,Dec,December,Q4,2018-12,Houston,USA,0.0968,1.2100000000000002,0.0605,19488.502,3480.5407999999998,5676.110000000001,28645.1528,68.03420507500313,12.150540177952898,19.815254747043976,352871.0,-8.713382510889248,364166.0,-11.544735093336556,343976.3333333333,368726.5,48045.0,-25.161827453429076,36509.0,-1.5146950067106741,41382.666666666664,40568.583333333336,4761.0,-1.4702793530770846,4282.0,9.551611396543672,4596.0,4729.666666666667,21348.695499999998,-8.713382510889238,20029.13,-2.699208602670214,20810.568166666668,22307.953250000002,4650.756,-25.161827453429087,3212.792,8.333835492618254,4005.842133333333,3927.0388666666663,5760.810000000001,-1.470279353077097,4710.200000000001,20.50677253619803,5561.160000000001,5722.896666666667,31760.2615,-9.808196006194725,27952.122000000003,2.4793495105666636,30377.570300000003,31957.888783333332
2019-01-01,B1005,272377,29414,4942,2019,1,Jan,January,Q1,2019-01,Houston,USA,0.10648,1.3310000000000004,0.06655,18126.68935,3132.00272,6577.802000000002,27836.494070000004,65.11843518949296,11.251426677957364,23.630138132549682,322124.0,-15.443431721945586,282898.0,-3.71900826446281,315790.6666666667,367849.75,35956.0,-18.194459895427745,28800.0,2.131944444444444,37805.0,40619.75,4691.0,5.350671498614368,5016.0,-1.4752791068580542,4798.0,4723.5,19488.502,-6.987774894140143,17115.328999999998,5.909090909090926,19654.628950000002,22392.233279166667,3480.5407999999998,-10.013905884970514,2787.84,12.345138888888881,3754.4331733333333,3955.7190933333327,5676.110000000001,15.885738648475836,6069.360000000001,8.377192982456169,6004.907333333335,5765.266833333335,28645.1528,-2.8230211779495047,25972.529,7.176679136637043,29413.96945666667,32113.219205833335
2019-02-01,B1005,486375,28748,4185,2019,2,Feb,February,Q1,2019-02,Houston,USA,0.10648,1.3310000000000004,0.06655,32368.25625,3061.0870400000003,5570.2350000000015,40999.57829,78.94777848945529,7.466142745050172,13.586078765494547,272377.0,78.56683934399747,489440.0,-0.6262258908139915,360292.0,367594.3333333333,29414.0,-2.26422791867818,45556.0,-36.89524980244095,31372.666666666668,39219.083333333336,4942.0,-15.317685147713474,5656.0,-26.007779349363506,4606.0,4600.916666666667,18126.68935,78.56683934399746,29611.12,9.311151520104609,23327.815866666668,22621.994633333336,3132.00272,-2.264227918678168,4409.8207999999995,-30.58477478268503,3224.5435199999997,3843.3246133333337,6577.802000000002,-15.317685147713483,6843.760000000001,-18.608557284299852,5941.382333333335,5659.139750000001,27836.494070000004,47.28714825544836,40864.7008,0.33005867499218045,32493.74172,32124.458996666668
2019-03-01,B1005,278254,45906,5600,2019,3,Mar,March,Q1,2019-03,Houston,USA,0.10648,1.3310000000000004,0.06655,18517.8037,4888.07088,7453.600000000002,30859.474580000002,60.00686645520975,15.839773510492478,24.153360034297776,486375.0,-42.79023387304035,369648.0,-24.724602865428732,345668.6666666667,359978.1666666667,28748.0,59.68415194100459,26230.0,75.01334349980938,34689.333333333336,40858.75,4185.0,33.811230585424134,4631.0,20.92420643489527,4909.0,4681.666666666667,32368.25625,-42.79023387304034,22363.703999999998,-17.197063151971594,23004.24976666667,22301.502941666666,3061.0870400000003,59.68415194100458,2539.064,92.51467784979035,3693.720213333334,4039.075186666667,5570.2350000000015,33.811230585424134,5603.510000000001,33.01662707838481,6533.879000000002,5813.313916666667,40999.57829,-24.732214654201012,30506.278,1.1577832602194325,33231.84898,32153.892045
2019-04-01,B1005,227656,49633,5498,2019,4,Apr,April,Q2,2019-04,Houston,USA,0.10648,1.3310000000000004,0.06655,15150.5068,5284.92184,7317.8380000000025,27753.26664,54.58999474376829,19.042521763484917,26.36748349274679,278254.0,-18.184105170096387,424005.0,-46.30818032806217,330761.6666666667,343615.75,45906.0,8.118764431664706,44684.0,11.075552770566647,41429.0,41271.166666666664,5600.0,-1.8214285714285714,4380.0,25.525114155251146,5094.333333333333,4774.833333333333,18517.8037,-18.184105170096394,25652.302499999998,-40.93899836086838,22012.18891666667,21426.3533,4888.07088,8.118764431664701,4325.4112,22.183108047623325,4411.35992,4119.034406666667,7453.600000000002,-1.8214285714285672,5299.800000000001,38.07762557077628,6780.557666666668,5981.48375,30859.474580000002,-10.06565400829323,35277.513699999996,-21.328734003156224,33204.106503333336,31526.87145666667
2019-05-01,B1005,422740,55755,6909,2019,5,May,May,Q2,2019-05,Houston,USA,0.10648,1.3310000000000004,0.06655,28133.346999999998,5936.7924,9195.879000000003,43266.0184,65.02411832746782,13.721605591514288,21.2542760810179,227656.0,85.69244825526232,374627.0,12.842907745570928,309550.0,347625.1666666667,49633.0,12.334535490500272,39937.0,39.60738162606104,50431.333333333336,42589.333333333336,5498.0,25.663877773735905,3581.0,92.93493437587266,6002.333333333333,5052.166666666667,15150.5068,85.69244825526232,22664.9335,24.127198520128015,20600.5525,21882.054425,5284.92184,12.334535490500278,3865.9015999999997,53.56811978866717,5369.928373333333,4291.60864,7317.8380000000025,25.663877773735898,4333.01,112.22842781345999,7989.105666666669,6386.722833333336,27753.26664,55.89522833914587,30863.8451,40.183500337746324,33959.58654,32560.385898333338
2019-06-01,B1005,349983,29654,6986,2019,6,Jun,June,Q2,2019-06,Houston,USA,0.10648,1.3310000000000004,0.06655,23291.36865,3157.55792,9298.366000000004,35747.292570000005,65.15561592361453,8.83299878953602,26.011385286849436,422740.0,-17.2108151582533,426479.0,-17.936639318700333,333459.6666666667,341250.5,55755.0,-46.813738678145455,51301.0,-42.196058556363425,45014.0,40785.416666666664,6909.0,1.1144883485309016,5146.0,35.755926933540614,6464.333333333333,5205.5,28133.346999999998,-17.210815158253293,25801.979499999998,-9.730303250570358,22191.74081666667,21672.836854166664,5936.7924,-46.813738678145455,4965.9367999999995,-36.41566441199976,4793.09072,4140.9104,9195.879000000003,1.1144883485309123,6226.660000000001,49.33151962689472,8604.027666666669,6642.698333333335,43266.0184,-17.377900967194144,36994.5763,-3.3715313290396987,35588.85920333333,32456.445587500002
2019-07-01,B1005,259430,35974,6984,2019,7,Jul,July,Q3,2019-07,Houston,USA,0.10648,1.3310000000000004,0.06655,17265.0665,3830.51152,9295.704000000003,30391.282020000006,56.8092734246556,12.603981357151051,30.58674521819334,349983.0,-25.873542429203706,383653.0,-32.37899873062376,344051.0,330898.5833333333,29654.0,21.312470493019493,50413.0,-28.641421855473787,40461.0,39582.166666666664,6986.0,-0.028628685943315198,4130.0,69.1041162227603,6959.666666666667,5443.333333333333,23291.36865,-25.8735424292037,23211.0065,-25.61689860368614,22896.59405,21177.341854166665,3157.55792,21.312470493019482,4879.9784,-21.505564041021163,4308.2872800000005,4053.4548266666666,9298.366000000004,-0.028628685943318008,4997.300000000001,86.01452784503635,9263.316333333336,7000.898666666668,35747.292570000005,-14.982982388140053,33088.2849,-8.150929817459328,36468.19766333334,32231.6953475
2019-08-01,B1005,244567,53815,4988,2019,8,Aug,August,Q3,2019-08,Houston,USA,0.10648,1.3310000000000004,0.06655,16275.93385,5730.2212,6639.028000000002,28645.183050000003,56.8190952789181,20.004135389876655,23.17676933120524,259430.0,-5.729098408048413,231719.0,5.544646748863926,284660.0,331969.25,35974.0,49.5941513315172,42088.0,27.86304885002851,39814.333333333336,40559.416666666664,6984.0,-28.579610538373423,4777.0,4.416998115972367,6319.333333333333,5460.916666666667,17265.0665,-5.729098408048421,14018.9995,16.099111423750315,18944.123000000003,21365.419716666667,3830.51152,49.5941513315172,4074.1184,40.64935373503137,4239.430213333334,4191.463393333333,9295.704000000003,-28.57961053837343,5780.170000000001,14.858697927569619,8411.03266666667,7072.470166666669,30391.282020000006,-5.745394251058325,23873.287900000003,19.98842878278195,31594.585880000002,32629.353276666665
2019-09-01,B1005,473477,48070,6326,2019,9,Sep,September,Q3,2019-09,Houston,USA,0.10648,1.3310000000000004,0.06655,31509.89435,5118.493600000001,8419.906000000003,45048.29395,69.94692048709649,11.362236282868157,18.69084323003536,244567.0,93.59807332959885,410320.0,15.392132969389744,325824.6666666667,337232.3333333333,53815.0,-10.67546223171978,33666.0,42.78500564367611,45953.0,41759.75,4988.0,26.82437850842021,5651.0,11.944788533003008,6099.333333333333,5517.166666666667,16275.93385,93.59807332959885,24824.36,26.93134626632871,21683.631566666667,21922.54757916667,5730.2212,-10.675462231719768,3258.8687999999997,57.063506208043755,4893.0754400000005,4346.4321266666675,6639.028000000002,26.82437850842021,6837.710000000001,23.13926738630333,8118.212666666669,7204.319833333335,28645.183050000003,57.263068877473955,34920.9388,29.000810109950407,34694.91967333333,33473.29953916667
2019-10-01,B1005,320673,49616,5290,2019,10,Oct,October,Q4,2019-10,Houston,USA,0.10648,1.3310000000000004,0.06655,21340.78815,5283.11168,7040.9900000000025,33664.88983000001,63.39182530454161,15.693239177904653,20.914935517553722,473477.0,-32.27273975293414,356934.0,-10.159020995478157,346239.0,334210.5833333333,48070.0,3.2161431246099434,40147.0,23.58582210376865,50500.333333333336,42548.833333333336,6326.0,-16.376857413847613,4336.0,22.001845018450183,5534.666666666667,5596.666666666667,31509.89435,-32.27273975293414,21594.506999999998,-1.1749230950259597,23042.205449999998,21901.40434166667,5118.493600000001,3.2161431246099292,3886.2295999999997,35.94440431414553,5377.2754933333335,4462.838966666667,8419.906000000003,-16.37685741384761,5246.56,34.20202952029524,7366.641333333336,7353.855666666669,45048.29395,-25.269334578207687,30727.296599999998,9.560207226300571,35786.12227666667,33718.098975
2019-11-01,B1005,304562,51652,5351,2019,11,Nov,November,Q4,2019-11,Houston,USA,0.10648,1.3310000000000004,0.06655,20268.6011,5499.90496,7122.181000000002,32890.687060000004,61.62413409919202,16.72176975192685,21.654096148881123,320673.0,-5.0241211452164665,352871.0,-13.69027208243239,366237.3333333333,330184.8333333333,49616.0,4.1035149951628505,48045.0,7.507545009886566,49779.333333333336,42849.416666666664,5290.0,1.1531190926275992,4761.0,12.392354547364,5655.666666666667,5645.833333333333,21340.78815,-5.024121145216469,21348.695499999998,-5.059299290675621,24373.094533333337,21811.396474999998,5283.11168,4.103514995162849,4650.756,18.258299510875208,5300.503413333333,4533.60138,7040.9900000000025,1.153119092627596,5760.810000000001,23.63159000210041,7527.692333333336,7467.303250000002,33664.88983000001,-2.2997335619084165,31760.2615,3.5592451277518706,37201.29028000001,33812.301105000006
2019-12-01,B1005,337879,38611,4889,2019,12,Dec,December,Q4,2019-12,Houston,USA,0.10648,1.3310000000000004,0.06655,22485.84745,4111.29928,6507.259000000002,33104.40573,67.92403293203597,12.41919070691622,19.656776361047825,304562.0,10.939316132675778,322124.0,4.890973662316375,321038.0,331497.75,51652.0,-25.247812282196236,35956.0,7.384024919345868,46626.333333333336,43070.666666666664,5351.0,-8.633900205569052,4691.0,4.2208484331699,5176.666666666667,5662.333333333333,20268.6011,10.939316132675783,19488.502,15.380071028548015,21365.078900000004,22061.175262499997,5499.90496,-25.24781228219623,3480.5407999999998,18.122427411280466,4964.771973333333,4586.164586666667,7122.181000000002,-8.633900205569056,5676.110000000001,14.642933276486911,6890.143333333336,7536.565666666669,32890.687060000004,0.6497847539947216,28645.1528,15.567216419247023,33219.99420666666,34183.905515833336
2016-01-01,B1006,401399,35458,3660,2016,1,Jan,January,Q1,2016-01,Phoenix,USA,0.08,1.0,0.05,20069.95,2836.64,3660.0,26566.59,75.54582654379053,10.677471214785186,13.776702241424285,,,,,401399.0,401399.0,,,,,35458.0,35458.0,,,,,3660.0,3660.0,,,,,20069.95,20069.95,,,,,2836.64,2836.64,,,,,3660.0,3660.0,,,,,26566.59,26566.59
2016-02-01,B1006,453536,43418,4704,2016,2,Feb,February,Q1,2016-02,Phoenix,USA,0.08,1.0,0.05,22676.800000000003,3473.44,4704.0,30854.24,73.49654374893046,11.257577564704235,15.245878686365307,401399.0,12.98882159646636,,,427467.5,427467.5,35458.0,22.449094703592984,,,39438.0,39438.0,3660.0,28.524590163934427,,,4182.0,4182.0,20069.95,12.988821596466368,,,21373.375,21373.375,2836.64,22.44909470359299,,,3155.04,3155.04,3660.0,28.524590163934427,,,4182.0,4182.0,26566.59,16.13925611077674,,,28710.415,28710.415
2016-03-01,B1006,398217,33341,4886,2016,3,Mar,March,Q1,2016-03,Phoenix,USA,0.08,1.0,0.05,19910.850000000002,2667.28,4886.0,27464.13,72.49765421296797,9.711867807208895,17.790477979823134,453536.0,-12.197267692090595,,,417717.3333333333,417717.3333333333,43418.0,-23.209268045511077,,,37405.666666666664,37405.666666666664,4704.0,3.869047619047619,,,4416.666666666667,4416.666666666667,22676.800000000003,-12.197267692090596,,,20885.86666666667,20885.86666666667,3473.44,-23.209268045511074,,,2992.4533333333334,2992.4533333333334,4704.0,3.869047619047619,,,4416.666666666667,4416.666666666667,30854.24,-10.987501231597344,,,28294.986666666668,28294.986666666668
2016-04-01,B1006,393447,30633,4645,2016,4,Apr,April,Q2,2016-04,Phoenix,USA,0.08,1.0,0.05,19672.350000000002,2450.64,4645.0,26767.99,73.49207019279372,9.15511399996787,17.35281580723842,398217.0,-1.1978393689872608,,,415066.6666666667,411649.75,33341.0,-8.122131909660778,,,35797.333333333336,35712.5,4886.0,-4.932460090053213,,,4745.0,4473.75,19910.850000000002,-1.1978393689872606,,,20753.33333333334,20582.487500000003,2667.28,-8.12213190966079,,,2863.786666666667,2857.0,4886.0,-4.932460090053213,,,4745.0,4473.75,27464.13,-2.534724384133047,,,28362.120000000006,27913.237500000003
2016-05-01,B1006,429552,34993,4807,2016,5,May,May,Q2,2016-05,Phoenix,USA,0.08,1.0,0.05,21477.600000000002,2799.44,4807.0,29084.04,73.84668704897945,9.625347785245792,16.52796516577477,393447.0,9.176585410487307,,,407072.0,415230.2,30633.0,14.233016681356705,,,32989.0,35568.6,4645.0,3.48762109795479,,,4779.333333333333,4540.4,19672.350000000002,9.176585410487307,,,20353.600000000002,20761.510000000002,2450.64,14.233016681356714,,,2639.1200000000003,2845.4880000000003,4645.0,3.48762109795479,,,4779.333333333333,4540.4,26767.99,8.652311959172128,,,27772.053333333333,28147.397999999997
2016-06-01,B1006,499003,46981,3201,2016,6,Jun,June,Q2,2016-06,Phoenix,USA,0.08,1.0,0.05,24950.15,3758.48,3201.0,31909.63,78.1900322880585,11.778513257596531,10.031454454344974,429552.0,16.168240399299734,,,440667.3333333333,429192.3333333333,34993.0,34.25828022747407,,,37535.666666666664,37470.666666666664,4807.0,-33.40961098398169,,,4217.666666666667,4317.166666666667,21477.600000000002,16.16824039929973,,,22033.36666666667,21459.61666666667,2799.44,34.25828022747407,,,3002.853333333333,2997.653333333333,4807.0,-33.40961098398169,,,4217.666666666667,4317.166666666667,29084.04,9.715259640682657,,,29253.88666666667,28774.436666666665
2016-07-01,B1006,404080,25445,3228,2016,7,Jul,July,Q3,2016-07,Phoenix,USA,0.08,1.0,0.05,20204.0,2035.6000000000001,3228.0,25467.6,79.33217107226437,7.992900783740911,12.674928143994723,499003.0,-19.022530926667773,,,444211.6666666667,425604.85714285716,46981.0,-45.839807581788385,,,35806.333333333336,35752.71428571428,3201.0,0.8434864104967198,,,3745.3333333333335,4161.571428571428,24950.15,-19.02253092666778,,,22210.583333333332,21280.242857142857,3758.48,-45.83980758178838,,,2864.5066666666667,2860.217142857143,3201.0,0.8434864104967198,,,3745.3333333333335,4161.571428571428,31909.63,-20.18835693174757,,,28820.423333333336,28302.03142857143
2016-08-01,B1006,431541,37407,4923,2016,8,Aug,August,Q3,2016-08,Phoenix,USA,0.08,1.0,0.05,21577.050000000003,2992.56,4923.0,29492.610000000004,73.16086979077132,10.146813049099416,16.692317160129264,404080.0,6.795931498713125,,,444874.6666666667,426346.875,25445.0,47.01120062880723,,,36611.0,35959.5,3228.0,52.5092936802974,,,3784.0,4256.75,20204.0,6.795931498713141,,,22243.733333333337,21317.34375,2035.6000000000001,47.011200628807224,,,2928.8799999999997,2876.76,3228.0,52.5092936802974,,,3784.0,4256.75,25467.6,15.80443386891582,,,28956.61333333333,28450.853750000002
2016-09-01,B1006,421190,49361,2945,2016,9,Sep,September,Q3,2016-09,Phoenix,USA,0.08,1.0,0.05,21059.5,3948.88,2945.0,27953.38,75.33793766621424,14.126663752290419,10.535398581495333,431541.0,-2.3986133414901483,,,418937.0,425773.8888888889,37407.0,31.95658566578448,,,37404.333333333336,37448.555555555555,4923.0,-40.17875279301239,,,3698.6666666666665,4111.0,21577.050000000003,-2.398613341490161,,,20946.850000000002,21288.694444444445,2992.56,31.956585665784488,,,2992.346666666667,2995.8844444444444,4923.0,-40.17875279301239,,,3698.6666666666665,4111.0,29492.610000000004,-5.219036226363157,,,27637.86333333333,28395.578888888893
2016-10-01,B1006,500791,47578,2726,2016,10,Oct,October,Q4,2016-10,Phoenix,USA,0.08,1.0,0.05,25039.550000000003,3806.2400000000002,2726.0,31571.790000000005,79.30988391852345,12.055825786247786,8.634290295228746,421190.0,18.899071677865095,,,451174.0,433275.6,49361.0,-3.6121634488766436,,,44782.0,38461.5,2945.0,-7.436332767402377,,,3531.3333333333335,3972.5,21059.5,18.89907167786511,,,22558.7,21663.780000000002,3948.88,-3.61216344887664,,,3582.56,3076.92,2945.0,-7.436332767402377,,,3531.3333333333335,3972.5,27953.38,12.944445358665046,,,29672.593333333338,28713.2
2016-11-01,B1006,207534,43201,3281,2016,11,Nov,November,Q4,2016-11,Phoenix,USA,0.08,1.0,0.05,10376.7,3456.08,3281.0,17113.78,60.6335946821801,20.194720278044944,19.171685039774967,500791.0,-58.558760041614164,,,376505.0,412753.63636363635,47578.0,-9.199630081129934,,,46713.333333333336,38892.36363636364,2726.0,20.359501100513572,,,2984.0,3909.6363636363635,25039.550000000003,-58.558760041614164,,,18825.25,20637.68181818182,3806.2400000000002,-9.199630081129943,,,3737.066666666667,3111.389090909091,2726.0,20.359501100513572,,,2984.0,3909.6363636363635,31571.790000000005,-45.79407756101255,,,25546.31666666667,27658.707272727275
2016-12-01,B1006,273201,49197,4908,2016,12,Dec,December,Q4,2016-12,Phoenix,USA,0.08,1.0,0.05,13660.050000000001,3935.76,4908.0,22503.81,60.70105462141744,17.489305144328892,21.809640234253667,207534.0,31.641562346410705,,,327175.3333333333,401124.25,43201.0,13.879308349343766,,,46658.666666666664,39751.083333333336,3281.0,49.58854007924413,,,3638.3333333333335,3992.8333333333335,10376.7,31.641562346410712,,,16358.766666666668,20056.2125,3456.08,13.879308349343775,,,3732.693333333333,3180.0866666666666,3281.0,49.58854007924413,,,3638.3333333333335,3992.8333333333335,17113.78,31.495262881724567,,,23729.793333333335,27229.132500000003
2017-01-01,B1006,372226,24166,3519,2017,1,Jan,January,Q1,2017-01,Phoenix,USA,0.088,1.1,0.055,20472.43,2126.6079999999997,3870.9,26469.938000000002,77.34219097906463,8.03404979641433,14.623759224521038,273201.0,36.24620700509881,401399.0,-7.2678307619102185,284320.3333333333,398693.1666666667,49197.0,-50.879118645445864,35458.0,-31.84612781318743,38854.666666666664,38810.083333333336,4908.0,-28.30073349633252,3660.0,-3.8524590163934427,3902.6666666666665,3981.0833333333335,13660.050000000001,49.87082770560868,20069.95,2.0053861618987567,14836.393333333333,20089.7525,3935.76,-45.96703050999046,2836.64,-25.030740594506184,3172.8160000000003,3120.9173333333333,4908.0,-21.13080684596577,3660.0,5.762295081967215,4019.9666666666667,4010.4083333333333,22503.81,17.624251182355344,26566.59,-0.3638103347098676,22029.176000000003,27221.078166666663
2017-02-01,B1006,420459,48369,3067,2017,2,Feb,February,Q1,2017-02,Phoenix,USA,0.088,1.1,0.055,23125.245,4256.472,3373.7000000000003,30755.416999999998,75.19080297301774,13.839747319959928,10.969449707022346,372226.0,12.95798788907814,453536.0,-7.293136597756297,355295.3333333333,395936.75,24166.0,100.15310767193577,43418.0,11.403104703118522,40577.333333333336,39222.666666666664,3519.0,-12.844558113100312,4704.0,-34.80017006802721,3831.3333333333335,3844.6666666666665,20472.43,12.957987889078135,22676.800000000003,1.9775497424680555,19085.90833333333,20127.122916666667,2126.6079999999997,100.1531076719358,3473.44,22.543415173430365,3439.6133333333332,3186.17,3870.9,-12.844558113100307,4704.0,-28.280187074829925,4050.866666666667,3899.5499999999997,26469.938000000002,16.189985031321175,30854.24,-0.32028985319360953,26576.388333333336,27212.842916666665
2017-03-01,B1006,338161,48107,3558,2017,3,Mar,March,Q1,2017-03,Phoenix,USA,0.088,1.1,0.055,18598.855,4233.416,3913.8,26746.071,69.53864363853667,15.828179024874345,14.63317733658899,420459.0,-19.573371006447715,398217.0,-15.081224558469378,376948.6666666667,390932.0833333333,48369.0,-0.5416692509665281,33341.0,44.28781380282535,40214.0,40453.166666666664,3067.0,16.009129442451908,4886.0,-27.17969709373721,3381.3333333333335,3734.0,23125.245,-19.573371006447715,19910.850000000002,-6.589347014316327,20732.176666666666,20017.79,4256.472,-0.5416692509665184,2667.28,58.71659518310788,3538.832,3316.6813333333334,3373.7000000000003,16.009129442451904,4886.0,-19.897666803110926,3719.466666666667,3818.5333333333333,30755.416999999998,-13.03622708155769,27464.13,-2.6145339393601805,27990.475333333336,27153.004666666664
2017-04-01,B1006,305817,25474,3622,2017,4,Apr,April,Q2,2017-04,Phoenix,USA,0.088,1.1,0.055,16819.935,2241.712,3984.2000000000003,23045.847,72.98466834393199,9.727184251461878,17.28814740460613,338161.0,-9.56467481465929,393447.0,-22.27237721980343,354812.3333333333,383629.5833333333,48107.0,-47.047207267133686,30633.0,-16.84131492181634,40650.0,40023.25,3558.0,1.7987633501967397,4645.0,-22.023681377825618,3415.6666666666665,3648.75,18598.855,-9.56467481465928,19672.350000000002,-14.499614941783776,19514.678333333333,19780.08875,4233.416,-47.047207267133686,2450.64,-8.52544641399797,3577.2000000000003,3299.270666666667,3913.8,1.798763350196742,4645.0,-14.226049515608175,3757.2333333333336,3763.4666666666667,26746.071,-13.834645096096537,26767.99,-13.905201697998242,26849.111666666664,26842.826083333333
2017-05-01,B1006,232887,38616,5061,2017,5,May,May,Q2,2017-05,Phoenix,USA,0.088,1.1,0.055,12808.785,3398.2079999999996,5567.1,21774.093,58.82580275559584,15.606656956962567,25.56754028744159,305817.0,-23.847595130421134,429552.0,-45.783746787350545,292288.3333333333,367240.8333333333,25474.0,51.58985632409515,34993.0,10.353499271282827,37399.0,40325.166666666664,3622.0,39.72943125345113,4807.0,5.283960890368213,4080.3333333333335,3669.9166666666665,16819.935,-23.84759513042114,21477.600000000002,-40.362121466085604,16075.858333333335,19057.6875,2241.712,51.58985632409514,2799.44,21.388849198411094,3291.1119999999996,3349.1679999999997,3984.2000000000003,39.72943125345113,4807.0,15.812356979405044,4488.366666666667,3826.808333333333,23045.847,-5.518365196124059,29084.04,-25.133877549336336,23855.337,26233.663833333336
2017-06-01,B1006,293433,36082,5732,2017,6,Jun,June,Q2,2017-06,Phoenix,USA,0.088,1.1,0.055,16138.815,3175.216,6305.200000000001,25619.231,62.99492361812109,12.393877083976486,24.611199297902424,232887.0,25.99801620528411,499003.0,-41.19614511335603,277379.0,350110.0,38616.0,-6.562046819970996,46981.0,-23.19873991613631,33390.666666666664,39416.916666666664,5061.0,13.258249357834421,3201.0,79.06904092471103,4805.0,3880.8333333333335,12808.785,25.998016205284113,24950.15,-35.31575962469164,15255.845000000001,18323.409583333334,3398.2079999999996,-6.5620468199709885,3758.48,-15.518613907749945,2938.378666666666,3300.5626666666667,5567.1,13.258249357834426,3201.0,96.97594501718216,5285.5,4085.491666666667,21774.093,17.659233842713903,31909.63,-19.713168093769813,23479.72366666667,25709.46391666667
2017-07-01,B1006,498064,39088,4529,2017,7,Jul,July,Q3,2017-07,Phoenix,USA,0.088,1.1,0.055,27393.52,3439.7439999999997,4981.900000000001,35815.164,76.48581477946045,9.604155379548171,13.910029840991378,293433.0,69.7368734941196,404080.0,23.258760641457137,341461.3333333333,357942.0,36082.0,8.33102377916967,25445.0,53.61760660247593,37928.666666666664,40553.833333333336,5732.0,-20.987438939288204,3228.0,40.303593556381664,5107.333333333333,3989.25,16138.815,69.7368734941196,20204.0,35.584636705602854,18780.373333333333,18922.53625,3175.216,8.331023779169664,2035.6000000000001,68.97936726272349,3337.7226666666666,3417.574666666667,6305.200000000001,-20.987438939288207,3228.0,54.333952912019846,5618.066666666667,4231.650000000001,25619.231,39.79796661343971,25467.6,40.630306742684816,27736.162666666667,26571.760916666666
2017-08-01,B1006,399785,29888,3447,2017,8,Aug,August,Q3,2017-08,Phoenix,USA,0.088,1.1,0.055,21988.175,2630.144,3791.7000000000003,28410.019,77.39584757053488,9.257804438638354,13.346347990826757,498064.0,-19.732203090365896,431541.0,-7.358744592054984,397094.0,355295.6666666667,39088.0,-23.536635284486287,37407.0,-20.100515946213278,35019.333333333336,39927.25,4529.0,-23.890483550452636,4923.0,-29.981718464351005,4569.333333333333,3866.25,27393.52,-19.732203090365903,21577.050000000003,1.9053809487395001,21840.17,18956.79666666667,3439.7439999999997,-23.536635284486287,2992.56,-12.110567540834609,3081.701333333333,3387.373333333333,4981.900000000001,-23.89048355045264,4923.0,-22.9798903107861,5026.266666666667,4137.375,35815.164,-20.676004722468942,29492.610000000004,-3.6707195463541673,29948.138000000003,26481.545
2017-09-01,B1006,361825,50274,3488,2017,9,Sep,September,Q3,2017-09,Phoenix,USA,0.088,1.1,0.055,19900.375,4424.112,3836.8,28161.287,70.66571566846359,15.709907008156268,13.624377323380143,399785.0,-9.49510361819478,421190.0,-14.094589140292978,419891.3333333333,350348.5833333333,29888.0,68.20797644539614,49361.0,1.8496383784769352,39750.0,40003.333333333336,3447.0,1.1894400928343487,2945.0,18.43803056027165,3821.3333333333335,3911.5,21988.175,-9.495103618194776,21059.5,-5.504048054322277,23094.023333333334,18860.202916666665,2630.144,68.20797644539617,3948.88,12.034602216324627,3498.0,3426.976,3791.7000000000003,1.1894400928343463,2945.0,30.28183361629882,4203.466666666667,4211.691666666667,28410.019,-0.8755080382030014,27953.38,0.7437633660043945,30795.49,26498.870583333333
2017-10-01,B1006,444025,32346,6053,2017,10,Oct,October,Q4,2017-10,Phoenix,USA,0.088,1.1,0.055,24421.375,2846.448,6658.3,33926.123,71.9839841410703,8.390136414939013,19.625879443990698,361825.0,22.718164858702412,500791.0,-11.335267606646287,401878.3333333333,345618.0833333333,50274.0,-35.660580021482275,47578.0,-32.01479675480264,37502.666666666664,38734.0,3488.0,73.53784403669725,2726.0,122.04695524578138,4329.333333333333,4188.75,19900.375,22.718164858702412,25039.550000000003,-2.4687943673109256,22103.30833333333,18808.688333333335,4424.112,-35.66058002148228,3806.2400000000002,-25.216276430282914,3300.2346666666667,3346.9933333333333,3836.8,73.53784403669724,2726.0,144.2516507703595,4762.266666666666,4539.383333333334,28161.287,20.470783171237876,31571.790000000005,7.457077980057497,30165.809666666668,26695.065000000002
2017-11-01,B1006,206565,31765,5479,2017,11,Nov,November,Q4,2017-11,Phoenix,USA,0.088,1.1,0.055,11361.075,2795.3199999999997,6026.900000000001,20183.295000000002,56.28949584297311,13.84967122563486,29.86083293139202,444025.0,-53.47897077867238,207534.0,-0.4669114458353812,337471.6666666667,345537.3333333333,32346.0,-1.796203549125085,43201.0,-26.471609453484874,38128.333333333336,37781.0,6053.0,-9.482901040806212,3281.0,66.99177080158488,5006.666666666667,4371.916666666667,24421.375,-53.47897077867238,10376.7,9.486397409581079,18560.941666666666,18890.71958333333,2846.448,-1.7962035491250905,3456.08,-19.11877039883337,3355.293333333333,3291.93,6658.3,-9.482901040806206,3281.0,83.69094788174338,5507.333333333333,4768.208333333333,33926.123,-40.508100498250265,17113.78,17.935926487310244,27423.568333333333,26950.857916666664
2017-12-01,B1006,362301,43152,3663,2017,12,Dec,December,Q4,2017-12,Phoenix,USA,0.088,1.1,0.055,19926.555,3797.3759999999997,4029.3,27753.231,71.79904566787198,13.68264473422932,14.51830959789871,206565.0,75.39321763125409,273201.0,32.61335060999045,337630.3333333333,352962.3333333333,31765.0,35.84763104045333,49197.0,-12.287334593572778,35754.333333333336,37277.25,5479.0,-33.14473444059135,4908.0,-25.366748166259168,5065.0,4268.166666666667,11361.075,75.39321763125407,13660.050000000001,45.87468567098948,18569.66833333333,19412.928333333333,2795.3199999999997,35.84763104045333,3935.76,-3.5160680529300685,3146.3813333333333,3280.3979999999997,6026.900000000001,-33.14473444059135,4908.0,-17.903422982885083,5571.5,4694.983333333334,20183.295000000002,37.5059473688513,22503.81,23.32680999350776,27287.54966666667,27388.309666666668
2018-01-01,B1006,409029,25906,3496,2018,1,Jan,January,Q1,2018-01,Phoenix,USA,0.0968,1.2100000000000002,0.0605,24746.2545,2507.7008,4230.160000000001,31484.115299999998,78.59917378717007,7.9649714661030995,13.43585474672684,362301.0,12.897563076005863,372226.0,9.887272785888143,325965.0,356029.25,43152.0,-39.96570263255469,24166.0,7.200198626168998,33607.666666666664,37422.25,3663.0,-4.559104559104559,3519.0,-0.6535947712418301,4212.666666666667,4266.25,19926.555,24.187319383606443,20472.43,20.87600006447695,18677.9615,19769.080375,3797.3759999999997,-33.96227289581015,2126.6079999999997,17.920218488785917,3033.4655999999995,3312.155733333333,4029.3,4.984984984984999,3870.9,9.281045751634004,4762.12,4724.921666666667,27753.231,13.44306289959536,26469.938000000002,18.942912899909306,26473.5471,27806.157775
2018-02-01,B1006,444066,46082,4524,2018,2,Feb,February,Q1,2018-02,Phoenix,USA,0.0968,1.2100000000000002,0.0605,26865.993,4460.7375999999995,5474.040000000001,36800.7706,73.00388704360445,12.121315742230678,14.87479721416486,409029.0,8.565896305640921,420459.0,5.614578353656361,405132.0,357996.5,25906.0,77.88157183664016,48369.0,-4.728235026566603,38380.0,37231.666666666664,3496.0,29.40503432494279,3067.0,47.505705901532444,3894.3333333333335,4387.666666666667,24746.2545,8.56589630564092,23125.245,16.176036189021996,23846.267499999998,20080.809375,2507.7008,77.88157183664013,4256.472,4.7989414707767315,3588.6047999999996,3329.1778666666664,4230.160000000001,29.40503432494279,3373.7000000000003,62.2562764916857,4577.833333333333,4899.950000000001,31484.115299999998,16.886786397964965,30755.416999999998,19.656223812540098,32012.705633333335,28309.93724166667
2018-03-01,B1006,430897,27402,5062,2018,3,Mar,March,Q1,2018-03,Phoenix,USA,0.0968,1.2100000000000002,0.0605,26069.2685,2652.5135999999998,6125.020000000001,34846.8021,74.81107857527046,7.6119283267028965,17.576993098026637,444066.0,-2.96555016596632,338161.0,27.423623658553176,427997.3333333333,365724.5,46082.0,-40.53643505056204,48107.0,-43.03947450474983,33130.0,35506.25,4524.0,11.8921308576481,3558.0,42.27093872962339,4360.666666666667,4513.0,26865.993,-2.9655501659663215,18598.855,40.16598602440848,25893.838666666663,20703.343833333332,4460.7375999999995,-40.53643505056204,4233.416,-37.34342195522482,3206.984,3197.4359999999997,5474.040000000001,11.892130857648105,3913.8,56.498032602585745,5276.406666666667,5084.218333333333,36800.7706,-5.309585826988097,26746.071,30.287555506750884,34377.22933333334,28984.998166666668
2018-04-01,B1006,505586,40545,5985,2018,4,Apr,April,Q2,2018-04,Phoenix,USA,0.0968,1.2100000000000002,0.0605,30587.952999999998,3924.756,7241.850000000001,41754.558999999994,73.25655864309333,9.399586761292342,17.343854595614346,430897.0,17.3333766538175,305817.0,65.32305267529274,460183.0,382371.9166666667,27402.0,47.96365228815415,25474.0,59.162283112192824,38009.666666666664,36762.166666666664,5062.0,18.233899644409323,3622.0,65.24019878520154,5190.333333333333,4709.916666666667,26069.2685,17.3333766538175,16819.935,81.85535794282198,27841.071499999995,21850.678666666663,2652.5135999999998,47.96365228815416,2241.712,75.0785114234121,3679.3357333333333,3337.6896666666667,6125.020000000001,18.23389964440932,3984.2000000000003,81.76421866372172,6280.303333333334,5355.689166666668,34846.8021,19.823216145277193,23045.847,81.18040530252584,37800.71056666667,30544.0575
2018-05-01,B1006,250198,32336,4760,2018,5,May,May,Q2,2018-05,Phoenix,USA,0.0968,1.2100000000000002,0.0605,15136.979,3130.1248,5759.600000000001,24026.703800000003,63.0006476377338,13.027691297380542,23.971661064885648,505586.0,-50.51326579454336,232887.0,7.433218685456895,395560.3333333333,383814.5,40545.0,-20.24663953631767,38616.0,-16.2626890408121,33427.666666666664,36238.833333333336,5985.0,-20.46783625730994,5061.0,-5.94744121715076,5269.0,4684.833333333333,30587.952999999998,-50.51326579454336,12808.785,18.17654055400258,23931.400166666663,22044.69483333333,3924.756,-20.246639536317666,3398.2079999999996,-7.888957944893297,3235.7981333333337,3315.3493999999996,7241.850000000001,-20.467836257309937,5567.1,3.4578146611341793,6375.490000000002,5371.730833333334,41754.558999999994,-42.457292388119804,21774.093,10.345371446700453,33542.6883,30731.77506666667
2018-06-01,B1006,226591,55774,3909,2018,6,Jun,June,Q2,2018-06,Phoenix,USA,0.0968,1.2100000000000002,0.0605,13708.7555,5398.9232,4729.89,23837.5687,57.50903404842626,22.648799749447605,19.842166202126144,250198.0,-9.435327220841094,293433.0,-22.77930566773335,327458.3333333333,378244.3333333333,32336.0,72.48268184067294,36082.0,54.575688709051605,42885.0,37879.833333333336,4760.0,-17.8781512605042,5732.0,-31.80390788555478,4884.666666666667,4532.916666666667,15136.979,-9.435327220841094,16138.815,-15.057236234506691,19811.229166666668,21842.189875,3130.1248,72.48268184067294,3175.216,70.03325757995678,4151.268,3500.6583333333333,5759.600000000001,-17.878151260504215,6305.200000000001,-24.98429867411026,5910.446666666668,5240.455000000001,24026.703800000003,-0.7871870464395667,25619.231,-6.95439414243152,29872.943833333335,30583.303208333335
2018-07-01,B1006,494754,53082,5678,2018,7,Jul,July,Q3,2018-07,Phoenix,USA,0.0968,1.2100000000000002,0.0605,29932.617,5138.3376,6870.380000000001,41941.3346,71.36782194813608,12.251249630001043,16.38092842186286,226591.0,118.34671279971403,498064.0,-0.6645732275370233,323847.6666666667,377968.5,55774.0,-4.8266217233836555,39088.0,35.801268931641424,47064.0,39046.0,3909.0,45.254540803274494,4529.0,25.369838816515788,4782.333333333333,4628.666666666667,13708.7555,118.34671279971403,27393.52,9.268969449709266,19592.78383333333,22053.78129166667,5398.9232,-4.826621723383662,3439.7439999999997,49.38139582480557,4555.7952000000005,3642.2078,4729.89,45.25454080327451,4981.900000000001,37.90682269816737,5786.623333333334,5397.828333333334,23837.5687,75.94636067058299,35815.164,17.10496313796024,29935.20236666667,31093.817425
2018-08-01,B1006,495985,54285,6561,2018,8,Aug,August,Q3,2018-08,Phoenix,USA,0.0968,1.2100000000000002,0.0605,30007.0925,5254.788,7938.810000000001,43200.6905,69.45975203799115,12.163666689540529,18.37658127246832,494754.0,0.24881051997558382,399785.0,24.062933826931975,405776.6666666667,385985.1666666667,53082.0,2.2663049621340567,29888.0,81.62807815845824,54380.333333333336,41079.083333333336,5678.0,15.55125044029588,3447.0,90.33942558746736,5382.666666666667,4888.166666666667,29932.617,0.24881051997558537,21988.175,36.469227209625174,24549.48833333333,22722.024416666667,5138.3376,2.2663049621340514,2630.144,99.79088597430406,5264.0162666666665,3860.9281333333333,6870.380000000001,15.55125044029588,3791.7000000000003,109.3733681462141,6513.026666666668,5743.4208333333345,41941.3346,3.0026605305020384,28410.019,52.06146289448098,36326.531266666665,32326.373383333335
2018-09-01,B1006,209588,46242,5682,2018,9,Sep,September,Q3,2018-09,Phoenix,USA,0.0968,1.2100000000000002,0.0605,12680.074,4476.2256,6875.220000000001,24031.5196,52.764345372483234,18.62647753660988,28.6091770909069,495985.0,-57.74307690756777,361825.0,-42.07475989774062,400109.0,373298.75,54285.0,-14.816247582205028,50274.0,-8.020050125313283,51203.0,40743.083333333336,6561.0,-13.397347965249201,3488.0,62.90137614678899,5973.666666666667,5071.0,30007.0925,-57.74307690756777,19900.375,-36.28223588751468,24206.594499999996,22120.332666666665,5254.788,-14.816247582205028,4424.112,1.1779448621553812,4956.4504,3865.2709333333332,7938.810000000001,-13.397347965249198,3836.8,79.19151376146792,7228.136666666668,5996.622500000001,43200.6905,-44.37237154808902,28161.287,-14.664696965021523,36391.181566666666,31982.2261
2018-10-01,B1006,465714,51671,5390,2018,10,Oct,October,Q4,2018-10,Phoenix,USA,0.0968,1.2100000000000002,0.0605,28175.697,5001.7528,6521.9000000000015,39699.3498,70.97269134619428,12.59907989727328,16.428228756532434,209588.0,122.20451552569804,444025.0,4.88463487416249,390429.0,375106.1666666667,46242.0,11.740409151853294,32346.0,59.74463612193161,50732.666666666664,42353.5,5682.0,-5.139035550862372,6053.0,-10.953246324136792,5877.666666666667,5015.75,12680.074,122.20451552569801,24421.375,15.37309836157874,23620.954499999996,22433.19283333333,4476.2256,11.740409151853303,2846.448,75.7190997341248,4910.922133333333,4044.879666666667,6875.220000000001,-5.139035550862367,6658.3,-2.0485709565504515,7111.976666666668,5985.255833333334,24031.5196,65.19700152461438,33926.123,17.017054380189578,35643.853299999995,32463.328333333335
2018-11-01,B1006,292224,55455,4541,2018,11,Nov,November,Q4,2018-11,Phoenix,USA,0.0968,1.2100000000000002,0.0605,17679.552,5368.044,5494.610000000001,28542.206,61.94178543872888,18.80739001042877,19.25082455084236,465714.0,-37.25247684201033,206565.0,41.468302955486166,322508.6666666667,382244.4166666667,51671.0,7.323256759110526,31765.0,74.57893908389737,51122.666666666664,44327.666666666664,5390.0,-15.75139146567718,5479.0,-17.119912392772406,5204.333333333333,4937.583333333333,28175.697,-37.25247684201033,11361.075,55.61513325103476,19511.77433333333,22959.73258333333,5001.7528,7.323256759110519,2795.3199999999997,92.03683299228712,4948.674133333333,4259.2733333333335,6521.9000000000015,-15.75139146567719,6026.900000000001,-8.831903632049642,6297.243333333335,5940.898333333334,39699.3498,-28.104097060048083,20183.295000000002,41.41499690709568,30757.6918,33159.90425
2018-12-01,B1006,413612,43343,4083,2018,12,Dec,December,Q4,2018-12,Phoenix,USA,0.0968,1.2100000000000002,0.0605,25023.525999999998,4195.6024,4940.430000000001,34159.5584,73.25482872752828,12.282367209992971,14.462804062478748,292224.0,41.5393670608848,362301.0,14.162533363142801,390516.6666666667,386520.3333333333,55455.0,-21.84113244973402,43152.0,0.44262143121987396,50156.333333333336,44343.583333333336,4541.0,-10.085884166483154,3663.0,11.466011466011466,4671.333333333333,4972.583333333333,17679.552,41.53936706088479,19926.555,25.57878669945707,23626.25833333333,23384.480166666664,5368.044,-21.841132449734022,3797.3759999999997,10.486883574341862,4855.133066666666,4292.458866666667,5494.610000000001,-10.085884166483142,4029.3,22.612612612612637,5652.313333333334,6016.825833333335,28542.206,19.680862789652643,27753.231,23.083176874072795,34133.70473333334,33693.764866666665
2019-01-01,B1006,409804,53583,4021,2019,1,Jan,January,Q1,2019-01,Phoenix,USA,0.10648,1.3310000000000004,0.06655,27272.4562,5705.51784,5351.951000000002,38329.92504,71.15186416759033,14.885283062896384,13.962852769513272,413612.0,-0.9206696130673191,409029.0,0.18947311804297495,371880.0,386584.9166666667,43343.0,23.625498927162404,25906.0,106.83625414961786,50793.666666666664,46650.0,4083.0,-1.5184913054126867,3496.0,15.017162471395881,4215.0,5016.333333333333,25023.525999999998,8.98726342562596,24746.2545,10.208420429847278,23325.178066666664,23594.996975,4195.6024,35.98804881987866,2507.7008,127.51987956457964,5089.721413333334,4558.94362,4940.430000000001,8.329659564046056,4230.160000000001,26.51887871853549,5262.330333333334,6110.308416666668,34159.5584,12.208491079322618,31484.115299999998,21.74369416059153,33677.22981333333,34264.24901166667
2019-02-01,B1006,317307,40489,4798,2019,2,Feb,February,Q1,2019-02,Phoenix,USA,0.10648,1.3310000000000004,0.06655,21116.78085,4311.26872,6386.138000000002,31814.187570000002,66.37535786050563,13.551402846651412,20.073239292842963,409804.0,-22.57103395769685,444066.0,-28.545081136587804,380241.0,376021.6666666667,53583.0,-24.43685497265924,46082.0,-12.137060023436483,45805.0,46183.916666666664,4021.0,19.323551355384232,4524.0,6.05658709106985,4300.666666666667,5039.166666666667,27272.4562,-22.571033957696855,26865.993,-21.399589250246585,24470.921016666663,23115.8959625,5705.51784,-24.436854972659244,4460.7375999999995,-3.350766025780119,4737.462986666666,4546.48788,5351.951000000002,19.323551355384225,5474.040000000001,16.662245800176848,5559.506333333335,6186.316583333334,38329.92504,-16.999087431557367,36800.7706,-13.550213619711544,34767.89033666667,33848.70042583333
2019-03-01,B1006,331843,50186,4251,2019,3,Mar,March,Q1,2019-03,Phoenix,USA,0.10648,1.3310000000000004,0.06655,22084.15165,5343.8052800000005,5658.081000000002,33086.037930000006,66.74764653514376,16.151239659779957,17.10111380507627,317307.0,4.581052419265885,430897.0,-22.98786020789191,352984.6666666667,367767.1666666667,40489.0,23.949714737336066,27402.0,83.14721553171302,48086.0,48082.583333333336,4798.0,-11.400583576490204,5062.0,-16.02133544053734,4356.666666666667,4971.583333333333,21116.78085,4.5810524192658875,26069.2685,-15.286646228681095,23491.129566666667,22783.802891666666,4311.26872,23.949714737336077,2652.5135999999998,101.46193708488435,5120.19728,4770.762186666667,6386.138000000002,-11.400583576490197,6125.020000000001,-7.623468984591058,5798.723333333335,6147.405000000002,31814.187570000002,3.997745839655914,34846.8021,-5.052871609128216,34410.05018,33701.97007833333
2019-04-01,B1006,291177,48179,5010,2019,4,Apr,April,Q2,2019-04,Phoenix,USA,0.10648,1.3310000000000004,0.06655,19377.82935,5130.099920000001,6668.310000000002,31176.239270000002,62.155762862157424,16.45515957063028,21.3890775672123,331843.0,-12.254590273111079,505586.0,-42.40801762707037,313442.3333333333,349899.75,50186.0,-3.999123261467342,40545.0,18.82846220249106,46284.666666666664,48718.75,4251.0,17.854622441778407,5985.0,-16.290726817042607,4686.333333333333,4890.333333333333,22084.15165,-12.254590273111079,30587.952999999998,-36.6488193897774,20859.58728333333,21849.625920833332,5343.8052800000005,-3.9991232614673398,3924.756,30.711308422740185,4928.391306666667,4871.207513333334,5658.081000000002,17.854622441778403,7241.850000000001,-7.919799498746853,6237.509666666669,6099.610000000001,33086.037930000006,-5.772219278840692,41754.558999999994,-25.33452629687693,32025.488256666667,32820.44343416667
2019-05-01,B1006,405895,47146,5630,2019,5,May,May,Q2,2019-05,Phoenix,USA,0.10648,1.3310000000000004,0.06655,27012.31225,5020.1060800000005,7493.5300000000025,39525.94833,68.34070627344768,12.700785919384924,18.9585078071674,291177.0,39.39802937732033,250198.0,62.229514224734004,342971.6666666667,362874.5,48179.0,-2.144087673052575,32336.0,45.80034636318654,48503.666666666664,49952.916666666664,5010.0,12.375249500998004,4760.0,18.277310924369747,4963.666666666667,4962.833333333333,19377.82935,39.39802937732032,15136.979,78.45246564720742,22824.76441666666,22839.237025,5130.099920000001,-2.144087673052576,3130.1248,60.38038099950521,5164.6704266666675,5028.705953333333,6668.310000000002,12.375249500998004,5759.600000000001,30.10504201680674,6606.640333333336,6244.104166666668,31176.239270000002,26.78228437909983,24026.703800000003,64.50840972201935,34596.075176666665,34112.047145
2019-06-01,B1006,425895,57500,5740,2019,6,Jun,June,Q2,2019-06,Phoenix,USA,0.10648,1.3310000000000004,0.06655,28343.31225,6122.6,7639.940000000002,42105.85225,67.31442480183975,14.54097155817574,18.144603639984513,405895.0,4.927382697495658,226591.0,87.95759760979033,374322.3333333333,379483.1666666667,47146.0,21.96156619861706,55774.0,3.0946319073403377,50941.666666666664,50096.75,5630.0,1.9538188277087036,3909.0,46.8406242005628,5460.0,5115.416666666667,27012.31225,4.927382697495658,13708.7555,106.75335737076936,24911.15128333333,24058.783420833333,5020.1060800000005,21.961566198617057,5398.9232,13.404095098074375,5424.268666666667,5089.0123533333335,7493.5300000000025,1.9538188277087007,4729.89,61.52468662061912,7267.260000000002,6486.6083333333345,39525.94833,6.527114538683618,23837.5687,76.63652186978281,37602.67995,35634.4041075
2019-07-01,B1006,466380,50555,5605,2019,7,Jul,July,Q3,2019-07,Phoenix,USA,0.10648,1.3310000000000004,0.06655,31037.589,5383.0964,7460.255000000002,43880.94040000001,70.73136700598147,12.26750464080756,17.001128353210955,425895.0,9.505864121438384,494754.0,-5.7349713190797855,432723.3333333333,377118.6666666667,57500.0,-12.078260869565218,53082.0,-4.7605591349233265,51733.666666666664,49886.166666666664,5740.0,-2.35191637630662,5678.0,-1.2856639661852765,5658.333333333333,5109.333333333333,28343.31225,9.505864121438385,29932.617,3.691531549012242,28797.737833333333,24150.86442083333,6122.6,-12.078260869565218,5138.3376,4.763384951584351,5508.600826666668,5109.40892,7639.940000000002,-2.3519163763066246,6870.380000000001,8.585769637196208,7531.241666666669,6535.7645833333345,42105.85225,4.215775373600241,41941.3346,4.62456862304998,41837.58032666667,35796.03792416667
2019-08-01,B1006,435469,44565,4557,2019,8,Aug,August,Q3,2019-08,Phoenix,USA,0.10648,1.3310000000000004,0.06655,28980.46195,4745.2812,6065.367000000002,39791.11015000001,72.8314988969967,11.92548079737353,15.24302030562975,466380.0,-6.627857112226082,495985.0,-12.20117543877335,442581.3333333333,372075.6666666667,50555.0,-11.848481851448916,54285.0,-17.905498756562586,50873.333333333336,49076.166666666664,5605.0,-18.69759143621766,6561.0,-30.544124371284866,5300.666666666667,4942.333333333333,31037.589,-6.62785711222608,30007.0925,-3.4212929826506784,29453.78773333333,24065.311875,5383.0964,-11.848481851448916,5254.788,-9.69604863221883,5416.992533333333,5066.95002,7460.255000000002,-18.697591436217657,7938.810000000001,-23.59853680841334,7055.187333333335,6379.6443333333345,43880.94040000001,-9.320288518702755,43200.6905,-7.892420955632618,41925.9676,35511.90622833334
2019-09-01,B1006,253252,59522,5966,2019,9,Sep,September,Q3,2019-09,Phoenix,USA,0.10648,1.3310000000000004,0.06655,16853.9206,6337.90256,7940.746000000003,31132.569160000003,54.135977385555414,20.357788422238905,25.506234192205685,435469.0,-41.84385111224909,209588.0,20.83325381224116,385033.6666666667,375714.3333333333,44565.0,33.56221249859755,46242.0,28.718481034557332,51547.333333333336,50182.833333333336,4557.0,30.919464560017555,5682.0,4.998240056318197,5376.0,4966.0,28980.46195,-41.84385111224909,12680.074,32.91657919346528,25623.99051666667,24413.132425,4745.2812,33.56221249859755,4476.2256,41.590329138013075,5488.760053333334,5222.089766666667,6065.367000000002,30.919464560017555,6875.220000000001,15.49806406195004,7155.456000000002,6468.438166666668,39791.11015000001,-21.759988493309233,24031.5196,29.54889943788658,38268.20657,36103.66035833334
2019-10-01,B1006,306390,32782,6146,2019,10,Oct,October,Q4,2019-10,Phoenix,USA,0.10648,1.3310000000000004,0.06655,20390.2545,3490.62736,8180.326000000003,32061.207860000002,63.59789870998328,10.887385700633425,25.514715589383297,253252.0,20.98226272645428,465714.0,-34.210695834782726,331703.6666666667,362437.3333333333,59522.0,-44.92456570679749,51671.0,-36.55628882738867,45623.0,48608.75,5966.0,3.0170968823332216,5390.0,14.025974025974024,5556.333333333333,5029.0,16853.9206,20.982262726454266,28175.697,-27.631765418260994,22074.879016666662,23764.34555,6337.90256,-44.924565706797495,5001.7528,-30.21191771012754,4857.937040000001,5096.162646666667,7940.746000000003,3.01709688233322,6521.9000000000015,25.428571428571445,7395.479666666669,6606.640333333336,31132.569160000003,2.9828527649852314,39699.3498,-19.239967350800292,34328.295723333336,35467.14853
2019-11-01,B1006,250707,32352,4819,2019,11,Nov,November,Q4,2019-11,Phoenix,USA,0.10648,1.3310000000000004,0.06655,16684.55085,3444.84096,6414.089000000002,26543.48081,62.85743369315095,12.978105564444997,24.164460742404046,306390.0,-18.173896014882992,292224.0,-14.20725197109067,270116.3333333333,358977.5833333333,32782.0,-1.3116954426209506,55455.0,-41.660806058966735,41552.0,46683.5,6146.0,-21.59127888057273,4541.0,6.121999559568377,5643.666666666667,5052.166666666667,20390.2545,-18.17389601488299,17679.552,-5.627977168199737,17976.241983333333,23681.428787499997,3490.62736,-1.3116954426209493,5368.044,-35.8268866648634,4424.45696,4935.895726666667,8180.326000000003,-21.591278880572734,5494.610000000001,16.734199515525233,7511.7203333333355,6683.263583333336,32061.207860000002,-17.20997871974746,28542.206,-7.002700457000406,29912.419276666667,35300.588097500004
2019-12-01,B1006,296157,33938,4931,2019,12,Dec,December,Q4,2019-12,Phoenix,USA,0.10648,1.3310000000000004,0.06655,19709.248349999998,3613.71824,6563.161000000002,29886.127589999996,65.94781572368976,12.091624212998283,21.96056006331198,250707.0,18.128731946056554,413612.0,-28.39738692300997,284418.0,349189.6666666667,32352.0,4.902324431256182,43343.0,-21.69900560644164,33024.0,45899.75,4819.0,2.3241336376841666,4083.0,20.769042370805778,5298.666666666667,5122.833333333333,16684.55085,18.128731946056543,25023.525999999998,-21.23712561531097,18928.017899999995,23238.57231666667,3444.84096,4.902324431256186,4195.6024,-13.868906167085795,3516.39552,4887.40538,6414.089000000002,2.324133637684168,4940.430000000001,32.84594660788636,7052.525333333335,6818.491166666668,26543.48081,12.593098862680757,34159.5584,-12.510205079231953,29496.938753333332,34944.468863333335
2016-01-01,B1007,413543,29061,2149,2016,1,Jan,January,Q1,2016-01,Chicago,USA,0.08,1.0,0.05,20677.15,2324.88,2149.0,25151.030000000002,82.21194122069751,9.243677097916068,8.544381681386408,,,,,413543.0,413543.0,,,,,29061.0,29061.0,,,,,2149.0,2149.0,,,,,20677.15,20677.15,,,,,2324.88,2324.88,,,,,2149.0,2149.0,,,,,25151.030000000002,25151.030000000002
2016-02-01,B1007,252241,49719,2499,2016,2,Feb,February,Q1,2016-02,Chicago,USA,0.08,1.0,0.05,12612.050000000001,3977.52,2499.0,19088.57,66.0712143445004,20.837181622300676,13.091604033198925,413543.0,-39.00489187339648,,,332892.0,332892.0,29061.0,71.08495922370187,,,39390.0,39390.0,2149.0,16.286644951140065,,,2324.0,2324.0,20677.15,-39.00489187339648,,,16644.600000000002,16644.600000000002,2324.88,71.08495922370186,,,3151.2,3151.2,2149.0,16.286644951140065,,,2324.0,2324.0,25151.030000000002,-24.104221576611383,,,22119.800000000003,22119.800000000003
2016-03-01,B1007,461819,29178,2844,2016,3,Mar,March,Q1,2016-03,Chicago,USA,0.08,1.0,0.05,23090.95,2334.2400000000002,2844.0,28269.190000000002,81.682389909297,8.257187418528794,10.060422672174193,252241.0,83.08641339036873,,,375867.6666666667,375867.6666666667,49719.0,-41.31418572376757,,,35986.0,35986.0,2499.0,13.805522208883552,,,2497.3333333333335,2497.3333333333335,12612.050000000001,83.08641339036873,,,18793.383333333335,18793.383333333335,3977.52,-41.314185723767565,,,2878.8799999999997,2878.8799999999997,2499.0,13.805522208883552,,,2497.3333333333335,2497.3333333333335,19088.57,48.09485466957453,,,24169.596666666668,24169.596666666668
2016-04-01,B1007,361251,44703,3097,2016,4,Apr,April,Q2,2016-04,Chicago,USA,0.08,1.0,0.05,18062.55,3576.2400000000002,3097.0,24735.79,73.02192491123186,14.457755341551657,12.520319747216483,461819.0,-21.77649685266306,,,358437.0,372213.5,29178.0,53.207896360271434,,,41200.0,38165.25,2844.0,8.89592123769339,,,2813.3333333333335,2647.25,23090.95,-21.776496852663062,,,17921.850000000002,18610.675,2334.2400000000002,53.207896360271434,,,3296.0,3053.2200000000003,2844.0,8.89592123769339,,,2813.3333333333335,2647.25,28269.190000000002,-12.499120066758195,,,24031.183333333334,24311.145
2016-05-01,B1007,476596,48104,5228,2016,5,May,May,Q2,2016-05,Chicago,USA,0.08,1.0,0.05,23829.800000000003,3848.32,5228.0,32906.12,72.41753205786644,11.69484582199299,15.887622120140568,361251.0,31.92932337903563,,,433222.0,393090.0,44703.0,7.607990515177952,,,40661.666666666664,40153.0,3097.0,68.80852437843073,,,3723.0,3163.4,18062.55,31.92932337903565,,,21661.100000000002,19654.5,3576.2400000000002,7.607990515177949,,,3252.933333333333,3212.2400000000002,3097.0,68.80852437843073,,,3723.0,3163.4,24735.79,33.03039846311761,,,28637.033333333336,26030.140000000003
2016-06-01,B1007,313142,23787,4090,2016,6,Jun,June,Q2,2016-06,Chicago,USA,0.08,1.0,0.05,15657.1,1902.96,4090.0,21650.06,72.31896816914133,8.789629220427102,18.891402610431562,476596.0,-34.29613341278567,,,383663.0,379765.3333333333,48104.0,-50.55088973889905,,,38864.666666666664,37425.333333333336,5228.0,-21.767406273909717,,,4138.333333333333,3317.8333333333335,23829.800000000003,-34.29613341278568,,,19183.15,18988.266666666666,3848.32,-50.55088973889905,,,3109.1733333333336,2994.0266666666666,5228.0,-21.767406273909717,,,4138.333333333333,3317.8333333333335,32906.12,-34.206585279577176,,,26430.656666666666,25300.126666666667
2016-07-01,B1007,202790,49762,3911,2016,7,Jul,July,Q3,2016-07,Chicago,USA,0.08,1.0,0.05,10139.5,3980.96,3911.0,18031.46,56.23227403660048,22.077857256151194,21.689868707248333,313142.0,-35.2402424459191,,,330842.6666666667,354483.14285714284,23787.0,109.19830159330728,,,40551.0,39187.71428571428,4090.0,-4.376528117359413,,,4409.666666666667,3402.5714285714284,15657.1,-35.24024244591911,,,16542.133333333335,17724.157142857144,1902.96,109.19830159330726,,,3244.0800000000004,3135.0171428571434,4090.0,-4.376528117359413,,,4409.666666666667,3402.5714285714284,21650.06,-16.714041439146136,,,24195.880000000005,24261.745714285713
2016-08-01,B1007,283321,50542,2957,2016,8,Aug,August,Q3,2016-08,Chicago,USA,0.08,1.0,0.05,14166.050000000001,4043.36,2957.0,21166.41,66.92703202857736,19.102719828256188,13.970248143166462,202790.0,39.711524236895315,,,266417.6666666667,345587.875,49762.0,1.567461114906957,,,41363.666666666664,40607.0,3911.0,-24.392738430069034,,,3652.6666666666665,3346.875,10139.5,39.71152423689532,,,13320.883333333333,17279.39375,3980.96,1.5674611149069595,,,3309.0933333333337,3248.56,3911.0,-24.392738430069034,,,3652.6666666666665,3346.875,18031.46,17.386002020912343,,,20282.643333333333,23874.82875
2016-09-01,B1007,307448,23543,3925,2016,9,Sep,September,Q3,2016-09,Chicago,USA,0.08,1.0,0.05,15372.400000000001,1883.44,3925.0,21180.84,72.57691385233069,8.892187467541419,18.530898680127887,283321.0,8.515782451706722,,,264519.6666666667,341350.1111111111,50542.0,-53.41893870444383,,,41282.333333333336,38711.0,2957.0,32.73588096043287,,,3597.6666666666665,3411.1111111111113,14166.050000000001,8.515782451706723,,,13225.983333333335,17067.50555555556,4043.36,-53.41893870444383,,,3302.5866666666666,3096.88,2957.0,32.73588096043287,,,3597.6666666666665,3411.1111111111113,21166.41,0.06817405502397568,,,20126.236666666664,23575.496666666666
2016-10-01,B1007,444777,34513,5362,2016,10,Oct,October,Q4,2016-10,Chicago,USA,0.08,1.0,0.05,22238.850000000002,2761.04,5362.0,30361.890000000003,73.24593429460418,9.093768536807161,17.660297168588645,307448.0,44.66739090838126,,,345182.0,351692.8,23543.0,46.59559104617084,,,36199.333333333336,38291.2,3925.0,36.611464968152866,,,4081.3333333333335,3606.2,15372.400000000001,44.66739090838126,,,17259.100000000002,17584.640000000003,1883.44,46.59559104617083,,,2895.9466666666667,3063.296,3925.0,36.611464968152866,,,4081.3333333333335,3606.2,21180.84,43.346014605653046,,,24236.380000000005,24254.136000000002
2016-11-01,B1007,331406,29970,4342,2016,11,Nov,November,Q4,2016-11,Chicago,USA,0.08,1.0,0.05,16570.3,2397.6,4342.0,23309.899999999998,71.08696305003454,10.285758411661998,18.627278538303468,444777.0,-25.489402554538565,,,361210.3333333333,349848.54545454547,34513.0,-13.163155912264942,,,29342.0,37534.72727272727,5362.0,-19.022752704214845,,,4543.0,3673.090909090909,22238.850000000002,-25.489402554538575,,,18060.516666666666,17492.427272727273,2761.04,-13.163155912264946,,,2347.36,3002.7781818181816,5362.0,-19.022752704214845,,,4543.0,3673.090909090909,30361.890000000003,-23.226452635194992,,,24950.876666666667,24168.296363636364
2016-12-01,B1007,304827,31378,2983,2016,12,Dec,December,Q4,2016-12,Chicago,USA,0.08,1.0,0.05,15241.35,2510.2400000000002,2983.0,20734.59,73.50687908465999,12.106533092769137,14.386587822570881,331406.0,-8.020072056631443,,,360336.6666666667,346096.75,29970.0,4.698031364698031,,,31953.666666666668,37021.666666666664,4342.0,-31.298940580377703,,,4229.0,3615.5833333333335,16570.3,-8.020072056631438,,,18016.833333333332,17304.8375,2397.6,4.698031364698045,,,2556.2933333333335,2961.7333333333336,4342.0,-31.298940580377703,,,4229.0,3615.5833333333335,23309.899999999998,-11.048138344651834,,,24802.126666666667,23882.15416666667
2017-01-01,B1007,208584,29920,3892,2017,1,Jan,January,Q1,2017-01,Chicago,USA,0.088,1.1,0.055,11472.12,2632.96,4281.200000000001,18386.280000000002,62.39500323066982,14.32024313781798,23.284753631512192,304827.0,-31.572990581542975,413543.0,-49.561714259460324,281605.6666666667,329016.8333333333,31378.0,-4.646567658869271,29061.0,2.9558514848078183,30422.666666666668,37093.25,2983.0,30.472678511565537,2149.0,81.10749185667753,3739.0,3760.8333333333335,15241.35,-24.73028963969727,20677.15,-44.517885685406355,14427.923333333334,16537.751666666667,2510.2400000000002,4.888775575243793,2324.88,13.251436633288597,2513.6,2987.406666666667,2983.0,43.519946362722116,2149.0,99.21824104234531,3868.7333333333336,3793.2666666666664,20734.59,-11.325567566081594,25151.030000000002,-26.896512786951465,20810.256666666668,23318.425000000003
2017-02-01,B1007,304603,37460,5195,2017,2,Feb,February,Q1,2017-02,Chicago,USA,0.088,1.1,0.055,16753.165,3296.48,5714.500000000001,25764.145,65.02511532985085,12.794835613601771,22.18004905654739,208584.0,46.03373221340084,252241.0,20.758718844279876,272671.3333333333,333380.3333333333,29920.0,25.20053475935829,49719.0,-24.656569922967076,32919.333333333336,36071.666666666664,3892.0,33.47893114080164,2499.0,107.88315326130453,4023.3333333333335,3985.5,11472.12,46.03373221340084,12612.050000000001,32.83459072870786,14488.878333333334,16882.844583333335,2632.96,25.20053475935829,3977.52,-17.122226915263784,2813.226666666667,2930.653333333333,4281.200000000001,33.47893114080164,2499.0,128.67146858743502,4326.233333333334,4061.2250000000004,18386.280000000002,40.12701318591905,19088.57,34.971582470556996,21628.338333333337,23874.722916666666
2017-03-01,B1007,251457,44420,3923,2017,3,Mar,March,Q1,2017-03,Chicago,USA,0.088,1.1,0.055,13830.135,3908.9599999999996,4315.3,22054.395,62.709201499293,17.72417697243565,19.566621528271348,304603.0,-17.44762855257499,461819.0,-45.55074607151287,254881.33333333334,315850.1666666667,37460.0,18.579818473037907,29178.0,52.23798752484748,37266.666666666664,37341.833333333336,5195.0,-24.485081809432145,2844.0,37.9395218002813,4336.666666666667,4075.4166666666665,16753.165,-17.447628552574994,23090.95,-40.10582067866415,14018.473333333335,16111.11,3296.48,18.579818473037893,2334.2400000000002,67.46178627733221,3279.4666666666667,3061.8799999999997,5714.500000000001,-24.485081809432156,2844.0,51.73347398030943,4770.333333333334,4183.833333333333,25764.145,-14.398886514572867,28269.190000000002,-21.984340548844877,22068.273333333334,23356.823333333334
2017-04-01,B1007,238050,52836,3437,2017,4,Apr,April,Q2,2017-04,Chicago,USA,0.088,1.1,0.055,13092.75,4649.567999999999,3780.7000000000003,21523.018,60.83138526390677,21.602769648754645,17.565845087338587,251457.0,-5.3317266968109855,361251.0,-34.10398863947782,264703.3333333333,305583.4166666667,44420.0,18.946420531292212,44703.0,18.19340983826589,44905.333333333336,38019.583333333336,3923.0,-12.388478205455009,3097.0,10.978366160800775,4185.0,4103.75,13830.135,-5.331726696810987,18062.55,-27.514387503425592,14558.683333333334,15696.96,3908.9599999999996,18.946420531292205,3576.2400000000002,30.01275082209245,3951.669333333333,3151.3240000000005,4315.3,-12.388478205455005,3097.0,22.07620277688086,4603.500000000001,4240.808333333333,22054.395,-2.4093927763604506,24735.79,-12.988354121699775,23113.85266666667,23089.092333333334
2017-05-01,B1007,279506,44179,5627,2017,5,May,May,Q2,2017-05,Chicago,USA,0.088,1.1,0.055,15372.83,3887.752,6189.700000000001,25450.282,60.40337784862266,15.27587002768771,24.320752123689633,238050.0,17.41482881747532,476596.0,-41.353683203384,256337.66666666666,289159.25,52836.0,-16.384661972897266,48104.0,-8.159404623316147,47145.0,37692.5,3437.0,63.71835903404131,5228.0,7.631981637337414,4329.0,4137.0,13092.75,17.41482881747532,23829.800000000003,-35.4890515237224,14098.571666666665,14992.212500000001,4649.567999999999,-16.384661972897256,3848.32,1.0246549143522312,4148.759999999999,3154.609999999999,3780.7000000000003,63.71835903404133,5228.0,18.39517980107117,4761.900000000001,4320.95,21523.018,18.24680906739008,32906.12,-22.657906796668833,23009.23166666667,22467.772500000003
2017-06-01,B1007,235658,47847,4691,2017,6,Jun,June,Q2,2017-06,Chicago,USA,0.088,1.1,0.055,12961.19,4210.536,5160.1,22331.826,58.03909631035098,18.854418801221183,23.106484888427843,279506.0,-15.687677545383641,313142.0,-24.744045832242243,251071.33333333334,282702.25,44179.0,8.302587202064329,23787.0,101.14768571068231,48287.333333333336,39697.5,5627.0,-16.634085658432557,4090.0,14.69437652811736,4585.0,4187.083333333333,15372.83,-15.687677545383638,15657.1,-17.218450415466464,13808.923333333332,14767.553333333335,3887.752,8.302587202064332,1902.96,121.26245428175054,4249.285333333333,3346.9079999999994,6189.700000000001,-16.63408565843256,4090.0,26.16381418092911,5043.500000000001,4410.125,25450.282,-12.253129454518415,21650.06,3.1490259149397257,23101.708666666662,22524.586333333336
2017-07-01,B1007,459377,28915,4855,2017,7,Jul,July,Q3,2017-07,Chicago,USA,0.088,1.1,0.055,25265.735,2544.52,5340.5,33150.755000000005,76.21465936446997,7.6756019583867685,16.10973867714325,235658.0,94.9337599402524,202790.0,126.52842842349227,324847.0,304084.5,47847.0,-39.56778899408531,49762.0,-41.89341264418633,40313.666666666664,37960.25,4691.0,3.4960562779791085,3911.0,24.13704934799284,5057.666666666667,4265.75,12961.19,94.9337599402524,10139.5,149.1812712658415,17866.585,16028.072916666666,4210.536,-39.56778899408531,3980.96,-36.08275390860496,3547.602666666666,3227.2046666666665,5160.1,3.496056277979102,3911.0,36.55075428279213,5563.433333333334,4529.25,22331.826,48.44623543099433,18031.46,83.8495329829088,26977.621000000003,23784.527583333333
2017-08-01,B1007,263031,53798,4504,2017,8,Aug,August,Q3,2017-08,Chicago,USA,0.088,1.1,0.055,14466.705,4734.224,4954.400000000001,24155.329,59.89032482231974,19.59908722418974,20.51058795349051,459377.0,-42.741800307808184,283321.0,-7.1614882059572,319355.3333333333,302393.6666666667,28915.0,86.0556804426768,50542.0,6.44216691068814,43520.0,38231.583333333336,4855.0,-7.229660144181256,2957.0,52.316537030774434,4683.333333333333,4394.666666666667,25265.735,-42.741800307808184,14166.050000000001,2.1223629734470713,17564.543333333335,16053.127500000002,2544.52,86.05568044267682,4043.36,17.086383601756953,3829.7599999999998,3284.7766666666666,5340.5,-7.2296601441812465,2957.0,67.5481907338519,5151.666666666667,4695.7,33150.755000000005,-27.13490537395001,21166.41,14.121048396964822,26545.97,24033.604166666668
2017-09-01,B1007,503577,50791,5944,2017,9,Sep,September,Q3,2017-09,Chicago,USA,0.088,1.1,0.055,27696.735,4469.608,6538.400000000001,38704.743,71.55902055724798,11.547959380585475,16.893020062166542,263031.0,91.45157795088792,307448.0,63.792576305586635,408661.6666666667,318737.75,53798.0,-5.5894271162496745,23543.0,115.73716178906682,44501.333333333336,40502.25,4504.0,31.97158081705151,3925.0,51.43949044585987,5101.0,4562.916666666667,14466.705,91.45157795088792,15372.400000000001,80.17183393614529,22476.391666666666,17080.155416666665,4734.224,-5.5894271162496745,1883.44,137.3108779679735,3916.117333333333,3500.290666666667,4954.400000000001,31.971580817051503,3925.0,66.58343949044587,5611.100000000001,4913.483333333334,24155.329,60.23272959768008,21180.84,82.73469324162782,32003.609,25493.92941666667
2017-10-01,B1007,226282,54628,4216,2017,10,Oct,October,Q4,2017-10,Chicago,USA,0.088,1.1,0.055,12445.51,4807.264,4637.6,21890.374000000003,56.853802497846765,21.960629818385012,21.185567683768216,503577.0,-55.06506452836408,444777.0,-49.124617504951914,330963.3333333333,300529.8333333333,50791.0,7.554487999842492,34513.0,58.28238634717353,53072.333333333336,42178.5,5944.0,-29.071332436069987,5362.0,-21.372622155911973,4888.0,4467.416666666667,27696.735,-55.06506452836408,22238.850000000002,-44.03707925544712,18202.983333333334,16264.043750000003,4469.608,7.5544879998424905,2761.04,74.1106249818909,4670.365333333332,3670.809333333333,6538.400000000001,-29.071332436069987,5362.0,-13.509884371503164,5376.8,4853.116666666668,38704.743,-43.442657660845335,30361.890000000003,-27.90180716681339,28250.148666666664,24787.96975
2017-11-01,B1007,315269,35281,3585,2017,11,Nov,November,Q4,2017-11,Chicago,USA,0.088,1.1,0.055,17339.795000000002,3104.7279999999996,3943.5000000000005,24388.023,71.09963361933848,12.730544005145475,16.16982237551605,226282.0,39.325708629055775,331406.0,-4.869254026782858,348376.0,299185.0833333333,54628.0,-35.415903932049495,29970.0,17.721054387721054,46900.0,42621.083333333336,4216.0,-14.966793168880454,4342.0,-17.43436204514049,4581.666666666667,4404.333333333333,12445.51,39.3257086290558,16570.3,4.643820570538872,19160.68,16328.168333333335,4807.264,-35.41590393204951,2397.6,29.493159826493148,4127.2,3729.736666666667,4637.6,-14.966793168880452,4342.0,-9.177798249654527,5039.833333333334,4819.908333333334,21890.374000000003,11.409805058607027,23309.899999999998,4.62517213716062,28327.713333333337,24877.813333333335
2017-12-01,B1007,494593,26755,5415,2017,12,Dec,December,Q4,2017-12,Chicago,USA,0.088,1.1,0.055,27202.615,2354.44,5956.500000000001,35513.555,76.59783707939124,6.629693929543241,16.772468991065526,315269.0,56.879680526788235,304827.0,62.253671754798624,345381.3333333333,314998.9166666667,35281.0,-24.1659816898614,31378.0,-14.733252597361208,38888.0,42235.833333333336,3585.0,51.04602510460251,2983.0,81.52866242038218,4405.333333333333,4607.0,17339.795000000002,56.87968052678822,15241.35,78.47903893027849,18995.97333333333,17324.940416666668,3104.7279999999996,-24.165981689861386,2510.2400000000002,-6.2065778570973364,3422.143999999999,3716.7533333333336,3943.5000000000005,51.04602510460252,2983.0,99.68152866242042,4845.866666666668,5067.700000000001,24388.023,45.618835114269,20734.59,71.27686151498534,27263.984,26109.393750000003
2018-01-01,B1007,324668,32620,4997,2018,1,Jan,January,Q1,2018-01,Chicago,USA,0.0968,1.2100000000000002,0.0605,19642.414,3157.616,6046.370000000001,28846.4,68.09312080536913,10.946308724832214,20.960570469798657,494593.0,-34.3565315319869,208584.0,55.653357879799024,378176.6666666667,324672.5833333333,26755.0,21.921136236217528,29920.0,9.024064171122994,31552.0,42460.833333333336,5415.0,-7.719298245614035,3892.0,28.391572456320656,4665.666666666667,4699.083333333333,27202.615,-27.7921846851856,11472.12,71.21869366777892,21394.941333333332,18005.79825,2354.44,34.11324985983928,2632.96,19.926470588235293,2872.2613333333325,3760.4746666666665,5956.500000000001,1.5087719298245592,4281.200000000001,41.23072970195272,5315.456666666668,5214.797500000001,35513.555,-18.77354998675857,18386.280000000002,56.89089908344699,29582.659333333333,26981.070416666666
2018-02-01,B1007,290750,47509,3947,2018,2,Feb,February,Q1,2018-02,Chicago,USA,0.0968,1.2100000000000002,0.0605,17590.375,4598.8712,4775.870000000001,26965.116200000004,65.23381864751615,17.05489108925108,17.711290263232762,324668.0,-10.446979683861668,304603.0,-4.547886921665249,370003.6666666667,323518.1666666667,32620.0,45.64377682403433,37460.0,26.825947677522695,35628.0,43298.25,4997.0,-21.012607564538722,5195.0,-24.023099133782484,4786.333333333333,4595.083333333333,19642.414,-10.44697968386167,16753.165,4.99732438616822,21478.468,18075.565749999998,3157.616,45.64377682403432,3296.48,39.50854244527495,3370.3090666666662,3869.007266666667,6046.370000000001,-21.012607564538722,5714.500000000001,-16.42540904716073,5592.913333333335,5136.578333333334,28846.4,-6.521728187919454,25764.145,4.661405220316853,30441.690400000003,27081.151350000004
2018-03-01,B1007,262459,28042,5203,2018,3,Mar,March,Q1,2018-03,Chicago,USA,0.0968,1.2100000000000002,0.0605,15878.7695,2714.4656,6295.630000000001,24888.865100000003,63.7986884343714,10.906345424323908,25.29496614130469,290750.0,-9.730352536543423,251457.0,4.375300747245056,292625.6666666667,324435.0,47509.0,-40.97539413584794,44420.0,-36.87077892841062,36057.0,41933.416666666664,3947.0,31.821636686090706,3923.0,32.62809074687739,4715.666666666667,4701.75,17590.375,-9.73035253654342,13830.135,14.81283082196956,17703.852833333334,18246.285291666667,4598.8712,-40.975394135847935,3908.9599999999996,-30.557856821251683,3490.317599999999,3769.4660666666673,4775.870000000001,31.8216366860907,4315.3,45.89089982156514,5705.956666666668,5301.605833333334,26965.116200000004,-7.699766930728083,22054.395,12.852177989919934,26900.1271,27317.35719166667
2018-04-01,B1007,365468,52106,3872,2018,4,Apr,April,Q2,2018-04,Chicago,USA,0.0968,1.2100000000000002,0.0605,22110.814,5043.8607999999995,4685.120000000001,31839.794799999996,69.44395885365444,15.841373450057535,14.714667696288048,262459.0,39.24765391927882,238050.0,53.52572988867885,306225.6666666667,335053.1666666667,28042.0,85.81413593894872,52836.0,-1.381633734574911,42552.333333333336,41872.583333333336,5203.0,-25.581395348837212,3437.0,12.656386383473961,4340.666666666667,4738.0,15878.7695,39.24765391927881,13092.75,68.87830287754673,18526.652833333334,18997.790625,2714.4656,85.8141359389487,4649.567999999999,8.480202891967604,4119.065866666666,3802.3237999999997,6295.630000000001,-25.581395348837212,3780.7000000000003,23.92202502182137,5252.206666666668,5376.974166666667,24888.865100000003,27.92786923819999,21523.018,47.93369034026732,27897.925366666666,28177.08859166667
2018-05-01,B1007,500394,30591,5355,2018,5,May,May,Q2,2018-05,Chicago,USA,0.0968,1.2100000000000002,0.0605,30273.837,2961.2088,6479.550000000001,39714.5958,76.22849078574784,7.456222933534173,16.315286280717984,365468.0,36.918690555671084,279506.0,79.02799939893956,376107.0,353460.5,52106.0,-41.2908302306836,44179.0,-30.756694357047465,36913.0,40740.25,3872.0,38.300619834710744,5627.0,-4.833836858006042,4810.0,4715.333333333333,22110.814,36.91869055567109,15372.83,96.93079933883351,22754.473500000004,20239.541208333332,5043.8607999999995,-41.2908302306836,3887.752,-23.832363792752215,3573.1783999999993,3725.1118666666666,4685.120000000001,38.300619834710744,6189.700000000001,4.682779456193359,5820.100000000001,5401.128333333334,31839.794799999996,24.732574595612682,25450.282,56.04776324285917,32147.751900000003,29365.781408333336
2018-06-01,B1007,218795,51116,5664,2018,6,Jun,June,Q2,2018-06,Chicago,USA,0.0968,1.2100000000000002,0.0605,13237.0975,4948.0288,6853.440000000001,25038.566300000002,52.866834871451886,19.761629882139058,27.371535246409064,500394.0,-56.2754549415061,235658.0,-7.155708696500862,361552.3333333333,352055.25,30591.0,67.09489719198457,47847.0,6.832194285953143,44604.333333333336,41012.666666666664,5355.0,5.7703081232493,4691.0,20.741846088254103,4963.666666666667,4796.416666666667,30273.837,-56.2754549415061,12961.19,2.1287204338490473,21873.916166666666,20262.5335,2961.2088,67.09489719198459,4210.536,17.515413714548455,4317.699466666666,3786.5696000000003,6479.550000000001,5.770308123249303,5160.1,32.81603069707953,6006.036666666668,5542.240000000001,39714.5958,-36.95374258347607,22331.826,12.120550733289795,32197.6523,29591.343100000002
2018-07-01,B1007,502045,54714,6471,2018,7,Jul,July,Q3,2018-07,Chicago,USA,0.0968,1.2100000000000002,0.0605,30373.7225,5296.3152,7829.910000000001,43499.947700000004,69.82473337548403,12.17545187991111,17.99981474460485,218795.0,129.4590827029868,459377.0,9.288231670283885,407078.0,355610.9166666667,51116.0,7.038891932076062,28915.0,89.2235863738544,45473.666666666664,43162.583333333336,5664.0,14.247881355932204,4855.0,33.285272914521116,5830.0,4931.083333333333,13237.0975,129.4590827029868,25265.735,20.217054837312272,24628.219,20688.199125000003,4948.0288,7.038891932076062,2544.52,108.14594501123985,4401.850933333332,4015.885866666667,6853.440000000001,14.24788135593219,5340.5,46.61380020597324,7054.3,5749.690833333334,25038.566300000002,73.73178311731051,33150.755000000005,31.218573151652194,36084.369933333335,30453.775825000004
2018-08-01,B1007,478891,47605,5065,2018,8,Aug,August,Q3,2018-08,Chicago,USA,0.0968,1.2100000000000002,0.0605,28972.9055,4608.164,6128.650000000001,39709.7195,72.96174806774951,11.604624908015278,15.433627024235214,502045.0,-4.61193717694629,263031.0,82.06637240477357,399910.3333333333,373599.25,54714.0,-12.993018240304128,53798.0,-11.51158035614707,51145.0,42646.5,6471.0,-21.727708236748573,4504.0,12.455595026642984,5733.333333333333,4977.833333333333,30373.7225,-4.611937176946287,14466.705,100.27300964525094,24194.575166666666,21897.049166666664,5296.3152,-12.993018240304133,4734.224,-2.662738391761784,4950.835999999999,4005.3808666666664,7829.910000000001,-21.727708236748573,4954.400000000001,23.70115452930728,6937.333333333335,5847.545000000001,43499.947700000004,-8.713178751706877,24155.329,64.39320491142968,36082.7445,31749.975033333336
2018-09-01,B1007,215356,36477,4617,2018,9,Sep,September,Q3,2018-09,Chicago,USA,0.0968,1.2100000000000002,0.0605,13029.038,3530.9736,5586.570000000001,22146.5816,58.83092133731375,15.943650644485919,25.225428018200336,478891.0,-55.03026784800716,503577.0,-57.234742651074214,398764.0,349580.8333333333,47605.0,-23.37569583026993,50791.0,-28.182158256384003,46265.333333333336,41453.666666666664,5065.0,-8.845014807502467,5944.0,-22.325033647375506,5384.333333333333,4867.25,28972.9055,-55.03026784800716,27696.735,-52.958216916181634,24125.221999999998,20674.741083333334,4608.164,-23.37569583026993,4469.608,-21.000374082022415,4478.4842666666655,3927.161333333333,6128.650000000001,-8.845014807502466,6538.400000000001,-14.557537012113054,6515.043333333334,5768.225833333334,39709.7195,-44.228813804640446,38704.743,-42.78070364657892,35118.7496,30370.128250000005
2018-10-01,B1007,209183,51132,4090,2018,10,Oct,October,Q4,2018-10,Chicago,USA,0.0968,1.2100000000000002,0.0605,12655.5715,4949.5776,4948.900000000001,22554.0491,56.11219273261226,21.945405802987274,21.94240146440047,215356.0,-2.866416538197218,226282.0,-7.55650029609072,301143.3333333333,348155.9166666667,36477.0,40.17600131589769,54628.0,-6.399648531888409,45071.333333333336,41162.333333333336,4617.0,-11.41433831492311,4216.0,-2.988614800759013,4590.666666666667,4856.75,13029.038,-2.866416538197221,12445.51,1.687849674300208,18219.171666666665,20692.246208333334,3530.9736,40.176001315897686,4807.264,2.9603866149227396,4362.905066666666,3939.0208000000002,5586.570000000001,-11.41433831492311,4637.6,6.712523719165089,5554.706666666668,5794.1675000000005,22146.5816,1.8398663385594407,21890.374000000003,3.0318125217960947,28136.7834,30425.434508333336
2018-11-01,B1007,240399,56392,4089,2018,11,Nov,November,Q4,2018-11,Chicago,USA,0.0968,1.2100000000000002,0.0605,14544.1395,5458.7456,4947.6900000000005,24950.575100000002,58.291800656731155,21.878235584237093,19.829963759031752,209183.0,14.92281877590435,315269.0,-23.74797395240255,221646.0,341916.75,51132.0,10.287100054760229,35281.0,59.83673932144781,48000.333333333336,42921.583333333336,4090.0,-0.024449877750611245,3585.0,14.058577405857742,4265.333333333333,4898.75,12655.5715,14.922818775904345,17339.795000000002,-16.12277134764282,13409.582999999999,20459.27491666667,4949.5776,10.287100054760241,3104.7279999999996,75.8204132535926,4646.432266666666,4135.188933333334,4948.900000000001,-0.02444987775061198,3943.5000000000005,25.464435146443513,5161.053333333333,5877.850000000001,22554.0491,10.62570179471677,24388.023,2.30667364878244,23217.0686,30472.313850000002
2018-12-01,B1007,424677,38026,6314,2018,12,Dec,December,Q4,2018-12,Chicago,USA,0.0968,1.2100000000000002,0.0605,25692.9585,3680.9168,7639.940000000001,37013.8153,69.4145099384013,9.944710563247448,20.640779498351257,240399.0,76.65506096115209,494593.0,-14.136067433222872,291419.6666666667,336090.4166666667,56392.0,-32.56844942545042,26755.0,42.126705288731074,48516.666666666664,43860.833333333336,4089.0,54.414282220591836,5415.0,16.602031394275162,4831.0,4973.666666666667,14544.1395,76.6550609611521,27202.615,-5.549674176545163,17630.889833333335,20333.470208333332,5458.7456,-32.568449425450424,2354.44,56.33937581760418,4696.413333333333,4245.728666666667,4947.6900000000005,54.41428222059185,5956.500000000001,28.262234533702678,5845.510000000001,6018.136666666668,24950.575100000002,48.348545681417974,35513.555,4.224472317682648,28172.81316666667,30597.33554166667
2019-01-01,B1007,417083,48320,6536,2019,1,Jan,January,Q1,2019-01,Chicago,USA,0.10648,1.3310000000000004,0.06655,27756.873649999998,5145.113600000001,8699.416000000003,41601.40325,66.72100333538627,12.367644353438969,20.91135231117475,424677.0,-1.7881825481483575,324668.0,28.46446215826629,360719.6666666667,343791.6666666667,38026.0,27.070951454268133,32620.0,48.129981606376454,47579.333333333336,45169.166666666664,6314.0,3.5159961989230286,4997.0,30.798479087452474,5646.333333333333,5101.916666666667,25692.9585,8.032999197036796,19642.414,41.310908374092904,22664.657216666663,21009.675179166665,3680.9168,39.77804659969496,3157.616,62.942979767014116,4761.592,4411.3534666666665,7639.940000000001,13.867595818815348,6046.370000000001,43.87832699619775,7095.682000000001,6239.223833333334,37013.8153,12.394258502716418,28846.4,44.2169672818792,34521.93121666667,31660.25247916667
2019-02-01,B1007,214603,36057,6378,2019,2,Feb,February,Q1,2019-02,Chicago,USA,0.10648,1.3310000000000004,0.06655,14281.82965,3839.34936,8489.118000000002,26610.297010000002,53.67031282902618,14.42805902751553,31.901628143458293,417083.0,-48.54669214520851,290750.0,-26.189853826311264,352121.0,337446.0833333333,48320.0,-25.378725165562916,47509.0,-24.10490643878002,40801.0,44214.833333333336,6536.0,-2.4173806609547124,3947.0,61.59108183430454,6409.333333333333,5304.5,27756.873649999998,-48.5466921452085,17590.375,-18.808839208942395,22577.2206,20733.963066666667,5145.113600000001,-25.37872516556292,4598.8712,-16.515397082658012,4221.793253333333,4348.05998,8699.416000000003,-2.4173806609547195,4775.870000000001,77.75019001773501,8276.158000000003,6548.661166666668,41601.40325,-36.03509754205226,26965.116200000004,-1.3158452104130074,35075.17185333333,31630.68421333333
2019-03-01,B1007,264797,51313,6031,2019,3,Mar,March,Q1,2019-03,Chicago,USA,0.10648,1.3310000000000004,0.06655,17622.24035,5463.80824,8027.261000000002,31113.30959,56.63891299967616,17.560999816477576,25.80008718384627,214603.0,23.389235006034397,262459.0,0.8908058020490819,298827.6666666667,337640.9166666667,36057.0,42.310785700418776,28042.0,82.98623493331432,45230.0,46154.083333333336,6378.0,-5.44057698338037,5203.0,15.913895829329233,6315.0,5373.5,14281.82965,23.3892350060344,15878.7695,10.979886382253987,19886.981216666667,20879.25230416667,3839.34936,42.31078570041878,2714.4656,101.28485842664577,4816.0904,4577.171866666667,8489.118000000002,-5.440576983380368,6295.630000000001,27.50528541226217,8405.265000000001,6692.963750000002,26610.297010000002,16.92206809382019,24888.865100000003,25.008952658110545,33108.33661666667,32149.387920833335
2019-04-01,B1007,300470,47161,4910,2019,4,Apr,April,Q2,2019-04,Chicago,USA,0.10648,1.3310000000000004,0.06655,19996.2785,5021.703280000001,6535.210000000002,31553.191780000005,63.37323539064167,15.91504059244811,20.711724016910217,264797.0,13.47182936362572,365468.0,-17.78486762178905,259956.66666666666,332224.4166666667,51313.0,-8.091516769629528,52106.0,-9.490269834567997,44843.666666666664,45742.0,6031.0,-18.587298955397113,3872.0,26.80785123966942,5773.0,5460.0,17622.24035,13.471829363625723,22110.814,-9.563354383967946,17300.116166666667,20703.0410125,5463.80824,-8.091516769629523,5043.8607999999995,-0.4392968180247726,4774.953626666666,4575.325406666667,8027.261000000002,-18.587298955397113,4685.120000000001,39.48863636363638,7683.863000000001,6847.1379166666675,31113.30959,1.4138071320493164,31839.794799999996,-0.9001409142247091,29758.932793333337,32125.504335833335
2019-05-01,B1007,317689,42539,5380,2019,5,May,May,Q2,2019-05,Chicago,USA,0.10648,1.3310000000000004,0.06655,21142.20295,4529.552720000001,7160.7800000000025,32832.53567,64.39406070399313,13.795927203206478,21.81001209280039,300470.0,5.73068858787899,500394.0,-36.51222836404913,294318.6666666667,316999.0,47161.0,-9.800470727931977,30591.0,39.05723905723906,47004.333333333336,46737.666666666664,4910.0,9.572301425661914,5355.0,0.4668534080298786,5440.333333333333,5462.083333333333,19996.2785,5.730688587878983,30273.837,-30.163451200454045,19586.907266666665,19942.071508333334,5021.703280000001,-9.800470727931977,2961.2088,52.96296296296299,5005.021413333333,4706.020733333334,6535.210000000002,9.572301425661921,6479.550000000001,10.513538748832886,7241.083666666669,6903.907083333334,31553.191780000005,4.054562527049657,39714.5958,-17.328793083171714,31833.012346666666,31551.999325
2019-06-01,B1007,432557,42334,5773,2019,6,Jun,June,Q2,2019-06,Chicago,USA,0.10648,1.3310000000000004,0.06655,28786.66835,4507.72432,7683.863000000002,40978.255670000006,70.24864255282245,11.000283555993539,18.75107389118401,317689.0,36.157374035613444,218795.0,97.6996732100825,350238.6666666667,334812.5,42539.0,-0.48191071722419426,51116.0,-17.18053055794663,44011.333333333336,46005.833333333336,5380.0,7.304832713754647,5664.0,1.9244350282485876,5354.333333333333,5471.166666666667,21142.20295,36.15737403561346,13237.0975,117.46964053109075,23308.383266666668,21237.869079166667,4529.552720000001,-0.4819107172242014,4948.0288,-8.89858361374129,4686.326773333334,4669.328693333334,7160.7800000000025,7.304832713754639,6853.440000000001,12.116878531073453,7126.617666666669,6973.109000000001,32832.53567,24.80990223195883,25038.566300000002,63.66055140305698,35121.32770666667,32880.3067725
2019-07-01,B1007,362366,40083,6673,2019,7,Jul,July,Q3,2019-07,Chicago,USA,0.10648,1.3310000000000004,0.06655,24115.4573,4268.03784,8881.763000000003,37265.258140000005,64.71297531175506,11.4531283372991,23.833896350945825,432557.0,-16.22699436143676,502045.0,-27.822007987331816,370870.6666666667,323172.5833333333,42334.0,-5.317239098596873,54714.0,-26.740870709507618,41652.0,44786.583333333336,5773.0,15.589814654425776,6471.0,3.121619533302426,5942.0,5488.0,28786.66835,-16.226994361436763,30373.7225,-20.604208786065,24681.442866666664,20716.346979166665,4507.72432,-5.317239098596879,5296.3152,-19.414957780458383,4435.10496,4583.638913333333,7683.863000000002,15.58981465442578,7829.910000000001,13.433781486632693,7908.802000000002,7060.7634166666685,40978.255670000006,-9.060896978878166,43499.947700000004,-14.332636910273798,37025.349826666665,32360.74930916667
2019-08-01,B1007,258005,52090,5759,2019,8,Aug,August,Q3,2019-08,Chicago,USA,0.10648,1.3310000000000004,0.06655,17170.23275,5546.5432,7665.229000000002,30382.004950000002,56.51448210299893,18.25601440434233,25.22950349265874,362366.0,-28.79988740665515,478891.0,-46.12448344195235,350976.0,304765.4166666667,40083.0,29.955342663972257,47605.0,9.42127927738683,44835.666666666664,45160.333333333336,6673.0,-13.696987861531545,5065.0,13.70187561697927,6068.333333333333,5545.833333333333,24115.4573,-28.79988740665515,28972.9055,-40.736931786147586,23357.4528,19732.790916666665,4268.03784,29.95534266397226,4608.164,20.36340720512552,4774.101786666666,4661.83718,8881.763000000003,-13.696987861531548,6128.650000000001,25.07206317867722,8076.951666666669,7188.811666666668,37265.258140000005,-18.470966078218616,39709.7195,-23.489751797415735,36208.50625333333,31583.439763333332
2019-09-01,B1007,277407,35276,5470,2019,9,Sep,September,Q3,2019-09,Chicago,USA,0.10648,1.3310000000000004,0.06655,18461.435849999998,3756.1884800000003,7280.570000000002,29498.194330000002,62.584969247505796,12.733621719278979,24.681409033215225,258005.0,7.520009302145307,215356.0,28.813220899348057,299259.3333333333,309936.3333333333,52090.0,-32.27874832021501,36477.0,-3.2924856759053647,42483.0,45060.25,5759.0,-5.018232332002084,4617.0,18.475200346545375,5967.333333333333,5616.916666666667,17170.23275,7.5200093021453,13029.038,41.69454298928284,19915.70863333333,20185.4907375,5546.5432,-32.27874832021501,3530.9736,6.378265756504112,4523.58984,4680.605086666667,7665.229000000002,-5.018232332002078,5586.570000000001,30.322720381199943,7942.520666666668,7329.978333333336,30382.004950000002,-2.9089937331472924,22146.5816,33.1952482002911,32381.819140000003,32196.074157500003
2019-10-01,B1007,280457,40681,5573,2019,10,Oct,October,Q4,2019-10,Chicago,USA,0.10648,1.3310000000000004,0.06655,18664.41335,4331.71288,7417.663000000002,30413.789230000002,61.368260327093736,14.242595183526891,24.389144489379373,277407.0,1.099467569311517,209183.0,34.072558477505346,271956.3333333333,315875.8333333333,35276.0,15.32203197641456,51132.0,-20.439255260893376,42682.333333333336,44189.333333333336,5470.0,1.882998171846435,4090.0,36.25916870415648,5600.666666666667,5740.5,18461.435849999998,1.099467569311522,12655.5715,47.47981432525587,18098.693983333334,20686.227558333336,3756.1884800000003,15.322031976414552,4949.5776,-12.483180786982704,4544.814853333333,4629.11636,7280.570000000002,1.8829981718464326,4948.900000000001,49.88508557457216,7454.487333333335,7535.708583333336,29498.194330000002,3.1039015126048906,22554.0491,34.848465990082474,30097.996170000002,32851.05250166667
2019-11-01,B1007,230530,33793,5162,2019,11,Nov,November,Q4,2019-11,Chicago,USA,0.10648,1.3310000000000004,0.06655,15341.771499999999,3598.27864,6870.622000000002,25810.672140000002,59.43964348074508,13.941049735096126,26.619306784158788,280457.0,-17.80201599532192,240399.0,-4.105258341340854,262798.0,315053.4166666667,40681.0,-16.931737174602393,56392.0,-40.07483330968932,36583.333333333336,42306.083333333336,5573.0,-7.374842993001973,4089.0,26.24113475177305,5401.666666666667,5829.916666666667,18664.41335,-17.80201599532192,14544.1395,5.484215824525058,17489.2069,20752.696891666663,4331.71288,-16.931737174602397,5458.7456,-34.08231664065825,3895.393333333333,4474.077446666667,7417.663000000002,-7.374842993001973,4947.6900000000005,38.865248226950385,7189.618333333336,7695.952916666669,30413.789230000002,-15.134967416225498,24950.575100000002,3.447203267070187,28574.218566666666,32922.727255
2019-12-01,B1007,319388,37106,4748,2019,12,Dec,December,Q4,2019-12,Chicago,USA,0.10648,1.3310000000000004,0.06655,21255.271399999998,3951.0468800000003,6319.588000000002,31525.906280000003,67.4216030816672,12.532698806208591,20.04569811212419,230530.0,38.5450917451091,424677.0,-24.79272482380727,276791.6666666667,306279.3333333333,33793.0,9.803805521853638,38026.0,-2.4193972545100717,37193.333333333336,42229.416666666664,5162.0,-8.020147229755908,6314.0,-24.80202724105163,5161.0,5699.416666666667,15341.771499999999,38.5450917451091,25692.9585,-17.27199730618801,18420.485416666666,20382.889633333332,3598.27864,9.803805521853647,3680.9168,7.338663020038931,3960.3461333333325,4496.588286666666,6870.622000000002,-8.020147229755914,7639.940000000001,-17.28222996515679,6869.291000000002,7585.923583333336,25810.672140000002,22.142910920722734,37013.8153,-14.826650469615323,29250.122550000004,32465.401503333338
2016-01-01,B1008,343048,30666,4075,2016,1,Jan,January,Q1,2016-01,Chicago,USA,0.08,1.0,0.05,17152.4,2453.28,4075.0,23680.68,72.43204164745269,10.359837639797506,17.208120712749803,,,,,343048.0,343048.0,,,,,30666.0,30666.0,,,,,4075.0,4075.0,,,,,17152.4,17152.4,,,,,2453.28,2453.28,,,,,4075.0,4075.0,,,,,23680.68,23680.68
2016-02-01,B1008,202733,32055,3200,2016,2,Feb,February,Q1,2016-02,Chicago,USA,0.08,1.0,0.05,10136.650000000001,2564.4,3200.0,15901.050000000001,63.748305929482655,16.127236880583357,20.124457189934,343048.0,-40.90243930878478,,,272890.5,272890.5,30666.0,4.529446292310702,,,31360.5,31360.5,4075.0,-21.472392638036812,,,3637.5,3637.5,17152.4,-40.90243930878477,,,13644.525000000001,13644.525000000001,2453.28,4.5294462923106975,,,2508.84,2508.84,4075.0,-21.472392638036812,,,3637.5,3637.5,23680.68,-32.85222383816681,,,19790.865,19790.865
2016-03-01,B1008,239402,48668,2327,2016,3,Mar,March,Q1,2016-03,Chicago,USA,0.08,1.0,0.05,11970.1,3893.44,2327.0,18190.54,65.80398382895724,21.403652667815248,12.792363503227502,202733.0,18.087336546097575,,,261727.66666666666,261727.66666666666,32055.0,51.82654812041804,,,37129.666666666664,37129.666666666664,3200.0,-27.28125,,,3200.6666666666665,3200.6666666666665,10136.650000000001,18.087336546097564,,,13086.383333333333,13086.383333333333,2564.4,51.826548120418025,,,2970.3733333333334,2970.3733333333334,3200.0,-27.28125,,,3200.6666666666665,3200.6666666666665,15901.050000000001,14.39835734118187,,,19257.423333333336,19257.423333333336
2016-04-01,B1008,249738,30314,4818,2016,4,Apr,April,Q2,2016-04,Chicago,USA,0.08,1.0,0.05,12486.900000000001,2425.12,4818.0,19730.02,63.288835997125204,12.291523272657605,24.4196407302172,239402.0,4.317424248753143,,,230624.33333333334,258730.25,48668.0,-37.71266540642722,,,37012.333333333336,35425.75,2327.0,107.0477009024495,,,3448.3333333333335,3605.0,11970.1,4.317424248753152,,,11531.216666666667,12936.5125,3893.44,-37.71266540642723,,,2960.986666666666,2834.06,2327.0,107.0477009024495,,,3448.3333333333335,3605.0,18190.54,8.463080260399083,,,17940.536666666667,19375.572500000002
2016-05-01,B1008,460030,27802,4766,2016,5,May,May,Q2,2016-05,Chicago,USA,0.08,1.0,0.05,23001.5,2224.16,4766.0,29991.66,76.69298731714083,7.415928294732602,15.891084388126567,249738.0,84.20504688913982,,,316390.0,298990.2,30314.0,-8.286600250709244,,,35594.666666666664,33901.0,4818.0,-1.0792860107928601,,,3970.3333333333335,3837.2,12486.900000000001,84.2050468891398,,,15819.5,14949.51,2425.12,-8.286600250709245,,,2847.5733333333333,2712.08,4818.0,-1.0792860107928601,,,3970.3333333333335,3837.2,19730.02,52.010286862354924,,,22637.406666666666,21498.79
2016-06-01,B1008,317741,26631,2874,2016,6,Jun,June,Q2,2016-06,Chicago,USA,0.08,1.0,0.05,15887.050000000001,2130.48,2874.0,20891.530000000002,76.04541170512643,10.197817010051441,13.756771284822126,460030.0,-30.930374106036563,,,342503.0,302115.3333333333,27802.0,-4.2119271994820515,,,28249.0,32689.333333333332,4766.0,-39.697859840537134,,,4152.666666666667,3676.6666666666665,23001.5,-30.930374106036556,,,17125.15,15105.766666666668,2224.16,-4.211927199482044,,,2259.9199999999996,2615.146666666667,4766.0,-39.697859840537134,,,4152.666666666667,3676.6666666666665,29991.66,-30.342201798766716,,,23537.736666666668,21397.58
2016-07-01,B1008,293231,31431,2674,2016,7,Jul,July,Q3,2016-07,Chicago,USA,0.08,1.0,0.05,14661.550000000001,2514.48,2674.0,19850.030000000002,73.8616012167236,12.667386396897133,13.471012386379263,317741.0,-7.7138298173669755,,,357000.6666666667,300846.14285714284,26631.0,18.0241072434381,,,28621.333333333332,32509.571428571428,2874.0,-6.958942240779402,,,3438.0,3533.4285714285716,15887.050000000001,-7.713829817366974,,,17850.033333333336,15042.307142857144,2130.48,18.0241072434381,,,2289.7066666666665,2600.7657142857142,2874.0,-6.958942240779402,,,3438.0,3533.4285714285716,20891.530000000002,-4.9852739363751715,,,23577.74,21176.50142857143
2016-08-01,B1008,221813,49394,2610,2016,8,Aug,August,Q3,2016-08,Chicago,USA,0.08,1.0,0.05,11090.650000000001,3951.52,2610.0,17652.170000000002,62.82881934629,22.385463090373587,14.785717563336403,293231.0,-24.355542217569084,,,277595.0,290967.0,31431.0,57.15058381852312,,,35818.666666666664,34620.125,2674.0,-2.393418100224383,,,2719.3333333333335,3418.0,14661.550000000001,-24.355542217569077,,,13879.75,14548.35,2514.48,57.15058381852312,,,2865.4933333333333,2769.61,2674.0,-2.393418100224383,,,2719.3333333333335,3418.0,19850.030000000002,-11.072325835275818,,,19464.57666666667,20735.960000000003
2016-09-01,B1008,308518,35338,4350,2016,9,Sep,September,Q3,2016-09,Chicago,USA,0.08,1.0,0.05,15425.900000000001,2827.04,4350.0,22602.940000000002,68.24731649953502,12.507399479890669,19.245284020574314,221813.0,39.08923282224216,,,274520.6666666667,292917.1111111111,49394.0,-28.45689759889865,,,38721.0,34699.88888888889,2610.0,66.66666666666666,,,3211.3333333333335,3521.5555555555557,11090.650000000001,39.08923282224215,,,13726.033333333335,14645.855555555558,3951.52,-28.45689759889865,,,3097.6800000000003,2775.991111111111,2610.0,66.66666666666666,,,3211.3333333333335,3521.5555555555557,17652.170000000002,28.046240207294627,,,20035.046666666673,20943.402222222227
2016-10-01,B1008,337703,41417,4203,2016,10,Oct,October,Q4,2016-10,Chicago,USA,0.08,1.0,0.05,16885.15,3313.36,4203.0,24401.510000000002,69.19715214345342,13.57850395323896,17.22434390330762,308518.0,9.459739788278156,,,289344.6666666667,297395.7,35338.0,17.20244496009961,,,42049.666666666664,35371.6,4350.0,-3.379310344827586,,,3721.0,3589.7,15425.900000000001,9.459739788278155,,,14467.233333333335,14869.785,2827.04,17.202444960099616,,,3363.9733333333334,2829.728,4350.0,-3.379310344827586,,,3721.0,3589.7,22602.940000000002,7.9572391910078935,,,21552.20666666667,21289.213
2016-11-01,B1008,257234,45635,2604,2016,11,Nov,November,Q4,2016-11,Chicago,USA,0.08,1.0,0.05,12861.7,3650.8,2604.0,19116.5,67.28062145267178,19.097638165982268,13.621740381345957,337703.0,-23.828334364811685,,,301151.6666666667,293744.63636363635,41417.0,10.1842238694256,,,40796.666666666664,36304.63636363636,4203.0,-38.04425410421128,,,3719.0,3500.090909090909,16885.15,-23.828334364811685,,,15057.583333333334,14687.23181818182,3313.36,10.1842238694256,,,3263.7333333333336,2904.370909090909,4203.0,-38.04425410421128,,,3719.0,3500.090909090909,24401.510000000002,-21.658536705310457,,,22040.31666666667,21091.693636363638
2016-12-01,B1008,461694,40159,3061,2016,12,Dec,December,Q4,2016-12,Chicago,USA,0.08,1.0,0.05,23084.7,3212.7200000000003,3061.0,29358.420000000002,78.63059388073336,10.94309571155396,10.426310407712675,257234.0,79.48404954243996,,,352210.3333333333,307740.4166666667,45635.0,-11.999561739892627,,,42403.666666666664,36625.833333333336,2604.0,17.549923195084485,,,3289.3333333333335,3463.5,12861.7,79.48404954243995,,,17610.516666666666,15387.020833333334,3650.8,-11.999561739892624,,,3392.2933333333335,2930.066666666667,2604.0,17.549923195084485,,,3289.3333333333335,3463.5,19116.5,53.576334580074814,,,24292.143333333337,21780.5875
2017-01-01,B1008,484163,37310,5707,2017,1,Jan,January,Q1,2017-01,Chicago,USA,0.088,1.1,0.055,26628.965,3283.2799999999997,6277.700000000001,36189.945,73.5811148649162,9.072354213304274,17.346530921779518,461694.0,4.86664327454981,343048.0,41.135642825493804,401030.3333333333,319500.0,40159.0,-7.094300156876416,30666.0,21.6656883845301,41034.666666666664,37179.5,3061.0,86.4423391048677,4075.0,40.04907975460122,3790.6666666666665,3599.5,23084.7,15.353307602004787,17152.4,55.24920710804317,20858.455,16176.734583333333,3212.7200000000003,2.196269827435926,2453.28,33.83225722298309,3382.2666666666664,2999.2333333333336,3061.0,105.08657301535449,4075.0,54.05398773006137,3980.9,3647.058333333333,29358.420000000002,23.26938915650092,23680.68,52.82477107920888,28221.621666666662,22823.02625
2017-02-01,B1008,373059,39327,5592,2017,2,Feb,February,Q1,2017-02,Chicago,USA,0.088,1.1,0.055,20518.245,3460.776,6151.200000000001,30130.221,68.09855460403028,11.486062448728802,20.41538294724091,484163.0,-22.947643665459772,202733.0,84.01493590091401,439638.6666666667,333693.8333333333,37310.0,5.406057357276869,32055.0,22.68600842302293,38932.0,37785.5,5707.0,-2.01506921324689,3200.0,74.75,4786.666666666667,3798.8333333333335,26628.965,-22.947643665459776,10136.650000000001,102.41642949100537,23410.63666666667,17041.8675,3283.2799999999997,5.406057357276873,2564.4,34.95460926532521,3318.925333333333,3073.9313333333334,6277.700000000001,-2.0150692132468895,3200.0,92.22500000000002,5163.3,3892.991666666667,36189.945,-16.744219976018197,15901.050000000001,89.48573207429698,31892.861999999997,24008.790500000003
2017-03-01,B1008,501733,29602,3271,2017,3,Mar,March,Q1,2017-03,Chicago,USA,0.088,1.1,0.055,27595.315,2604.9759999999997,3598.1000000000004,33798.390999999996,81.64683046598283,7.707396485235051,10.645773048782118,373059.0,34.49159516323155,239402.0,109.57761422210342,452985.0,355554.75,39327.0,-24.728557988150634,48668.0,-39.175639023588396,35413.0,36196.666666666664,5592.0,-41.505722460658085,2327.0,40.567253975075204,4856.666666666667,3877.5,20518.245,34.49159516323155,11970.1,130.53537564431372,24914.175,18343.96875,3460.776,-24.72855798815064,3893.44,-33.093202925947246,3116.3439999999996,2966.559333333333,6151.200000000001,-41.505722460658085,2327.0,54.623979372582745,5342.333333333334,3998.9166666666665,30130.221,12.174387967482863,18190.54,85.80202127039655,33372.852333333336,25309.444750000006
2017-04-01,B1008,479701,42615,4675,2017,4,Apr,April,Q2,2017-04,Chicago,USA,0.088,1.1,0.055,26383.555,3750.12,5142.5,35276.175,74.79142792550496,10.630744404686732,14.577827669808304,501733.0,-4.391180169532401,249738.0,92.08170162330121,451497.6666666667,374718.3333333333,29602.0,43.9598675765151,30314.0,40.57861054298344,37181.333333333336,37221.75,3271.0,42.92265362274534,4818.0,-2.968036529680365,4512.666666666667,3865.5833333333335,27595.315,-4.3911801695323955,12486.900000000001,111.28987178563132,24832.37166666667,19502.023333333334,2604.9759999999997,43.959867576515116,2425.12,54.63647159728179,3271.9573333333333,3076.976,3598.1000000000004,42.92265362274532,4818.0,6.735159817351597,4963.933333333333,4025.9583333333335,33798.390999999996,4.372350151224675,19730.02,78.7944208875612,33068.26233333334,26604.95766666667
2017-05-01,B1008,447839,35980,4838,2017,5,May,May,Q2,2017-05,Chicago,USA,0.088,1.1,0.055,24631.145,3166.24,5321.8,33119.185000000005,74.37122924371478,9.560138632638452,16.06863212364676,479701.0,-6.642054112874478,460030.0,-2.6500445623111535,476424.3333333333,373702.4166666667,42615.0,-15.569635105009974,27802.0,29.41514998920941,36065.666666666664,37903.25,4675.0,3.486631016042781,4766.0,1.5107007973143098,4261.333333333333,3871.5833333333335,26383.555,-6.642054112874478,23001.5,7.084950981457733,26203.338333333333,19637.827083333334,3750.12,-15.569635105009977,2224.16,42.35666498813035,3173.7786666666666,3155.482666666667,5142.5,3.486631016042784,4766.0,11.661770877045745,4687.466666666667,4072.275,35276.175,-6.114580166358733,29991.66,10.427982312416201,34064.583666666666,26865.584750000005
2017-06-01,B1008,405014,53347,5868,2017,6,Jun,June,Q2,2017-06,Chicago,USA,0.088,1.1,0.055,22275.77,4694.536,6454.8,33425.106,66.6438275468745,14.044939752771466,19.31123270035404,447839.0,-9.562588340899296,317741.0,27.46671030808111,444184.6666666667,380975.1666666667,35980.0,48.268482490272376,26631.0,100.31917689910254,43980.666666666664,40129.583333333336,4838.0,21.289789169078134,2874.0,104.17536534446765,5127.0,4121.083333333333,24631.145,-9.562588340899296,15887.050000000001,40.213381338889214,24430.156666666666,20170.220416666667,3166.24,48.26848249027238,2130.48,120.3510945890128,3870.298666666666,3369.154,5321.8,21.28978916907813,2874.0,124.5929018789144,5639.7,4370.675,33119.185000000005,0.923697246777041,20891.530000000002,59.99357634409732,33940.155333333336,27910.049416666665
2017-07-01,B1008,405549,46296,3997,2017,7,Jul,July,Q3,2017-07,Chicago,USA,0.088,1.1,0.055,22305.195,4074.048,4396.700000000001,30775.943,72.47607327580506,13.237768213958546,14.28615851023639,405014.0,0.13209419921286672,293231.0,38.3035900024213,419467.3333333333,390335.0,53347.0,-13.217238082741298,31431.0,47.29407273074354,45207.666666666664,41368.333333333336,5868.0,-31.884798909338784,2674.0,49.47643979057592,4901.0,4231.333333333333,22275.77,0.13209419921286344,14661.550000000001,52.133949002663414,23070.703333333335,20807.190833333334,4694.536,-13.217238082741304,2514.48,62.02348000381788,3978.2746666666667,3499.118,6454.8,-31.88479890933878,2674.0,64.42408376963354,5391.1,4514.233333333334,33425.106,-7.925668208800896,19850.030000000002,55.04229968418181,32440.078000000005,28820.542166666666
2017-08-01,B1008,399613,47786,5419,2017,8,Aug,August,Q3,2017-08,Chicago,USA,0.088,1.1,0.055,21978.715,4205.168,5960.900000000001,32144.783000000003,68.37412777059345,13.081961075923266,18.54391115348329,405549.0,-1.4636948926023736,221813.0,80.15761023925559,403392.0,405151.6666666667,46296.0,3.2184205978918268,49394.0,-3.255456128274689,49143.0,41234.333333333336,3997.0,35.57668251188391,2610.0,107.62452107279694,5094.666666666667,4465.416666666667,22305.195,-1.4636948926023716,11090.650000000001,98.17337126318112,22186.559999999998,21714.529583333333,4074.048,3.2184205978918237,3951.52,6.418998258897835,4324.584,3520.255333333333,4396.700000000001,35.5766825118839,2610.0,128.38697318007667,5604.133333333334,4793.475,30775.943,4.447759732333803,17652.170000000002,82.10102780564655,32115.277333333335,30028.259916666666
2017-09-01,B1008,256625,53255,5351,2017,9,Sep,September,Q3,2017-09,Chicago,USA,0.088,1.1,0.055,14114.375,4686.44,5886.1,24686.915,57.173506693728235,18.98349793807772,23.842995368194043,399613.0,-35.78161871610783,308518.0,-16.820088293065556,353929.0,400827.25,47786.0,11.444774620181644,35338.0,50.70179410266569,49112.333333333336,42727.416666666664,5419.0,-1.2548440671710648,4350.0,23.01149425287356,4922.333333333333,4548.833333333333,21978.715,-35.78161871610783,15425.900000000001,-8.502097122372124,19466.094999999998,21605.235833333332,4205.168,11.444774620181644,2827.04,65.77197351293225,4321.885333333333,3675.2053333333333,5960.900000000001,-1.2548440671710677,4350.0,35.312643678160924,5414.566666666667,4921.483333333334,32144.783000000003,-23.200865907229804,22602.940000000002,9.219928911902603,29202.547000000002,30201.924499999997
2017-10-01,B1008,252302,53463,3767,2017,10,Oct,October,Q4,2017-10,Chicago,USA,0.088,1.1,0.055,13876.61,4704.744,4143.700000000001,22725.054,61.06304521872643,20.702894699392132,18.234060081881438,256625.0,-1.6845591816853385,337703.0,-25.288789261570077,302846.6666666667,393710.5,53255.0,0.3905736550558633,41417.0,29.084675374846075,51501.333333333336,43731.25,5351.0,-29.60194356195104,4203.0,-10.373542707589817,4845.666666666667,4512.5,14114.375,-1.6845591816853345,16885.15,-17.81766818772709,16656.566666666666,21354.524166666666,4686.44,0.3905736550558652,3313.36,41.99314291233067,4532.117333333333,3791.154,5886.1,-29.60194356195103,4203.0,-1.4108969783487812,5330.233333333334,4916.541666666667,24686.915,-7.946967047117878,24401.510000000002,-6.870296141509283,26518.917333333335,30062.219833333333
2017-11-01,B1008,422862,53349,5399,2017,11,Nov,November,Q4,2017-11,Chicago,USA,0.088,1.1,0.055,23257.41,4694.7119999999995,5938.900000000001,33891.022,68.62410345725189,13.852376596964234,17.523519945783875,252302.0,67.60152515636022,257234.0,64.38806689628899,310596.3333333333,407512.8333333333,53463.0,-0.21323158071937603,45635.0,16.903692341404625,53355.666666666664,44374.083333333336,3767.0,43.32359968144412,2604.0,107.33486943164363,4839.0,4745.416666666667,13876.61,67.60152515636022,12861.7,80.82687358591787,17082.798333333336,22220.833333333332,4704.744,-0.21323158071937928,3650.8,28.594061575545066,4695.298666666666,3878.146666666666,4143.700000000001,43.32359968144411,2604.0,128.068356374808,5322.900000000001,5194.450000000001,22725.054,49.13505596070309,19116.5,77.28675228206,27100.997000000003,31293.429999999997
2017-12-01,B1008,342740,27683,4881,2017,12,Dec,December,Q4,2017-12,Chicago,USA,0.088,1.1,0.055,18850.7,2436.104,5369.1,26655.904000000002,70.718667054023,9.139078532095553,20.142254413881442,422862.0,-18.94755262946304,461694.0,-25.764683968169393,339301.3333333333,397600.0,53349.0,-48.109617799771314,40159.0,-31.066510620284372,44831.666666666664,43334.416666666664,5399.0,-9.59436932765327,3061.0,59.4576935641947,4682.333333333333,4897.083333333333,23257.41,-18.947552629463036,23084.7,-18.341152364986332,18661.573333333334,21868.0,4694.7119999999995,-48.109617799771314,3212.7200000000003,-24.17316168231282,3945.1866666666665,3813.4286666666662,5938.900000000001,-9.59436932765327,3061.0,75.40346292061419,5150.5666666666675,5386.791666666667,33891.022,-21.348184778847905,29358.420000000002,-9.205250146295336,27757.32666666667,31068.220333333335
2018-01-01,B1008,489189,44220,5442,2018,1,Jan,January,Q1,2018-01,Chicago,USA,0.0968,1.2100000000000002,0.0605,29595.9345,4280.496,6584.820000000001,40461.2505,73.14636629928182,10.579247915236827,16.274385785481346,342740.0,42.72889070432398,484163.0,1.0380801506930517,418263.6666666667,398018.8333333333,27683.0,59.73702272152585,37310.0,18.520503886357545,41750.666666666664,43910.25,4881.0,11.493546404425322,5707.0,-4.643420360960224,5240.666666666667,4875.0,18850.7,57.001779774756365,26628.965,11.141888165762353,23901.348166666667,22115.247458333335,2436.104,75.71072499367844,3283.2799999999997,30.372554274993313,3803.770666666666,3896.5299999999993,5369.1,22.64290104486786,6277.700000000001,4.8922376029437515,5964.2733333333335,5412.385,26655.904000000002,51.790952203309246,36189.945,11.802464745387157,33669.392166666665,31424.162458333332
2018-02-01,B1008,474855,37918,4553,2018,2,Feb,February,Q1,2018-02,Chicago,USA,0.0968,1.2100000000000002,0.0605,28728.7275,3670.4624,5509.130000000001,37908.3199,75.78475536711929,9.682471841755245,14.532772791125467,489189.0,-2.9301558293420333,373059.0,27.28683666658625,435594.6666666667,406501.8333333333,44220.0,-14.251469923111715,39327.0,-3.582780278180385,36607.0,43792.833333333336,5442.0,-16.335905916942302,5592.0,-18.580114449213163,4958.666666666667,4788.416666666667,29595.9345,-2.9301558293420285,20518.245,40.015520333244886,25725.120666666666,22799.45433333333,4280.496,-14.251469923111717,3460.776,6.058941694001578,3462.354133333333,3914.0038666666665,6584.820000000001,-16.33590591694229,6151.200000000001,-10.43812589413447,5821.016666666667,5358.879166666667,40461.2505,-6.309569201278145,30130.221,25.814941417124025,35008.49146666667,32072.337366666663
2018-03-01,B1008,258158,34519,5548,2018,3,Mar,March,Q1,2018-03,Chicago,USA,0.0968,1.2100000000000002,0.0605,15618.559,3341.4392,6713.080000000001,25673.0782,60.83633165578095,13.01534305301964,26.148325291199402,474855.0,-45.63435153889082,501733.0,-48.54673700952499,407400.6666666667,386203.9166666667,37918.0,-8.964080383986497,29602.0,16.610364164583473,38885.666666666664,44202.583333333336,4553.0,21.853722820118605,3271.0,69.61173952919596,5181.0,4978.166666666667,28728.7275,-45.63435153889082,27595.315,-43.401410710477485,24647.740333333335,21801.391333333333,3670.4624,-8.9640803839865,2604.9759999999997,28.271400581041835,3764.1325333333334,3975.3758,5509.130000000001,21.853722820118595,3598.1000000000004,86.57291348211557,6269.010000000001,5618.460833333334,37908.3199,-32.275874352321274,33798.390999999996,-24.040531396894004,34680.88286666667,31395.22796666667
2018-04-01,B1008,505186,42330,6195,2018,4,Apr,April,Q2,2018-04,Chicago,USA,0.0968,1.2100000000000002,0.0605,30563.753,4097.544,7495.950000000001,42157.247,72.49940443217271,9.719666941249743,17.780928626577538,258158.0,95.6886867732164,479701.0,5.312684359632355,412733.0,388327.6666666667,34519.0,22.628117848141606,42615.0,-0.6687785990848293,38255.666666666664,44178.833333333336,5548.0,11.661860129776496,4675.0,32.51336898395722,5432.0,5104.833333333333,15618.559,95.68868677321642,26383.555,15.84395279559559,24970.3465,22149.741166666663,3341.4392,22.628117848141606,3750.12,9.264343541006689,3703.148533333333,4004.3277999999996,6713.080000000001,11.661860129776493,5142.5,45.764705882352956,6572.720000000001,5814.581666666668,25673.0782,64.2079951285312,35276.175,19.506287175409465,35246.215033333334,31968.650633333335
2018-05-01,B1008,499220,43927,5258,2018,5,May,May,Q2,2018-05,Chicago,USA,0.0968,1.2100000000000002,0.0605,30202.809999999998,4252.1336,6362.180000000001,40817.1236,73.99543950225831,10.417523884510079,15.587036613231614,505186.0,-1.180951174418927,447839.0,11.473096358289474,420854.6666666667,392609.4166666667,42330.0,3.7727380108669974,35980.0,22.08727070594775,40258.666666666664,44841.083333333336,6195.0,-15.125100887812753,4838.0,8.6812732534105,5667.0,5139.833333333333,30563.753,-1.1809511744189365,24631.145,22.62040599411841,25461.707333333336,22614.046583333333,4097.544,3.7727380108670037,3166.24,34.295997776542535,3897.0389333333333,4094.8189333333326,7495.950000000001,-15.125100887812746,5321.8,19.54940057875157,6857.070000000001,5901.28,42157.247,-3.178868392426109,33119.185000000005,23.243140192006514,36215.81626666667,32610.145516666667
2018-06-01,B1008,489487,30838,4076,2018,6,Jun,June,Q2,2018-06,Chicago,USA,0.0968,1.2100000000000002,0.0605,29613.963499999998,2985.1184,4931.960000000001,37531.0419,78.90525282752675,7.953731761440921,13.141015411032331,499220.0,-1.94964144064741,405014.0,20.856809888053252,497964.3333333333,399648.8333333333,43927.0,-29.797163475766613,53347.0,-42.193562899507,39031.666666666664,42965.333333333336,5258.0,-22.480030429821223,5868.0,-30.538513974096798,5176.333333333333,4990.5,30202.809999999998,-1.949641440647409,22275.77,32.942490876858564,30126.84216666667,23225.562708333335,4252.1336,-29.79716347576662,4694.536,-36.4129191894577,3778.2653333333333,3952.367466666666,6362.180000000001,-22.480030429821223,6454.8,-23.592365371506464,6263.363333333335,5774.376666666667,40817.1236,-8.05074294848156,33425.106,12.28398767082443,40168.47083333333,32952.30684166667
2018-07-01,B1008,441239,37720,4650,2018,7,Jul,July,Q3,2018-07,Chicago,USA,0.0968,1.2100000000000002,0.0605,26694.9595,3651.296,5626.500000000001,35972.7555,74.20882589881111,10.150170453303195,15.641003647885693,489487.0,-9.856850130851278,405549.0,8.800416225906117,476648.6666666667,402623.0,30838.0,22.316622349049872,46296.0,-18.524278555382754,37495.0,42250.666666666664,4076.0,14.082433758586848,3997.0,16.337252939704776,4661.333333333333,5044.916666666667,29613.963499999998,-9.85685013085127,22305.195,19.680457848496737,28837.244333333332,23591.376416666666,2985.1184,22.316622349049876,4074.048,-10.37670641092103,3629.5159999999996,3917.1381333333334,4931.960000000001,14.082433758586847,4396.700000000001,27.970978233675254,5640.213333333334,5876.860000000001,37531.0419,-4.151993446257077,30775.943,16.885956995696283,38106.973666666665,33385.37455
2018-08-01,B1008,406070,32296,6729,2018,8,Aug,August,Q3,2018-08,Chicago,USA,0.0968,1.2100000000000002,0.0605,24567.235,3126.2527999999998,8142.090000000001,35835.5778,68.55543152425466,8.7238799872232,22.720688488522157,441239.0,-7.97051031300497,399613.0,1.6158132993671377,445598.6666666667,403161.0833333333,37720.0,-14.3796394485684,47786.0,-32.415351776670995,33618.0,40959.833333333336,4650.0,44.70967741935484,5419.0,24.1742018822661,5151.666666666667,5154.083333333333,26694.9595,-7.97051031300497,21978.715,11.777394629303853,26958.71933333333,23807.08641666667,3651.296,-14.379639448568401,4205.168,-25.65688695433809,3254.2224,3827.2285333333334,5626.500000000001,44.70967741935483,5960.900000000001,36.59162207049272,6233.516666666667,6058.625833333334,35972.7555,-0.381337759905549,32144.783000000003,11.481784773597619,36446.4584,33692.94078333333
2018-09-01,B1008,213394,44717,6658,2018,9,Sep,September,Q3,2018-09,Chicago,USA,0.0968,1.2100000000000002,0.0605,12910.337,4328.6056,8056.180000000001,25295.1226,51.03883940060445,17.11241201890834,31.848748580487218,406070.0,-47.44896200162533,256625.0,-16.845981490501703,353567.6666666667,399558.5,32296.0,38.459871191478825,53255.0,-16.03229743686039,38244.333333333336,40248.333333333336,6729.0,-1.05513449249517,5351.0,24.425341057746216,6012.333333333333,5263.0,24567.235,-47.44896200162534,14114.375,-8.53057963955188,21390.843833333332,23706.749916666668,3126.2527999999998,38.459871191478825,4686.44,-7.635527180546423,3702.0514666666663,3797.4089999999997,8142.090000000001,-1.0551344924951682,5886.1,36.86787516352085,7274.923333333335,6239.465833333333,35835.5778,-29.413381469183403,24686.915,2.4636841014764213,32367.81863333333,33743.62475
2018-10-01,B1008,327888,35833,5198,2018,10,Oct,October,Q4,2018-10,Chicago,USA,0.0968,1.2100000000000002,0.0605,19837.224,3468.6344,6289.580000000001,29595.4384,67.02797820355991,11.720165632011723,21.25185616442837,213394.0,53.65380469928864,252302.0,29.958541747588207,315784.0,405857.3333333333,44717.0,-19.86716461301071,53463.0,-32.97607691300525,37615.333333333336,38779.166666666664,6658.0,-21.92850705917693,3767.0,37.98778869126626,6195.0,5382.25,12910.337,53.653804699288635,13876.61,42.95439592234701,19104.932,24203.46775,4328.6056,-19.86716461301071,4704.744,-26.27368460430578,3641.1642666666667,3694.3998666666666,8056.180000000001,-21.92850705917693,4143.700000000001,51.78656756039288,7495.950000000001,6418.2891666666665,25295.1226,17.00057306699909,22725.054,30.232642791519876,30242.046266666668,34316.15678333333
2018-11-01,B1008,338413,39153,5988,2018,11,Nov,November,Q4,2018-11,Chicago,USA,0.0968,1.2100000000000002,0.0605,20473.9865,3790.0103999999997,7245.480000000001,31509.4769,64.97723388102327,12.028160327853616,22.994605791123117,327888.0,3.2099375396476844,422862.0,-19.970817902767333,293231.6666666667,398819.9166666667,35833.0,9.265202466999693,53349.0,-26.609683405499634,39901.0,37596.166666666664,5198.0,15.198153135821471,5399.0,10.909427671791072,5948.0,5431.333333333333,19837.224,3.2099375396476884,23257.41,-11.96789969304407,17740.515833333335,23971.515791666665,3468.6344,9.265202466999686,4694.7119999999995,-19.270651746049598,3862.4167999999995,3619.0080666666668,6289.580000000001,15.198153135821476,5938.900000000001,22.00037043897019,7197.080000000002,6527.1708333333345,29595.4384,6.467342953770884,33891.022,-7.027067817547655,28800.012633333332,34117.69469166667
2018-12-01,B1008,482136,34518,6291,2018,12,Dec,December,Q4,2018-12,Chicago,USA,0.0968,1.2100000000000002,0.0605,29169.228,3341.3424,7612.1100000000015,40122.680400000005,72.70009807221155,8.327814509620847,18.972087418167607,338413.0,42.46970417803099,342740.0,40.67106261305946,382812.3333333333,410436.25,39153.0,-11.838173320052103,27683.0,24.69024310948958,36501.333333333336,38165.75,5988.0,5.060120240480962,4881.0,28.887523048555625,5825.666666666667,5548.833333333333,20473.9865,42.46970417803099,18850.7,54.7381688743654,23160.146166666662,24831.393125,3790.0103999999997,-11.838173320052094,2436.104,37.159267420438546,3533.3290666666667,3694.4446000000003,7245.480000000001,5.060120240480962,5369.1,41.7762753534112,7049.056666666668,6714.088333333334,31509.4769,27.335279247368284,26655.904000000002,50.52080169556433,33742.5319,35239.92605833333
2019-01-01,B1008,362727,41778,6065,2019,1,Jan,January,Q1,2019-01,Chicago,USA,0.10648,1.3310000000000004,0.06655,24139.48185,4448.52144,8072.515000000002,36660.51829,65.8459917534352,12.134365926881719,22.019642319683097,482136.0,-24.766663348100952,489189.0,-25.85135806406113,394425.3333333333,399897.75,34518.0,21.03250478011472,44220.0,-5.522388059701493,38483.0,37962.25,6291.0,-3.5924336353520903,5442.0,11.447997059904447,6114.666666666667,5600.75,29169.228,-17.243329682911043,29595.9345,-18.436493870467242,24594.232116666666,24376.688737499997,3341.3424,33.13575525812621,4280.496,3.9253731343283658,3859.9580800000003,3708.44672,7612.1100000000015,6.048323001112708,6584.820000000001,22.592796765894914,7643.368333333335,6838.062916666669,40122.680400000005,-8.628940229028178,40461.2505,-9.39351147834643,36097.55853,34923.19837416667
2019-02-01,B1008,375742,57809,5176,2019,2,Feb,February,Q1,2019-02,Chicago,USA,0.10648,1.3310000000000004,0.06655,25005.6301,6155.5023200000005,6889.256000000002,38050.38842,65.717148072151,16.17723911791805,18.105612809930946,362727.0,3.588097935913235,474855.0,-20.872266270756338,406868.3333333333,391638.3333333333,41778.0,38.37187036239169,37918.0,52.45793554512369,44701.666666666664,39619.833333333336,6065.0,-14.657873042044518,4553.0,13.683285745662202,5844.0,5652.666666666667,24139.48185,3.588097935913228,28728.7275,-12.959492897831979,26104.77998333333,24066.430620833333,4448.52144,38.37187036239168,3670.4624,67.70372909963608,4648.455386666667,3915.5333799999994,8072.515000000002,-14.657873042044514,5509.130000000001,25.05161432022844,7524.627000000003,6953.073416666669,36660.51829,3.7911906182164423,37908.3199,0.3747687061172044,38277.86237000001,34935.0374175
2019-03-01,B1008,501185,57470,5517,2019,3,Mar,March,Q1,2019-03,Chicago,USA,0.10648,1.3310000000000004,0.06655,33353.86175,6119.4056,7343.127000000002,46816.394349999995,71.24397812579517,13.071074107611198,15.684947766593654,375742.0,33.38540807256043,258158.0,94.13886069771226,413218.0,411890.5833333333,57809.0,-0.5864138801916657,34519.0,66.48802108983458,52352.333333333336,41532.416666666664,5176.0,6.588098918083462,5548.0,-0.558759913482336,5586.0,5650.083333333333,25005.6301,33.385408072560416,15618.559,113.55274676748346,27499.657900000002,25544.372516666666,6155.5023200000005,-0.5864138801916731,3341.4392,83.13682319881805,5574.476453333334,4147.03058,6889.256000000002,6.588098918083461,6713.080000000001,9.38536409516945,7434.966000000003,7005.5773333333345,38050.38842,23.037888163560545,25673.0782,82.35598390379224,40509.100353333335,36696.98043
2019-04-01,B1008,394071,38383,5396,2019,4,Apr,April,Q2,2019-04,Chicago,USA,0.10648,1.3310000000000004,0.06655,26225.425049999998,4087.0218400000003,7182.076000000002,37494.52289,69.9446826592224,10.900316966268244,19.15500037450937,501185.0,-21.372148009218154,505186.0,-21.994869216486602,423666.0,402631.0,57470.0,-33.21211066643466,42330.0,-9.324356248523506,51220.666666666664,41203.5,5517.0,-2.193220953416712,6195.0,-12.897497982243744,5363.0,5583.5,33353.86175,-21.37214800921815,30563.753,-14.19435613813527,28194.972299999998,25182.8451875,6119.4056,-33.212110666434654,4097.544,-0.2567918733758449,5453.976586666667,4146.153733333334,7343.127000000002,-2.193220953416717,7495.950000000001,-4.1872477804681045,7138.153000000002,6979.421166666668,46816.394349999995,-19.911553611560855,42157.247,-11.06031451721694,40787.10188666666,36308.4200875
2019-05-01,B1008,293969,38654,4795,2019,5,May,May,Q2,2019-05,Chicago,USA,0.10648,1.3310000000000004,0.06655,19563.63695,4115.87792,6382.145000000002,30061.659870000003,65.07836571434137,13.691452627030204,21.230181658628425,394071.0,-25.402021463137352,499220.0,-41.114338367853854,396408.3333333333,385526.75,38383.0,0.7060417372274184,43927.0,-12.004006647392265,44835.666666666664,40764.083333333336,5396.0,-11.13787991104522,5258.0,-8.805629516926588,5236.0,5544.916666666667,26225.425049999998,-25.40202146313735,30202.809999999998,-35.225772204639235,26380.97458333333,24296.247433333334,4087.0218400000003,0.7060417372274077,4252.1336,-3.2044073121314955,4774.101786666667,4134.799093333334,7182.076000000002,-11.13787991104521,6362.180000000001,0.31380753138076967,6969.116000000002,6981.084916666668,37494.52289,-19.823863452820152,40817.1236,-26.35037156317403,38124.19237,35412.13144333333
2019-06-01,B1008,294627,32600,7249,2019,6,Jun,June,Q2,2019-06,Chicago,USA,0.10648,1.3310000000000004,0.06655,19607.42685,3471.248,9648.419000000004,32727.093850000005,59.91190950185757,10.60664908381408,29.481441414328337,293969.0,0.22383312526150717,489487.0,-39.80902455019235,327555.6666666667,369288.4166666667,38654.0,-15.662027215812078,30838.0,5.713729813866009,36545.666666666664,40910.916666666664,4795.0,51.17831074035454,4076.0,77.8459273797841,5813.333333333333,5809.333333333333,19563.63695,0.22383312526150595,29613.963499999998,-33.789927005211574,21798.829616666666,23462.36937916667,4115.87792,-15.662027215812074,2985.1184,16.28510279525262,3891.3825866666666,4175.309893333334,6382.145000000002,51.17831074035454,4931.960000000001,95.63052011776254,7737.546666666669,7374.123166666668,30061.659870000003,8.866556243156646,37531.0419,-12.79993255396406,33427.75887,35011.80243916666
2019-07-01,B1008,252845,29909,5665,2019,7,Jul,July,Q3,2019-07,Chicago,USA,0.10648,1.3310000000000004,0.06655,16826.834749999998,3184.71032,7540.1150000000025,27551.66007,61.073760010280196,11.55905056867232,27.367189421047478,294627.0,-14.181320788658203,441239.0,-42.69658847019416,280480.3333333333,353588.9166666667,32600.0,-8.254601226993866,37720.0,-20.707847295864262,33721.0,40260.0,7249.0,-21.851289833080425,4650.0,21.827956989247312,5903.0,5893.916666666667,19607.42685,-14.18132078865821,26694.9595,-36.96624731721358,18665.966183333334,22640.02565,3471.248,-8.254601226993863,3651.296,-12.778632025450682,3590.6120800000003,4136.427753333333,9648.419000000004,-21.85128983308043,5626.500000000001,34.01075268817206,7856.893000000004,7533.5910833333355,32727.093850000005,-15.813911872899164,35972.7555,-23.409647976508214,30113.471263333337,34310.04448666667
2019-08-01,B1008,384645,57213,5446,2019,8,Aug,August,Q3,2019-08,Chicago,USA,0.10648,1.3310000000000004,0.06655,25598.12475,6092.04024,7248.626000000002,38938.79099,65.7393927730677,15.645170497369879,18.61543672956242,252845.0,52.12679704957582,406070.0,-5.27618390917822,310705.6666666667,351803.5,29909.0,91.29024708281787,32296.0,77.15196928412186,39907.333333333336,42336.416666666664,5665.0,-3.8658428949691084,6729.0,-19.066726110863428,6120.0,5787.0,16826.834749999998,52.126797049575835,24567.235,4.1961976999039505,20677.462116666666,22725.933129166664,3184.71032,91.29024708281787,3126.2527999999998,94.86716621253409,4249.332853333333,4383.576706666667,7540.1150000000025,-3.865842894969114,8142.090000000001,-10.973398721949756,8145.720000000002,7459.135750000001,27551.66007,41.33010820788629,35835.5778,8.659587428223363,33072.514970000004,34568.64558583333
2019-09-01,B1008,471329,41094,7101,2019,9,Sep,September,Q3,2019-09,Chicago,USA,0.10648,1.3310000000000004,0.06655,31366.944949999997,4375.68912,9451.431000000002,45194.065070000004,69.4050090458039,9.681999424531961,20.912991529664144,384645.0,22.536104719936564,213394.0,120.87265808785625,369606.3333333333,373298.0833333333,57213.0,-28.17366682397357,44717.0,-8.102064091956079,42738.666666666664,42034.5,5446.0,30.389276533235403,6658.0,6.653649744668068,6070.666666666667,5823.916666666667,25598.12475,22.53610471993656,12910.337,142.95992389664187,24597.30148333333,24263.983791666662,6092.04024,-28.173666823973576,4328.6056,1.087729498848316,4550.813226666667,4387.500333333333,7248.626000000002,30.3892765332354,8056.180000000001,17.319014719134888,8080.057333333337,7575.4066666666695,38938.79099,16.06437673323355,25295.1226,78.6671121728424,37228.17204333333,36226.890791666665
2019-10-01,B1008,458539,35108,5453,2019,10,Oct,October,Q4,2019-10,Chicago,USA,0.10648,1.3310000000000004,0.06655,30515.77045,3738.29984,7257.943000000002,41512.01329,73.51069734155983,9.005344582746448,17.48395807569371,471329.0,-2.713603448970889,327888.0,39.84622798028595,438171.0,384185.6666666667,41094.0,-14.566603397089601,35833.0,-2.0232746351128847,44471.666666666664,41974.083333333336,7101.0,-23.207998873398115,5198.0,4.905732974220854,6000.0,5845.166666666667,31366.944949999997,-2.7136034489708805,19837.224,53.830850778314556,29160.28005,25153.8626625,4375.68912,-14.566603397089597,3468.6344,7.774397901375833,4735.343066666667,4409.972453333333,9451.431000000002,-23.20799887339811,6289.580000000001,15.396306271642956,7986.000000000004,7656.103583333336,45194.065070000004,-8.14720201490386,29595.4384,40.26490410089686,41881.62311666668,37219.93869916667
2019-11-01,B1008,292592,58132,7105,2019,11,Nov,November,Q4,2019-11,Chicago,USA,0.10648,1.3310000000000004,0.06655,19471.9976,6189.89536,9456.755000000003,35118.64796,55.44631906723324,17.625665336120758,26.928015596646,458539.0,-36.19037857194263,338413.0,-13.539964481269928,407486.6666666667,380367.25,35108.0,65.58049447419391,39153.0,48.47393558603428,44778.0,43555.666666666664,5453.0,30.29525032092426,5988.0,18.653974615898463,6553.0,5938.25,30515.77045,-36.19037857194263,20473.9865,-4.893960929396922,27118.237666666664,25070.3635875,3738.29984,65.58049447419391,3790.0103999999997,63.32132914463773,4767.96144,4609.962866666667,7257.943000000002,30.295250320924268,7245.480000000001,30.51937207748832,8722.043000000003,7840.376500000002,41512.01329,-15.401241287278458,31509.4769,11.454239851249325,40608.24210666667,37520.70295416666
2019-12-01,B1008,251866,47079,5909,2019,12,Dec,December,Q4,2019-12,Chicago,USA,0.10648,1.3310000000000004,0.06655,16761.6823,5012.97192,7864.879000000003,29639.533220000005,56.55177554783367,16.913127081965563,26.53509737020076,292592.0,-13.919040848690326,482136.0,-47.76038296248362,334332.3333333333,361178.0833333333,58132.0,-19.013624165691873,34518.0,36.389709716669564,46773.0,44602.416666666664,7105.0,-16.833216045038704,6291.0,-6.072166587188047,6155.666666666667,5906.416666666667,19471.9976,-13.91904084869032,29169.228,-42.53642125873197,22249.816783333332,24036.40144583333,6189.89536,-19.01362416569188,3341.3424,50.02868068833652,4980.389040000001,4749.265326666667,9456.755000000003,-16.8332160450387,7612.1100000000015,3.3206167540931633,8193.192333333338,7861.440583333336,35118.64796,-15.601724605801131,40122.680400000005,-26.127733928763142,35423.39815666667,36647.10735583334
2016-01-01,B1009,412804,23541,3263,2016,1,Jan,January,Q1,2016-01,Los Angeles,USA,0.08,1.0,0.05,20640.2,1883.28,3263.0,25786.48,80.04272006105525,7.303362071907449,12.6539178670373,,,,,412804.0,412804.0,,,,,23541.0,23541.0,,,,,3263.0,3263.0,,,,,20640.2,20640.2,,,,,1883.28,1883.28,,,,,3263.0,3263.0,,,,,25786.48,25786.48
2016-02-01,B1009,258350,33749,3946,2016,2,Feb,February,Q1,2016-02,Los Angeles,USA,0.08,1.0,0.05,12917.5,2699.92,3946.0,19563.42,66.0288436275457,13.800858950019986,20.17029742243432,412804.0,-37.415819614151026,,,335577.0,335577.0,23541.0,43.36264389788029,,,28645.0,28645.0,3263.0,20.931657983450812,,,3604.5,3604.5,20640.2,-37.41581961415103,,,16778.85,16778.85,1883.28,43.3626438978803,,,2291.6,2291.6,3263.0,20.931657983450812,,,3604.5,3604.5,25786.48,-24.133034055055212,,,22674.949999999997,22674.949999999997
2016-03-01,B1009,238633,29262,4298,2016,3,Mar,March,Q1,2016-03,Los Angeles,USA,0.08,1.0,0.05,11931.650000000001,2340.96,4298.0,18570.61,64.25017810400414,12.605724852333875,23.144097043662,258350.0,-7.631894716469906,,,303262.3333333333,303262.3333333333,33749.0,-13.295208746925836,,,28850.666666666668,28850.666666666668,3946.0,8.9204257475925,,,3835.6666666666665,3835.6666666666665,12917.5,-7.631894716469893,,,15163.116666666669,15163.116666666669,2699.92,-13.295208746925836,,,2308.0533333333333,2308.0533333333333,3946.0,8.9204257475925,,,3835.6666666666665,3835.6666666666665,19563.42,-5.074828429793961,,,21306.836666666666,21306.836666666666
2016-04-01,B1009,446149,23830,3599,2016,4,Apr,April,Q2,2016-04,Los Angeles,USA,0.08,1.0,0.05,22307.45,1906.4,3599.0,27812.850000000002,80.20555246945207,6.8543856526749325,12.940061877872996,238633.0,86.96031144058031,,,314377.3333333333,338984.0,29262.0,-18.56332444808967,,,28947.0,27595.5,4298.0,-16.26337831549558,,,3947.6666666666665,3776.5,11931.650000000001,86.96031144058028,,,15718.866666666669,16949.2,2340.96,-18.56332444808967,,,2315.76,2207.64,4298.0,-16.26337831549558,,,3947.6666666666665,3776.5,18570.61,49.76810131708114,,,21982.293333333335,22933.34
2016-05-01,B1009,459351,47591,4146,2016,5,May,May,Q2,2016-05,Los Angeles,USA,0.08,1.0,0.05,22967.550000000003,3807.28,4146.0,30920.83,74.27856884824891,12.312994185473029,13.408436966278071,446149.0,2.959101107477547,,,381377.6666666667,363057.4,23830.0,99.71044901384809,,,33561.0,31594.6,3599.0,15.198666296193386,,,4014.3333333333335,3850.4,22307.45,2.9591011074775566,,,19068.883333333335,18152.870000000003,1906.4,99.71044901384809,,,2684.88,2527.568,3599.0,15.198666296193386,,,4014.3333333333335,3850.4,27812.850000000002,11.174618926143848,,,25768.096666666668,24530.838
2016-06-01,B1009,370077,41555,2462,2016,6,Jun,June,Q2,2016-06,Los Angeles,USA,0.08,1.0,0.05,18503.850000000002,3324.4,2462.0,24290.250000000004,76.1780961496897,13.686149792612259,10.135754057698046,459351.0,-19.434811288099947,,,425192.3333333333,364227.3333333333,47591.0,-12.68307032842344,,,37658.666666666664,33254.666666666664,4146.0,-40.617462614568254,,,3402.3333333333335,3619.0,22967.550000000003,-19.43481128809995,,,21259.61666666667,18211.36666666667,3807.28,-12.683070328423444,,,3012.693333333333,2660.3733333333334,4146.0,-40.617462614568254,,,3402.3333333333335,3619.0,30920.83,-21.44373226721274,,,27674.643333333337,24490.74
2016-07-01,B1009,205516,37058,5334,2016,7,Jul,July,Q3,2016-07,Los Angeles,USA,0.08,1.0,0.05,10275.800000000001,2964.64,5334.0,18574.440000000002,55.32226005198542,15.960858039327158,28.71688190868742,370077.0,-44.4666920667861,,,344981.3333333333,341554.28571428574,41555.0,-10.821802430513777,,,42068.0,33798.0,2462.0,116.65312753858652,,,3980.6666666666665,3864.0,18503.850000000002,-44.4666920667861,,,17249.06666666667,17077.714285714286,3324.4,-10.821802430513783,,,3365.44,2703.84,2462.0,116.65312753858652,,,3980.6666666666665,3864.0,24290.250000000004,-23.531293420199464,,,24595.173333333336,23645.554285714286
2016-08-01,B1009,447622,43570,3167,2016,8,Aug,August,Q3,2016-08,Los Angeles,USA,0.08,1.0,0.05,22381.100000000002,3485.6,3167.0,29033.7,77.08662691975188,12.005359289377516,10.908013790870609,205516.0,117.80396660114054,,,341071.6666666667,354812.75,37058.0,17.57245399104107,,,40727.666666666664,35019.5,5334.0,-40.62617172853393,,,3654.3333333333335,3776.875,10275.800000000001,117.80396660114054,,,17053.583333333332,17740.6375,2964.64,17.572453991041073,,,3258.213333333333,2801.56,5334.0,-40.62617172853393,,,3654.3333333333335,3776.875,18574.440000000002,56.30996143086951,,,23966.130000000005,24319.072500000002
2016-09-01,B1009,259650,40670,3025,2016,9,Sep,September,Q3,2016-09,Los Angeles,USA,0.08,1.0,0.05,12982.5,3253.6,3025.0,19261.1,67.40269247343092,16.892077814870387,15.70522971169871,447622.0,-41.99346770265983,,,304262.6666666667,344239.1111111111,43570.0,-6.65595593298141,,,40432.666666666664,35647.333333333336,3167.0,-4.483738553836438,,,3842.0,3693.3333333333335,22381.100000000002,-41.993467702659835,,,15213.133333333333,17211.955555555556,3485.6,-6.65595593298141,,,3234.6133333333332,2851.786666666667,3167.0,-4.483738553836438,,,3842.0,3693.3333333333335,29033.7,-33.65950602231201,,,22289.74666666667,23757.075555555555
2016-10-01,B1009,303875,36139,3009,2016,10,Oct,October,Q4,2016-10,Los Angeles,USA,0.08,1.0,0.05,15193.75,2891.12,3009.0,21093.87,72.02921986340107,13.70597239861628,14.264807737982647,259650.0,17.032543808973617,,,337049.0,340202.7,40670.0,-11.14089009097615,,,40126.333333333336,35696.5,3025.0,-0.5289256198347108,,,3067.0,3624.9,12982.5,17.032543808973617,,,16852.45,17010.135000000002,3253.6,-11.14089009097615,,,3210.1066666666666,2855.7200000000003,3025.0,-0.5289256198347108,,,3067.0,3624.9,19261.1,9.515396316928943,,,23129.556666666667,23490.755
2016-11-01,B1009,246880,34473,3858,2016,11,Nov,November,Q4,2016-11,Los Angeles,USA,0.08,1.0,0.05,12344.0,2757.84,3858.0,18959.84,65.10603465008144,14.545692368711974,20.34827298120659,303875.0,-18.756067461949815,,,270135.0,331718.8181818182,36139.0,-4.6099781399596,,,37094.0,35585.27272727273,3009.0,28.215353938185444,,,3297.3333333333335,3646.090909090909,15193.75,-18.756067461949815,,,13506.75,16585.94090909091,2891.12,-4.609978139959592,,,2967.52,2846.8218181818183,3009.0,28.215353938185444,,,3297.3333333333335,3646.090909090909,21093.87,-10.116825409467294,,,19771.603333333333,23078.853636363638
2016-12-01,B1009,268351,44929,4895,2016,12,Dec,December,Q4,2016-12,Los Angeles,USA,0.08,1.0,0.05,13417.550000000001,3594.32,4895.0,21906.870000000003,61.248138141140196,16.407273152212067,22.34458870664773,246880.0,8.69693778353856,,,273035.3333333333,326438.1666666667,34473.0,30.330983668378153,,,38513.666666666664,36363.916666666664,3858.0,26.87921202695697,,,3920.6666666666665,3750.1666666666665,12344.0,8.696937783538571,,,13651.766666666668,16321.908333333335,2757.84,30.33098366837815,,,3081.0933333333337,2909.1133333333332,3858.0,26.87921202695697,,,3920.6666666666665,3750.1666666666665,18959.84,15.543538342095728,,,20653.52666666667,22981.188333333335
2017-01-01,B1009,422676,50553,3520,2017,1,Jan,January,Q1,2017-01,Los Angeles,USA,0.088,1.1,0.055,23247.18,4448.664,3872.0000000000005,31567.844,73.64196300513902,14.092390978617352,12.265646016243618,268351.0,57.50863607737627,412804.0,2.3914496952548907,312635.6666666667,327260.8333333333,44929.0,12.517527654744152,23541.0,114.7444883394928,43318.333333333336,38614.916666666664,4895.0,-28.08988764044944,3263.0,7.876187557462458,4091.0,3771.5833333333335,13417.550000000001,73.25949968511388,20640.2,12.630594664780379,16336.243333333334,16539.156666666666,3594.32,23.769280420218557,1883.28,136.2189371734421,3600.2746666666667,3122.8953333333334,4895.0,-20.898876404494374,3263.0,18.663806313208717,4208.333333333333,3800.9166666666665,21906.870000000003,44.100202356612314,25786.48,22.4201364435937,24144.851333333336,23462.968666666668
2017-02-01,B1009,267281,48751,5486,2017,2,Feb,February,Q1,2017-02,Los Angeles,USA,0.088,1.1,0.055,14700.455,4290.088,6034.6,25025.142999999996,58.742741250269795,17.143110830575477,24.114147919154753,422676.0,-36.76456671303788,258350.0,3.4569382620476095,319436.0,328005.0833333333,50553.0,-3.5645757917433194,33749.0,44.451687457406145,48077.666666666664,39865.083333333336,3520.0,55.85227272727272,3946.0,39.02686264571718,4633.666666666667,3899.9166666666665,23247.18,-36.76456671303788,12917.5,13.80263208825237,17121.728333333336,16687.736249999998,4448.664,-3.56457579174332,2699.92,58.89685620314674,4111.024,3255.4093333333335,3872.0000000000005,55.85227272727272,3946.0,52.9295489102889,4933.866666666667,3974.9666666666667,31567.844,-20.725840510362396,19563.42,27.918037848188092,26166.619000000002,23918.112250000002
2017-03-01,B1009,247573,47470,3368,2017,3,Mar,March,Q1,2017-03,Los Angeles,USA,0.088,1.1,0.055,13616.515,4177.36,3704.8,21498.675,63.33653120483006,19.430778873581744,17.232689921588193,267281.0,-7.373513268806986,238633.0,3.746338519819137,312510.0,328750.0833333333,48751.0,-2.6276384074172836,29262.0,62.22404483630647,48924.666666666664,41382.416666666664,5486.0,-38.607364199781266,4298.0,-21.6379711493718,4124.666666666667,3822.4166666666665,14700.455,-7.373513268806989,11931.650000000001,14.120972371801033,17188.05,16828.141666666666,4290.088,-2.6276384074172854,2340.96,78.4464493199371,4305.370666666667,3408.4426666666673,6034.6,-38.607364199781266,4298.0,-13.801768264308977,4537.133333333334,3925.5333333333333,25025.142999999996,-14.091699695781948,18570.61,15.76719881576318,26030.554,24162.11766666667
2017-04-01,B1009,436555,47985,3003,2017,4,Apr,April,Q2,2017-04,Los Angeles,USA,0.088,1.1,0.055,24010.525,4222.679999999999,3303.3,31536.505,76.13565612295973,13.389816024318483,10.47452785272179,247573.0,76.33384900615172,446149.0,-2.150402668166913,317136.3333333333,327950.5833333333,47470.0,1.0848957236149146,23830.0,101.36382710868652,48068.666666666664,43395.333333333336,3368.0,-10.83729216152019,3599.0,-16.56015559877744,3952.3333333333335,3772.75,13616.515,76.33384900615174,22307.45,7.634557065016399,17442.498333333333,16970.064583333333,4177.36,1.084895723614908,1906.4,121.50020981955514,4230.042666666665,3601.4660000000003,3704.8,-10.83729216152019,3599.0,-8.216171158655177,4347.566666666667,3900.8916666666664,21498.675,46.69045883060236,27812.850000000002,13.388253990511576,26020.107666666667,24472.42225
2017-05-01,B1009,475120,41177,4054,2017,5,May,May,Q2,2017-05,Los Angeles,USA,0.088,1.1,0.055,26131.6,3623.5759999999996,4459.400000000001,34214.576,76.37563592779873,10.590737701966551,13.033626370234721,436555.0,8.833938449908946,459351.0,3.4328868338155356,386416.0,329264.6666666667,47985.0,-14.187767010524121,47591.0,-13.477338152171628,45544.0,42860.833333333336,3003.0,34.998334998335,4146.0,-2.219006271104679,3475.0,3765.0833333333335,24010.525,8.833938449908933,22967.550000000003,13.776175517197068,21252.88,17233.735416666666,4222.679999999999,-14.18776701052412,3807.28,-4.8250719673888085,4007.8719999999994,3586.157333333333,3303.3,34.998334998335004,4146.0,7.559093101784867,3822.5,3927.008333333333,31536.505,8.49197144705794,30920.83,10.65219141918247,29083.252000000004,24746.90108333333
2017-06-01,B1009,263134,27128,3534,2017,6,Jun,June,Q2,2017-06,Los Angeles,USA,0.088,1.1,0.055,14472.37,2387.2639999999997,3887.4,20747.034000000003,69.7563323991275,11.50653148782616,18.737136113046322,475120.0,-44.61735982488634,370077.0,-28.89749970951991,391603.0,320352.75,41177.0,-34.11856133278287,41555.0,-34.71784382144146,38763.333333333336,41658.583333333336,4054.0,-12.826837691169215,2462.0,43.54183590576767,3530.3333333333335,3854.4166666666665,26131.6,-44.617359824886336,18503.850000000002,-21.787249680471906,21538.165,16897.77875,3623.5759999999996,-34.11856133278287,3324.4,-28.18962820358562,3411.1733333333323,3508.0626666666667,4459.400000000001,-12.826837691169224,2462.0,57.896019496344444,3883.366666666667,4045.7916666666665,34214.576,-39.362001738674174,24290.250000000004,-14.586988606539661,28832.705,24451.633083333334
2017-07-01,B1009,404183,33902,3600,2017,7,Jul,July,Q3,2017-07,Los Angeles,USA,0.088,1.1,0.055,22230.065,2983.3759999999997,3960.0000000000005,29173.441,76.19966736183092,10.226342514755116,13.573990123413965,263134.0,53.60348719663746,205516.0,96.66741275618443,380812.3333333333,336908.3333333333,27128.0,24.970510173989975,37058.0,-8.516379729073345,34069.0,41395.583333333336,3534.0,1.8675721561969438,5334.0,-32.508436445444325,3729.3333333333335,3709.9166666666665,14472.37,53.60348719663743,10275.800000000001,116.33415403180285,20944.678333333333,17893.967500000002,2387.2639999999997,24.97051017398998,2964.64,0.6319822980193169,2998.0719999999997,3509.624,3887.4,1.8675721561969532,5334.0,-25.759280089988746,4102.266666666666,3931.2916666666665,20747.034000000003,40.61499585916712,18574.440000000002,57.06229097620168,28045.017000000003,25334.883166666667
2017-08-01,B1009,222840,52952,3647,2017,8,Aug,August,Q3,2017-08,Los Angeles,USA,0.088,1.1,0.055,12256.2,4659.776,4011.7000000000003,20927.676000000003,58.56455346499057,22.266093951378068,19.16935258363136,404183.0,-44.866557970028424,447622.0,-50.21692410113891,296719.0,318176.5,33902.0,56.19137514010972,43570.0,21.533165021803992,37994.0,42177.416666666664,3600.0,1.3055555555555556,3167.0,15.156299336911905,3593.6666666666665,3749.9166666666665,22230.065,-44.86655797002842,22381.100000000002,-45.2386165112528,16319.544999999998,17050.225833333334,2983.3759999999997,56.191375140109734,3485.6,33.68648152398439,3343.4719999999998,3607.4719999999993,3960.0000000000005,1.3055555555555507,3167.0,26.6719292706031,3953.0333333333333,4001.683333333334,29173.441,-28.264629462119316,29033.7,-27.919362671653964,23616.050333333336,24659.38116666667
2017-09-01,B1009,421940,53855,4575,2017,9,Sep,September,Q3,2017-09,Los Angeles,USA,0.088,1.1,0.055,23206.7,4739.24,5032.5,32978.44,70.36930794785926,14.370722205174044,15.259969846966683,222840.0,89.34661640639024,259650.0,62.50336992104757,349654.3333333333,331700.6666666667,52952.0,1.7053180238706753,40670.0,32.419473813621835,46903.0,43276.166666666664,3647.0,25.4455717027694,3025.0,51.2396694214876,3940.6666666666665,3879.0833333333335,12256.2,89.34661640639024,12982.5,78.75370691315233,19230.98833333333,17902.2425,4659.776,1.7053180238706742,3253.6,45.661421194984015,4127.464,3731.275333333333,4011.7000000000003,25.445571702769392,3025.0,66.36363636363637,4334.733333333334,4168.975,20927.676000000003,57.582906004469855,19261.1,71.2178432176771,27693.185666666668,25802.492833333334
2017-10-01,B1009,230359,30591,5541,2017,10,Oct,October,Q4,2017-10,Los Angeles,USA,0.088,1.1,0.055,12669.745,2692.008,6095.1,21456.853000000003,59.047545322699456,12.546145513510295,28.406309163790233,421940.0,-45.404796890553165,303875.0,-24.19284245166598,291713.0,325574.3333333333,53855.0,-43.197474700584905,36139.0,-15.351835966684192,45799.333333333336,42813.833333333336,4575.0,21.114754098360656,3009.0,84.14755732801595,4587.666666666667,4090.0833333333335,23206.7,-45.40479689055316,15193.75,-16.612126696832576,16044.215000000002,17691.90875,4739.24,-43.197474700584905,2891.12,-6.887019563352615,4030.3413333333324,3714.682666666666,5032.5,21.114754098360663,3009.0,102.56231306081756,5046.433333333333,4426.150000000001,32978.44,-34.93672532721377,21093.87,1.7207985068648086,25120.989666666672,25832.741416666668
2017-11-01,B1009,402553,35793,3296,2017,11,Nov,November,Q4,2017-11,Los Angeles,USA,0.088,1.1,0.055,22140.415,3149.7839999999997,3625.6000000000004,28915.799,76.56857415560262,10.89295163519431,12.538474209203073,230359.0,74.75028108300522,246880.0,63.056140635126376,351617.3333333333,338547.0833333333,30591.0,17.00500147102089,34473.0,3.829083630667479,40079.666666666664,42923.833333333336,5541.0,-40.51615231907598,3858.0,-14.56713322965267,4470.666666666667,4043.25,12669.745,74.75028108300522,12344.0,79.36175469863902,19338.953333333335,18508.27666666667,2692.008,17.005001471020883,2757.84,14.211991993734207,3527.0106666666666,3747.3446666666664,6095.1,-40.51615231907598,3858.0,-6.023846552617927,4917.733333333334,4406.783333333334,21456.853000000003,34.76253484143269,18959.84,52.5107754073874,27783.697333333334,26662.40466666667
2017-12-01,B1009,216605,50862,4171,2017,12,Dec,December,Q4,2017-12,Los Angeles,USA,0.088,1.1,0.055,11913.275,4475.856,4588.1,20977.231,56.791456412907884,21.336734099939118,21.871809487153,402553.0,-46.19217842122652,268351.0,-19.282954041535152,283172.3333333333,334234.9166666667,35793.0,42.1004106948286,44929.0,13.205279440895634,39082.0,43418.25,3296.0,26.54733009708738,4895.0,-14.790602655771195,4336.0,3982.9166666666665,22140.415,-46.19217842122653,13417.550000000001,-11.21124944568868,15574.478333333334,18382.920416666664,3149.7839999999997,42.100410694828604,3594.32,24.52580738498519,3439.215999999999,3820.805999999999,3625.6000000000004,26.547330097087375,4895.0,-6.269662921348306,4769.6,4381.208333333333,28915.799,-27.45408487588394,21906.870000000003,-4.243595730471777,23783.294333333335,26584.934750000004
2018-01-01,B1009,390659,26116,6262,2018,1,Jan,January,Q1,2018-01,Los Angeles,USA,0.0968,1.2100000000000002,0.0605,23634.8695,2528.0288,7577.020000000001,33739.918300000005,70.05016814163417,7.492693899024645,22.45713795934118,216605.0,80.35548579211006,422676.0,-7.574832732400232,336605.6666666667,331566.8333333333,50862.0,-48.65321851283866,50553.0,-48.339366605344885,37590.333333333336,41381.833333333336,4171.0,50.13186286262287,3520.0,77.89772727272727,4576.333333333333,4211.416666666667,11913.275,98.39103437132108,23247.18,1.6676839943597477,19229.519833333336,18415.227875,4475.856,-43.51854036412252,4448.664,-43.17330326587937,3384.5562666666665,3660.7530666666667,4588.1,65.14504914888516,3872.0000000000005,95.68750000000001,5263.573333333334,4689.96,20977.231,60.84066719768689,31567.844,6.8806545673502555,27877.649433333336,26765.940941666664
2018-02-01,B1009,466199,44258,4803,2018,2,Feb,February,Q1,2018-02,Los Angeles,USA,0.0968,1.2100000000000002,0.0605,28205.0395,4284.1744,5811.630000000001,38300.8439,73.64077818661326,11.185587479966728,15.173634333420003,390659.0,19.336556946083412,267281.0,74.42279847800629,357821.0,348143.3333333333,26116.0,69.46699341399908,48751.0,-9.216221205718856,40412.0,41007.416666666664,6262.0,-23.29926541041201,5486.0,-12.449872402479038,5078.666666666667,4154.5,23634.8695,19.336556946083405,14700.455,91.86507832580692,21251.061333333335,19540.609916666668,2528.0288,69.46699341399908,4290.088,-0.1378433262907395,3762.6864,3660.260266666666,7577.020000000001,-23.29926541041201,6034.6,-3.6948596427269305,5992.250000000001,4671.3791666666675,33739.918300000005,13.517891654171535,25025.142999999996,53.04945070643554,31005.997733333334,27872.249350000002
2018-03-01,B1009,246123,42440,5522,2018,3,Mar,March,Q1,2018-03,Los Angeles,USA,0.0968,1.2100000000000002,0.0605,14890.441499999999,4108.192,6681.620000000001,25680.2535,57.984012891461525,15.997474479759322,26.018512628779156,466199.0,-47.20645046428671,247573.0,-0.5856858381164344,367660.3333333333,348022.5,44258.0,-4.107731935469293,47470.0,-10.596165999578682,37604.666666666664,40588.25,4803.0,14.969810535082239,3368.0,63.95486935866983,5529.0,4334.0,28205.0395,-47.20645046428672,13616.515,9.35574557807192,22243.450166666666,19646.770458333332,4284.1744,-4.107731935469291,4177.36,-1.6557825995365416,3640.131733333333,3654.4962666666665,5811.630000000001,14.969810535082233,3704.8,80.35035629453682,6690.090000000001,4919.4475,38300.8439,-32.951207114264136,21498.675,19.45040101308569,32573.6719,28220.714225000003
2018-04-01,B1009,478824,45451,4136,2018,4,Apr,April,Q2,2018-04,Los Angeles,USA,0.0968,1.2100000000000002,0.0605,28968.852,4399.6568,5004.56,38373.068799999994,75.49266427187602,11.465480707135939,13.041855020988056,246123.0,94.54662912446216,436555.0,9.6823996976326,397048.6666666667,351544.9166666667,42440.0,7.094721960414703,47985.0,-5.280816921954778,44049.666666666664,40377.083333333336,5522.0,-25.099601593625497,3003.0,37.72893772893773,4820.333333333333,4428.416666666667,14890.441499999999,94.54662912446217,24010.525,20.650639667395847,24021.444333333333,20059.964375,4108.192,7.094721960414698,4222.679999999999,4.191101385849754,4264.007733333333,3669.2443333333335,6681.620000000001,-25.099601593625504,3303.3,51.50183150183151,5832.603333333335,5061.219166666668,25680.2535,49.42636294458696,31536.505,21.67825445463913,34118.0554,28790.427875000005
2018-05-01,B1009,272987,50930,5073,2018,5,May,May,Q2,2018-05,Los Angeles,USA,0.0968,1.2100000000000002,0.0605,16515.713499999998,4930.023999999999,6138.330000000001,27584.067499999997,59.87410486143858,17.872723085527543,22.253172053033882,478824.0,-42.9880290043941,475120.0,-42.54356794073077,332644.6666666667,334700.5,45451.0,12.054740269741039,41177.0,23.68555261432353,46273.666666666664,41189.833333333336,4136.0,22.65473887814313,4054.0,25.135668475579674,4910.333333333333,4513.333333333333,28968.852,-42.9880290043941,26131.6,-36.79792473480384,20125.002333333334,19258.640499999998,4399.6568,12.054740269741034,3623.5759999999996,36.05410787575589,4479.290933333333,3778.115,5004.56,22.654738878143142,4459.400000000001,37.649235323137646,5941.503333333334,5201.130000000001,38373.068799999994,-28.116076293590563,34214.576,-19.37919236526562,30545.796599999998,28237.885500000004
2018-06-01,B1009,282075,32325,4868,2018,6,Jun,June,Q2,2018-06,Los Angeles,USA,0.0968,1.2100000000000002,0.0605,17065.5375,3129.06,5890.280000000001,26084.877500000002,65.42310769908732,11.995686006192667,22.581206294719998,272987.0,3.329096257330935,263134.0,7.198233599610844,344628.6666666667,336278.9166666667,50930.0,-36.53053210288631,27128.0,19.157328221763493,42902.0,41622.916666666664,5073.0,-4.04100137985413,3534.0,37.747594793435205,4692.333333333333,4624.5,16515.713499999998,3.3290962573309386,14472.37,17.918056959571913,20850.034333333333,19474.737791666666,4930.023999999999,-36.53053210288631,2387.2639999999997,31.07306104393986,4152.9136,3839.9313333333334,6138.330000000001,-4.041001379854132,3887.4,51.522354272778735,5677.723333333334,5368.036666666668,27584.067499999997,-5.434985250090456,20747.034000000003,25.72822457417286,30680.67126666666,28682.705791666667
2018-07-01,B1009,209930,45551,6668,2018,7,Jul,July,Q3,2018-07,Los Angeles,USA,0.0968,1.2100000000000002,0.0605,12700.765,4409.3368,8068.280000000002,25178.381800000003,50.44313451470498,17.5123915231121,32.04447396218291,282075.0,-25.576531064433215,404183.0,-48.060655693089515,254997.33333333334,320091.1666666667,32325.0,40.91569992266048,33902.0,34.36080467229072,42935.333333333336,42593.666666666664,4868.0,36.976170912078885,3600.0,85.22222222222223,5536.333333333333,4880.166666666667,17065.5375,-25.576531064433215,22230.065,-42.866721262398464,15427.338666666665,18680.629458333333,3129.06,40.91569992266048,2983.3759999999997,47.79688513951981,4156.140266666666,3958.7614,5890.280000000001,36.97617091207889,3960.0000000000005,103.74444444444444,6698.963333333334,5710.393333333334,26084.877500000002,-3.475177140471522,29173.441,-13.694165182639908,26282.44226666667,28349.784191666666
2018-08-01,B1009,264964,39041,5507,2018,8,Aug,August,Q3,2018-08,Los Angeles,USA,0.0968,1.2100000000000002,0.0605,16030.322,3779.1688,6663.470000000001,26472.9608,60.55356679257425,14.275580387668613,25.170852819757133,209930.0,26.215405135045017,222840.0,18.903248967869324,252323.0,323601.5,45551.0,-14.291673069746,52952.0,-26.270962381024326,38972.333333333336,41434.416666666664,6668.0,-17.411517696460706,3647.0,51.00082259391281,5681.0,5035.166666666667,12700.765,26.21540513504502,12256.2,30.79357386465625,15265.5415,18995.139625,4409.3368,-14.291673069746002,4659.776,-18.898058619126758,3772.521866666666,3885.3774666666664,8068.280000000002,-17.41151769646071,4011.7000000000003,66.1009048533041,6874.010000000001,5931.374166666667,25178.381800000003,5.141629078005313,20927.676000000003,26.497375054927247,25912.073366666667,28811.891258333333
2018-09-01,B1009,228928,33863,6367,2018,9,Sep,September,Q3,2018-09,Los Angeles,USA,0.0968,1.2100000000000002,0.0605,13850.144,3277.9384,7704.0700000000015,24832.1524,55.77504429297881,13.200379681948151,31.024576025073046,264964.0,-13.600338159146148,421940.0,-45.7439446366782,234607.33333333334,307517.1666666667,39041.0,-13.262979944161266,53855.0,-37.121901401912545,39485.0,39768.416666666664,5507.0,15.61648810604685,4575.0,39.169398907103826,6180.666666666667,5184.5,16030.322,-13.600338159146148,23206.7,-40.31833910034602,14193.743666666667,18215.426625,3779.1688,-13.262979944161266,4739.24,-30.834091542103792,3822.1479999999997,3763.602333333333,6663.470000000001,15.616488106046852,5032.5,53.086338797814236,7478.606666666669,6154.005000000001,26472.9608,-6.19805397815571,32978.44,-24.70185854758443,25494.498333333333,28133.033958333337
2018-10-01,B1009,213906,49976,6272,2018,10,Oct,October,Q4,2018-10,Los Angeles,USA,0.0968,1.2100000000000002,0.0605,12941.313,4837.6768,7589.120000000001,25368.1098,51.01410038835452,19.06991430634694,29.91598530529855,228928.0,-6.561888454011741,230359.0,-7.142330015323907,235932.66666666666,306146.0833333333,33863.0,47.58290759826359,30591.0,63.368310941126474,40960.0,41383.833333333336,6367.0,-1.4920684780901523,5541.0,13.192564519039884,6048.666666666667,5245.416666666667,13850.144,-6.561888454011743,12669.745,2.143436983143696,14273.926333333335,18238.057291666668,3277.9384,47.582907598263596,2692.008,79.70514203523913,3964.9279999999994,3942.408066666667,7704.0700000000015,-1.4920684780901614,6095.1,24.51182097094388,7318.886666666668,6278.506666666668,24832.1524,2.1583203556692063,21456.853000000003,18.228473672257508,25557.740999999998,28458.972025
2018-11-01,B1009,380358,40375,4797,2018,11,Nov,November,Q4,2018-11,Los Angeles,USA,0.0968,1.2100000000000002,0.0605,23011.659,3908.2999999999997,5804.370000000001,32724.328999999998,70.31972756416182,11.94310202662979,17.737170409208396,213906.0,77.81548904659056,402553.0,-5.513559705181678,274397.3333333333,304296.5,49976.0,-19.211221386265407,35793.0,12.801385745816221,41404.666666666664,41765.666666666664,6272.0,-23.5172193877551,3296.0,45.54004854368932,5812.0,5370.5,12941.313,77.81548904659056,22140.415,3.9350843243001483,16601.038666666667,18310.660958333334,4837.6768,-19.211221386265418,3149.7839999999997,24.081524320397847,4007.9717333333324,4005.617733333334,7589.120000000001,-23.5172193877551,3625.6000000000004,60.09405339805826,7032.520000000001,6460.070833333334,25368.1098,28.997900348097673,28915.799,13.171104142756004,27641.5304,28776.349524999998
2018-12-01,B1009,289432,35348,5242,2018,12,Dec,December,Q4,2018-12,Los Angeles,USA,0.0968,1.2100000000000002,0.0605,17510.636,3421.6864,6342.820000000001,27275.142399999997,64.19998012549331,12.545072541949406,23.254947332557286,380358.0,-23.90537335878304,216605.0,33.62203088571363,294565.3333333333,310365.4166666667,40375.0,-12.450773993808049,50862.0,-30.502143053753294,41899.666666666664,40472.833333333336,4797.0,9.27663122785074,4171.0,25.677295612562933,5437.0,5459.75,23011.659,-23.90537335878305,11913.275,46.98423397428498,17821.202666666668,18777.107708333333,3908.2999999999997,-12.450773993808042,4475.856,-23.552357359128617,4055.8877333333326,3917.770266666667,5804.370000000001,9.276631227850736,4588.1,38.24502517381923,6578.77,6606.297500000001,32724.328999999998,-16.651790171159817,20977.231,30.02260593879143,28455.860399999994,29301.175474999996
2019-01-01,B1009,415273,54328,6144,2019,1,Jan,January,Q1,2019-01,Los Angeles,USA,0.10648,1.3310000000000004,0.06655,27636.418149999998,5784.84544,8177.6640000000025,41598.92759,66.43541012014825,13.906236951624262,19.6583529282275,289432.0,43.47860637386329,390659.0,6.300635592678014,361687.6666666667,312416.5833333333,35348.0,53.694692769039264,26116.0,108.02573135242764,43350.333333333336,42823.833333333336,5242.0,17.20717283479588,6262.0,-1.8843819865857554,5394.333333333333,5449.916666666667,17510.636,57.82646701124962,23634.8695,16.930699151945802,22719.57105,19110.570095833333,3421.6864,69.06416204594319,2528.0288,128.8283044876704,4371.610613333333,4189.171653333333,6342.820000000001,28.927890118275496,7577.020000000001,7.927179814755683,6774.951333333334,6656.351166666667,27275.142399999997,52.51589516907528,33739.918300000005,23.29291144134156,33866.13299666666,29956.092915833335
2019-02-01,B1009,213559,42614,4742,2019,2,Feb,February,Q1,2019-02,Los Angeles,USA,0.10648,1.3310000000000004,0.06655,14212.35145,4537.5387200000005,6311.602000000002,25061.49217,56.70991716531937,18.10562072370011,25.184462110980526,415273.0,-48.57382974573353,466199.0,-54.19145043211161,306088.0,291363.25,54328.0,-21.561625681048447,44258.0,-3.714582674318767,44096.666666666664,42686.833333333336,6144.0,-22.819010416666664,4803.0,-1.2700395586092026,5376.0,5444.833333333333,27636.418149999998,-48.573829745733526,28205.0395,-49.61059547532277,19786.468533333333,17944.512758333334,5784.84544,-21.561625681048437,4284.1744,5.91395905824937,4581.356853333334,4210.285346666667,8177.6640000000025,-22.819010416666668,5811.630000000001,8.602956485529887,6944.028666666668,6698.015500000001,41598.92759,-39.754475362906824,38300.8439,-34.56673634807299,31311.854053333333,28852.813605
2019-03-01,B1009,504470,44325,4483,2019,3,Mar,March,Q1,2019-03,Los Angeles,USA,0.10648,1.3310000000000004,0.06655,33572.4785,4719.726000000001,5966.873000000001,44259.0775,75.85444703405759,10.663859860160892,13.481693105781522,213559.0,136.22043557049807,246123.0,104.96662237986698,377767.3333333333,312892.1666666667,42614.0,4.0151124043741495,42440.0,4.441564561734213,47089.0,42843.916666666664,4742.0,-5.461830451286377,5522.0,-18.815646504889532,5123.0,5358.25,14212.35145,136.22043557049807,14890.441499999999,125.46328461785366,25140.41603333333,19501.349175,4537.5387200000005,4.015112404374151,4108.192,14.885721017907647,5014.03672,4261.246513333333,6311.602000000002,-5.46183045128638,6681.620000000001,-10.697211155378476,6818.7130000000025,6638.453250000001,25061.49217,76.60192457726271,25680.2535,72.34673131244597,36973.165753333335,30401.048938333333
2019-04-01,B1009,316105,35132,5412,2019,4,Apr,April,Q2,2019-04,Los Angeles,USA,0.10648,1.3310000000000004,0.06655,21036.78775,3740.85536,7203.372000000002,31981.015110000004,65.7789869322256,11.69711263739808,22.523900430376305,504470.0,-37.33918766229905,478824.0,-33.983050139508464,344711.3333333333,299332.25,44325.0,-20.739988719684153,45451.0,-22.703570878528527,40690.333333333336,41984.0,4483.0,20.722730314521527,4136.0,30.851063829787233,4879.0,5464.583333333333,33572.4785,-37.33918766229905,28968.852,-27.381355153459307,22940.539233333333,18840.343820833332,4719.726000000001,-20.73998871968416,4399.6568,-14.973927966381373,4332.706693333333,4206.346393333333,5966.873000000001,20.72273031452153,5004.56,43.93617021276599,6493.949000000001,6821.687583333335,44259.0775,-27.741342756183734,38373.068799999994,-16.657655720253448,33767.19492666667,29868.377797499998
2019-05-01,B1009,226483,51402,5230,2019,5,May,May,Q2,2019-05,Los Angeles,USA,0.10648,1.3310000000000004,0.06655,15072.44365,5473.28496,6961.130000000002,27506.85861,54.795219852987785,19.897891786196954,25.306888360815265,316105.0,-28.351971654988056,272987.0,-17.03524343650064,349019.3333333333,295456.9166666667,35132.0,46.31105544802459,50930.0,0.9267622226585509,43619.666666666664,42023.333333333336,5412.0,-3.36289726533629,5073.0,3.094815690912675,5041.666666666667,5477.666666666667,21036.78775,-28.351971654988063,16515.713499999998,-8.738767780150697,23227.236633333334,18720.071333333333,3740.85536,46.31105544802459,4930.023999999999,11.019438444924418,4644.622106666667,4251.61814,7203.372000000002,-3.3628972653362914,6138.330000000001,13.404297260003958,6710.458333333336,6890.254250000001,31981.015110000004,-13.990039042259795,27584.067499999997,-0.2799039336747493,34582.31707333333,29861.94372333333
2019-06-01,B1009,209336,46415,5229,2019,6,Jun,June,Q2,2019-06,Los Angeles,USA,0.10648,1.3310000000000004,0.06655,13931.3108,4942.269200000001,6959.799000000002,25833.379000000004,53.92755937966921,19.131330825905508,26.941109794425266,226483.0,-7.570987667948588,282075.0,-25.78711335637685,250641.33333333334,289395.3333333333,51402.0,-9.701957122290962,32325.0,43.588553750966746,44316.333333333336,43197.5,5230.0,-0.019120458891013385,4868.0,7.415776499589153,5290.333333333333,5507.75,15072.44365,-7.570987667948588,17065.5375,-18.36582469201453,16680.18073333333,18458.885775,5473.28496,-9.701957122290949,3129.06,57.94740912606344,4718.803173333333,4402.718906666666,6961.130000000002,-0.01912045889101526,5890.280000000001,18.157354149548084,7041.433666666669,6979.380833333335,27506.85861,-6.083863060217311,26084.877500000002,-0.9641544224234821,28440.417573333336,29840.985515000004
2019-07-01,B1009,427064,46903,6926,2019,7,Jul,July,Q3,2019-07,Los Angeles,USA,0.10648,1.3310000000000004,0.06655,28421.1092,4994.2314400000005,9218.506000000003,42633.84664,66.6632533535801,11.714240758454817,21.62250588796508,209336.0,104.0088661290939,209930.0,103.43162006383079,287627.6666666667,307489.8333333333,46415.0,1.0513842507809976,45551.0,2.968101688217602,48240.0,43310.166666666664,5229.0,32.453624019889084,6668.0,3.8692261547690463,5795.0,5529.25,13931.3108,104.0088661290939,12700.765,123.77478207021389,19141.621216666666,19768.914458333333,4942.269200000001,1.051384250780994,4409.3368,13.26491185703937,5136.5952,4451.460126666667,6959.799000000002,32.45362401988909,8068.280000000002,14.256148770245966,7713.145000000001,7075.233000000001,25833.379000000004,65.03395332062443,25178.381800000003,69.32719099525292,31991.361416666667,31295.607585
2019-08-01,B1009,240083,55128,5426,2019,8,Aug,August,Q3,2019-08,Los Angeles,USA,0.10648,1.3310000000000004,0.06655,15977.52365,5870.02944,7222.006000000002,29069.559090000002,54.963075293069394,20.193046003299393,24.843878703631216,427064.0,-43.782899050259445,264964.0,-9.390332271553872,292161.0,305416.4166666667,46903.0,17.536191714815683,39041.0,41.205399451858305,49482.0,44650.75,6926.0,-21.657522379439794,5507.0,-1.4708552751044126,5860.333333333333,5522.5,28421.1092,-43.78289905025945,16030.322,-0.32936549870926446,19443.31455,19764.514595833334,4994.2314400000005,17.536191714815676,3779.1688,55.325939397044145,5268.84336,4625.698513333334,9218.506000000003,-21.657522379439794,6663.470000000001,8.382059197385159,7800.103666666669,7121.777666666669,42633.84664,-31.81577225376068,26472.9608,9.808492180443986,32512.26157666667,31511.990775833332
2019-09-01,B1009,286761,48372,5619,2019,9,Sep,September,Q3,2019-09,Los Angeles,USA,0.10648,1.3310000000000004,0.06655,19083.94455,5150.65056,7478.889000000002,31713.484110000005,60.17612093268044,16.24120056356684,23.582678503752707,240083.0,19.44244282185744,228928.0,25.262527956388038,317969.3333333333,310235.8333333333,55128.0,-12.255115367871136,33863.0,42.84617429052358,50134.333333333336,45859.833333333336,5426.0,3.5569480280132697,6367.0,-11.748076016962463,5990.333333333333,5460.166666666667,15977.52365,19.442442821857448,13850.144,37.78878075202684,21160.85913333333,20200.664641666666,5870.02944,-12.255115367871138,3277.9384,57.13079171957594,5338.303813333333,4781.757860000001,7222.006000000002,3.556948028013266,7704.0700000000015,-2.922883618658703,7973.133666666668,7103.012583333334,29069.559090000002,9.095167256628667,24832.1524,27.711378374111483,34472.29661333334,32085.435085
2019-10-01,B1009,329857,56335,5550,2019,10,Oct,October,Q4,2019-10,Los Angeles,USA,0.10648,1.3310000000000004,0.06655,21951.98335,5998.5508,7387.050000000002,35337.58415,62.120781253236856,16.974988370844812,20.90423037591833,286761.0,15.028542932965083,213906.0,54.206520621207446,285567.0,319898.4166666667,48372.0,16.46200281154387,49976.0,12.724107571634386,53278.333333333336,46389.75,5619.0,-1.2279765082754939,6272.0,-11.511479591836734,5531.666666666667,5400.0,19083.94455,15.028542932965076,12941.313,69.62717268332817,19004.48385,20951.5538375,5150.65056,16.462002811543865,4837.6768,23.996518328797816,5673.076933333333,4878.49736,7478.889000000002,-1.2279765082754928,7589.120000000001,-2.662627551020392,7362.648333333335,7086.173416666668,31713.484110000005,11.427631311115496,25368.1098,39.2992399851565,32040.20911666667,32916.22461416667
2019-11-01,B1009,498580,46656,6377,2019,11,Nov,November,Q4,2019-11,Los Angeles,USA,0.10648,1.3310000000000004,0.06655,33180.498999999996,4967.93088,8487.787000000002,46636.21688,71.147492699455,10.652516890002078,18.199990410542927,329857.0,51.150346968534855,380358.0,31.08177033216075,371732.6666666667,329750.25,56335.0,-17.181148486731164,40375.0,15.556656346749225,50454.333333333336,46913.166666666664,5550.0,14.9009009009009,4797.0,32.93725244944758,5848.666666666667,5531.666666666667,21951.98335,51.15034696853484,23011.659,44.18994736537682,24738.808966666664,21798.95717083333,5998.5508,-17.181148486731164,3908.2999999999997,27.112321981424152,5372.377413333333,4966.799933333333,7387.050000000002,14.900900900900899,5804.370000000001,46.230977694392344,7784.575333333335,7309.791500000002,35337.58415,31.973415845406617,32724.328999999998,42.512370169606854,37895.76171333333,34075.548604166666
2019-12-01,B1009,280510,48134,5492,2019,12,Dec,December,Q4,2019-12,Los Angeles,USA,0.10648,1.3310000000000004,0.06655,18667.9405,5125.30832,7309.852000000003,31103.100820000003,60.01954791593026,16.47844808034159,23.502004003728146,498580.0,-43.738216534959285,289432.0,-3.082589347411482,369649.0,329006.75,46656.0,3.167866941015089,35348.0,36.17177775263099,50375.0,47978.666666666664,6377.0,-13.877999059118709,5242.0,4.769172071728348,5806.333333333333,5552.5,33180.498999999996,-43.73821653495927,17510.636,6.609151717847382,24600.140949999997,21895.399212499997,4967.93088,3.1678669410150935,3421.6864,49.78895552789408,5363.929999999999,5108.7684266666665,8487.787000000002,-13.877999059118698,6342.820000000001,15.246089278901213,7728.229666666669,7390.377500000002,46636.21688,-33.30698135307239,27275.142399999997,14.034604710258108,37692.30061666667,34394.54513916667
2016-01-01,B1010,417348,33490,3067,2016,1,Jan,January,Q1,2016-01,Los Angeles,USA,0.08,1.0,0.05,20867.4,2679.2000000000003,3067.0,26613.600000000002,78.40878347912346,10.067033396458953,11.52418312441759,,,,,417348.0,417348.0,,,,,33490.0,33490.0,,,,,3067.0,3067.0,,,,,20867.4,20867.4,,,,,2679.2000000000003,2679.2000000000003,,,,,3067.0,3067.0,,,,,26613.600000000002,26613.600000000002
2016-02-01,B1010,408801,22845,4403,2016,2,Feb,February,Q1,2016-02,Los Angeles,USA,0.08,1.0,0.05,20440.050000000003,1827.6000000000001,4403.0,26670.65,76.638739588274,6.852476411336057,16.50878400038994,417348.0,-2.047931222864372,,,413074.5,413074.5,33490.0,-31.785607644072854,,,28167.5,28167.5,3067.0,43.56048255624388,,,3735.0,3735.0,20867.4,-2.0479312228643654,,,20653.725000000002,20653.725000000002,2679.2000000000003,-31.78560764407286,,,2253.4,2253.4,3067.0,43.56048255624388,,,3735.0,3735.0,26613.600000000002,0.2143640845282084,,,26642.125,26642.125
2016-03-01,B1010,471206,29866,4075,2016,3,Mar,March,Q1,2016-03,Los Angeles,USA,0.08,1.0,0.05,23560.300000000003,2389.28,4075.0,30024.58,78.47004021371824,7.9577466196030056,13.572213166678768,408801.0,15.26537361699213,,,432451.6666666667,432451.6666666667,22845.0,30.73320201356971,,,28733.666666666668,28733.666666666668,4403.0,-7.449466272995685,,,3848.3333333333335,3848.3333333333335,20440.050000000003,15.265373616992129,,,21622.583333333336,21622.583333333336,1827.6000000000001,30.73320201356971,,,2298.6933333333336,2298.6933333333336,4403.0,-7.449466272995685,,,3848.3333333333335,3848.3333333333335,26670.65,12.575359055741048,,,27769.61,27769.61
2016-04-01,B1010,310387,47597,4378,2016,4,Apr,April,Q2,2016-04,Los Angeles,USA,0.08,1.0,0.05,15519.35,3807.76,4378.0,23705.11,65.46837369664178,16.063034510280698,18.468591793077525,471206.0,-34.12923434761018,,,396798.0,401935.5,29866.0,59.36851269001541,,,33436.0,33449.5,4075.0,7.43558282208589,,,4285.333333333333,3980.75,23560.300000000003,-34.12923434761018,,,19839.9,20096.775,2389.28,59.36851269001539,,,2674.8800000000006,2675.96,4075.0,7.43558282208589,,,4285.333333333333,3980.75,30024.58,-21.047654954707113,,,26800.11333333333,26753.485
2016-05-01,B1010,498942,34140,4374,2016,5,May,May,Q2,2016-05,Los Angeles,USA,0.08,1.0,0.05,24947.100000000002,2731.2000000000003,4374.0,32052.300000000003,77.83248004043392,8.521073370709747,13.646446588856337,310387.0,60.74835608450096,,,426845.0,421336.8,47597.0,-28.272790301909783,,,37201.0,33587.6,4378.0,-0.09136592051164916,,,4275.666666666667,4059.4,15519.35,60.748356084500976,,,21342.250000000004,21066.840000000004,3807.76,-28.272790301909783,,,2976.0800000000004,2687.0080000000003,4378.0,-0.09136592051164916,,,4275.666666666667,4059.4,23705.11,35.21261871385538,,,28593.99666666667,27813.248000000003
2016-06-01,B1010,414824,32686,2399,2016,6,Jun,June,Q2,2016-06,Los Angeles,USA,0.08,1.0,0.05,20741.2,2614.88,2399.0,25755.08,80.53246194537155,10.15287081228247,9.314667242345976,498942.0,-16.85927422425853,,,408051.0,420251.3333333333,34140.0,-4.258933801991798,,,38141.0,33437.333333333336,4374.0,-45.15317786922725,,,3717.0,3782.6666666666665,24947.100000000002,-16.859274224258535,,,20402.550000000003,21012.56666666667,2731.2000000000003,-4.258933801991804,,,3051.28,2674.986666666667,4374.0,-45.15317786922725,,,3717.0,3782.6666666666665,32052.300000000003,-19.646702420731117,,,27170.83,27470.22
2016-07-01,B1010,333281,50319,4902,2016,7,Jul,July,Q3,2016-07,Los Angeles,USA,0.08,1.0,0.05,16664.05,4025.52,4902.0,25591.57,65.11538760615312,15.729867296144787,19.154745097702094,414824.0,-19.657252232272,,,415682.3333333333,407827.0,32686.0,53.9466438230435,,,39048.333333333336,35849.0,2399.0,104.3351396415173,,,3891.6666666666665,3942.5714285714284,20741.2,-19.657252232272008,,,20784.11666666667,20391.350000000002,2614.88,53.946643823043495,,,3123.866666666667,2867.9200000000005,2399.0,104.3351396415173,,,3891.6666666666665,3942.5714285714284,25755.08,-0.6348650441000456,,,27799.650000000005,27201.84142857143
2016-08-01,B1010,216859,26048,2623,2016,8,Aug,August,Q3,2016-08,Los Angeles,USA,0.08,1.0,0.05,10842.95,2083.84,2623.0,15549.79,69.73052369195982,13.40108130077641,16.86839500726376,333281.0,-34.93208433724095,,,321654.6666666667,383956.0,50319.0,-48.23426538683201,,,36351.0,34623.875,4902.0,-46.49122807017544,,,3308.0,3777.625,16664.05,-34.93208433724094,,,16082.733333333332,19197.800000000003,4025.52,-48.23426538683201,,,2908.08,2769.9100000000003,4902.0,-46.49122807017544,,,3308.0,3777.625,25591.57,-39.23862428135514,,,22298.813333333335,25745.335000000003
2016-09-01,B1010,394673,30268,4574,2016,9,Sep,September,Q3,2016-09,Los Angeles,USA,0.08,1.0,0.05,19733.65,2421.44,4574.0,26729.09,73.82836452718743,9.059193560274592,17.11244191253799,216859.0,81.99521347972646,,,314937.6666666667,385146.77777777775,26048.0,16.20085995085995,,,35545.0,34139.88888888889,2623.0,74.38048036599314,,,4033.0,3866.1111111111113,10842.95,81.99521347972646,,,15746.883333333333,19257.33888888889,2083.84,16.200859950859943,,,2843.6000000000004,2731.1911111111112,2623.0,74.38048036599314,,,4033.0,3866.1111111111113,15549.79,71.89357541162934,,,22623.483333333337,25854.641111111112
2016-10-01,B1010,340881,39723,2780,2016,10,Oct,October,Q4,2016-10,Los Angeles,USA,0.08,1.0,0.05,17044.05,3177.84,2780.0,23001.89,74.09847625564682,13.815560373517133,12.08596337083605,394673.0,-13.629511012914488,,,317471.0,380720.2,30268.0,31.2376106779437,,,32013.0,34698.2,4574.0,-39.22168780061215,,,3325.6666666666665,3757.5,19733.65,-13.6295110129145,,,15873.550000000001,19036.010000000002,2421.44,31.237610677943707,,,2561.0400000000004,2775.856,4574.0,-39.22168780061215,,,3325.6666666666665,3757.5,26729.09,-13.944358000964494,,,21760.256666666664,25569.366
2016-11-01,B1010,471008,46082,3432,2016,11,Nov,November,Q4,2016-11,Los Angeles,USA,0.08,1.0,0.05,23550.4,3686.56,3432.0,30668.960000000003,76.78904012395594,12.0204923805698,11.19046749547425,340881.0,38.17373218219848,,,402187.3333333333,388928.1818181818,39723.0,16.00835787830728,,,38691.0,35733.09090909091,2780.0,23.453237410071942,,,3595.3333333333335,3727.909090909091,17044.05,38.17373218219849,,,20109.366666666665,19446.409090909092,3177.84,16.008357878307272,,,3095.28,2858.647272727273,2780.0,23.453237410071942,,,3595.3333333333335,3727.909090909091,23001.89,33.3323479070633,,,26799.98,26032.965454545454
2016-12-01,B1010,259351,39290,4969,2016,12,Dec,December,Q4,2016-12,Los Angeles,USA,0.08,1.0,0.05,12967.550000000001,3143.2000000000003,4969.0,21079.75,61.51662140205648,14.910992777428575,23.57238582051495,471008.0,-44.93702867042598,,,357080.0,378130.0833333333,46082.0,-14.738943622238617,,,41698.333333333336,36029.5,3432.0,44.78438228438228,,,3727.0,3831.3333333333335,23550.4,-44.937028670425974,,,17854.0,18906.50416666667,3686.56,-14.73894362223861,,,3335.866666666667,2882.36,3432.0,44.78438228438228,,,3727.0,3831.3333333333335,30668.960000000003,-31.266824828751943,,,24916.86666666667,25620.1975
2017-01-01,B1010,493306,51554,3709,2017,1,Jan,January,Q1,2017-01,Los Angeles,USA,0.088,1.1,0.055,27131.83,4536.7519999999995,4079.9000000000005,35748.482,75.89645344940801,12.690754253565226,11.412792297026767,259351.0,90.20786501690759,417348.0,18.20015909983994,407888.3333333333,384459.9166666667,39290.0,31.214049376431664,33490.0,53.93848910122424,45642.0,37534.833333333336,4969.0,-25.35721473133427,3067.0,20.932507336159112,4036.6666666666665,3884.8333333333335,12967.550000000001,109.22865151859835,20867.4,30.020175009823934,21216.593333333334,19428.540000000005,3143.2000000000003,44.3354543140748,2679.2000000000003,69.33233801134664,3788.837333333333,3037.1560000000004,4969.0,-17.892936204467688,3067.0,33.025758069775044,4160.3,3915.741666666667,21079.75,69.58684045114389,26613.600000000002,34.32411248384285,29165.73066666667,26381.43766666667
2017-02-01,B1010,335188,41299,5222,2017,2,Feb,February,Q1,2017-02,Los Angeles,USA,0.088,1.1,0.055,18435.34,3634.312,5744.200000000001,27813.852000000003,66.28114653087245,13.066554032141969,20.652299436985572,493306.0,-32.052721839993836,408801.0,-18.007049884907325,362615.0,378325.5,51554.0,-19.891763975637197,22845.0,80.77916393083827,44047.666666666664,39072.666666666664,3709.0,40.7926664869237,4403.0,18.60095389507154,4633.333333333333,3953.0833333333335,27131.83,-32.05272183999384,20440.050000000003,-9.807754873398071,19511.573333333334,19261.480833333335,4536.7519999999995,-19.89176397563719,1827.6000000000001,98.85708032392206,3771.421333333333,3187.7153333333335,4079.9000000000005,40.79266648692369,4403.0,30.461049284578714,4931.033333333334,4027.508333333333,35748.482,-22.195711694835044,26670.65,4.286367223895934,28214.028000000002,26476.704500000003
2017-03-01,B1010,280484,51962,3163,2017,3,Mar,March,Q1,2017-03,Los Angeles,USA,0.088,1.1,0.055,15426.62,4572.656,3479.3,23478.576,65.7050921657259,19.47586599800601,14.819041836268093,335188.0,-16.320393331503514,471206.0,-40.47529106165881,369659.3333333333,362432.0,41299.0,25.819027095087048,29866.0,73.98379428112236,48271.666666666664,40914.0,5222.0,-39.42933741861356,4075.0,-22.380368098159508,4031.3333333333335,3877.0833333333335,18435.34,-16.32039333150351,23560.300000000003,-34.52282016782469,20331.263333333332,18583.674166666668,3634.312,25.819027095087048,2389.28,91.38217370923456,4247.906666666666,3369.663333333334,5744.200000000001,-39.429337418613564,4075.0,-14.618404907975455,4434.466666666667,3977.866666666667,27813.852000000003,-15.58675152222713,30024.58,-21.802150105013958,29013.63666666667,25931.204166666666
2017-04-01,B1010,327550,45645,4202,2017,4,Apr,April,Q2,2017-04,Los Angeles,USA,0.088,1.1,0.055,18015.25,4016.7599999999998,4622.200000000001,26654.21,67.58875989946804,15.069889522143033,17.341350578388933,280484.0,16.780279802056445,310387.0,5.529548595785261,314407.3333333333,363862.25,51962.0,-12.156960856010162,47597.0,-4.101098808748451,46302.0,40751.333333333336,3163.0,32.84856149225419,4378.0,-4.0201005025125625,4195.666666666667,3862.4166666666665,15426.62,16.780279802056437,15519.35,16.082503455363785,17292.403333333332,18791.665833333336,4572.656,-12.156960856010166,3807.76,5.488791310376692,4074.5759999999996,3387.08,3479.3,32.848561492254206,4378.0,5.577889447236198,4615.233333333334,3998.216666666667,23478.576,13.525666974010681,23705.11,12.440777536995181,25982.21266666667,26176.962499999998
2017-05-01,B1010,232731,29558,3731,2017,5,May,May,Q2,2017-05,Los Angeles,USA,0.088,1.1,0.055,12800.205,2601.104,4104.1,19505.409,65.62387387006343,13.335295865880074,21.040830264056503,327550.0,-28.947946878339188,498942.0,-53.35509939030989,280255.0,341678.0,45645.0,-35.24372877642677,34140.0,-13.421206795547743,42388.333333333336,40369.5,4202.0,-11.208948119942884,4374.0,-14.700502972107909,3698.6666666666665,3808.8333333333335,18015.25,-28.947946878339188,24947.100000000002,-48.69060932934089,15414.025,17779.424583333333,4016.7599999999998,-35.24372877642678,2731.2000000000003,-4.763327475102535,3730.1733333333336,3376.238666666666,4622.200000000001,-11.20894811994289,4374.0,-6.1705532693186935,4068.533333333334,3975.7250000000004,26654.21,-26.8205322911465,32052.300000000003,-39.14505667300007,23212.73166666667,25131.388250000004
2017-06-01,B1010,448821,37972,5498,2017,6,Jun,June,Q2,2017-06,Los Angeles,USA,0.088,1.1,0.055,24685.155,3341.5359999999996,6047.8,34074.491,72.44467716333605,9.80656174732001,17.74876108934393,232731.0,92.84968482926641,414824.0,8.195523884828264,336367.3333333333,344511.0833333333,29558.0,28.466066716286626,32686.0,16.17206143302943,37725.0,40810.0,3731.0,47.35995711605468,2399.0,129.1788245102126,4477.0,4067.0833333333335,12800.205,92.8496848292664,20741.2,19.01507627331108,18500.203333333335,18108.087499999998,2601.104,28.466066716286615,2614.88,27.789267576332357,3319.7999999999997,3436.793333333333,4104.1,47.359957116054666,2399.0,152.09670696123385,4924.700000000001,4279.791666666667,19505.409,74.69252246902386,25755.08,32.302019640397155,26744.703333333335,25824.6725
2017-07-01,B1010,386113,48935,3282,2017,7,Jul,July,Q3,2017-07,Los Angeles,USA,0.088,1.1,0.055,21236.215,4306.28,3610.2000000000003,29152.695,72.84477472837418,14.771464524977878,12.383760746647953,448821.0,-13.971717009676462,333281.0,15.852088777938137,355888.3333333333,348913.75,37972.0,28.871273569998944,50319.0,-2.7504521155030903,38821.666666666664,40694.666666666664,5498.0,-40.30556566024009,4902.0,-33.047735618115055,4170.333333333333,3932.0833333333335,24685.155,-13.97171700967646,16664.05,27.437297655731957,19573.858333333334,18489.10125,3341.5359999999996,28.871273569998955,4025.52,6.974502672946595,3416.306666666666,3460.19,6047.8,-40.305565660240084,4902.0,-26.352509179926553,4587.366666666668,4172.141666666667,34074.491,-14.444224566700061,25591.57,13.915226771940917,27577.531666666666,26121.43291666667
2017-08-01,B1010,421375,34192,3944,2017,8,Aug,August,Q3,2017-08,Los Angeles,USA,0.088,1.1,0.055,23175.625,3008.8959999999997,4338.400000000001,30522.921000000002,75.92859477636495,9.857824550933378,14.213580672701672,386113.0,9.132559639276584,216859.0,94.30828326239632,418769.6666666667,365956.75,48935.0,-30.127720445488915,26048.0,31.265356265356264,40366.333333333336,41373.333333333336,3282.0,20.170627666057282,2623.0,50.362180709111705,4241.333333333333,4042.1666666666665,21236.215,9.132559639276584,10842.95,113.73911158863592,23032.331666666665,19516.824166666665,4306.28,-30.127720445488915,2083.84,44.39189189189187,3552.237333333333,3537.278,3610.2000000000003,20.17062766605729,2623.0,65.39839878002289,4665.466666666666,4315.091666666667,29152.695,4.700169229637268,15549.79,96.29153191136344,31250.035666666663,27369.193833333335
2017-09-01,B1010,400656,28360,4460,2017,9,Sep,September,Q3,2017-09,Los Angeles,USA,0.088,1.1,0.055,22036.08,2495.68,4906.0,29437.760000000002,74.85651082147555,8.477818964486428,16.665670214038023,421375.0,-4.916997923464847,394673.0,1.5159385111218655,402714.6666666667,366455.3333333333,34192.0,-17.0566214319139,30268.0,-6.303687062243954,37162.333333333336,41214.333333333336,3944.0,13.08316430020284,4574.0,-2.4923480542195016,3895.3333333333335,4032.6666666666665,23175.625,-4.916997923464839,19733.65,11.667532362234052,22149.306666666667,19708.693333333333,3008.8959999999997,-17.056621431913896,2421.44,3.0659442315316414,3270.285333333333,3543.4646666666663,4338.400000000001,13.083164300202826,4574.0,7.2584171403585485,4284.866666666667,4342.758333333334,30522.921000000002,-3.5552331311934395,26729.09,10.133790563015808,29704.45866666667,27594.91633333333
2017-10-01,B1010,223858,39172,4542,2017,10,Oct,October,Q4,2017-10,Los Angeles,USA,0.088,1.1,0.055,12312.19,3447.136,4996.200000000001,20755.526,59.320057704150685,16.60828060922185,24.071661686627458,400656.0,-44.127131504332894,340881.0,-34.32957542368158,348629.6666666667,356703.4166666667,28360.0,38.12411847672779,39723.0,-1.3871057070211212,33908.0,41168.416666666664,4460.0,1.8385650224215246,2780.0,63.381294964028775,4315.333333333333,4179.5,22036.08,-44.127131504332894,17044.05,-27.76253296604973,19174.631666666668,19314.37166666667,2495.68,38.124118476727794,3177.84,8.474183722276761,2983.904,3565.9060000000004,4906.0,1.8385650224215395,2780.0,79.71942446043168,4746.866666666667,4527.441666666667,29437.760000000002,-29.49352804017697,23001.89,-9.765997489771483,26905.402333333335,27407.71933333333
2017-11-01,B1010,488702,34123,5055,2017,11,Nov,November,Q4,2017-11,Los Angeles,USA,0.088,1.1,0.055,26878.61,3002.8239999999996,5560.5,35441.934,75.83844041919383,8.472517329330842,15.689042251475326,223858.0,118.30892798113088,471008.0,3.7566240913105506,371072.0,358177.9166666667,39172.0,-12.889308689880528,46082.0,-25.951564602230803,33885.0,40171.833333333336,4542.0,11.29458388375165,3432.0,47.29020979020979,4685.666666666667,4314.75,12312.19,118.30892798113088,23550.4,14.132286500441602,20408.960000000003,19591.7225,3447.136,-12.889308689880538,3686.56,-18.546721062453898,2981.8799999999997,3508.928,4996.200000000001,11.294583883751635,3432.0,62.019230769230774,5154.233333333334,4704.816666666667,20755.526,70.75902581317379,30668.960000000003,15.56288181927264,28545.073333333334,27805.46716666667
2017-12-01,B1010,251507,37589,3666,2017,12,Dec,December,Q4,2017-12,Los Angeles,USA,0.088,1.1,0.055,13832.885,3307.832,4032.6000000000004,21173.317000000003,65.33168610284349,15.622644293286683,19.045669603869815,488702.0,-48.535712970276364,259351.0,-3.024472625900806,321355.6666666667,357524.25,34123.0,10.157371860621868,39290.0,-4.329345889539323,36961.333333333336,40030.083333333336,5055.0,-27.477744807121663,4969.0,-26.222579995975043,4421.0,4206.166666666667,26878.61,-48.535712970276364,12967.550000000001,6.673080111509106,17674.56166666667,19663.83375,3002.8239999999996,10.157371860621877,3143.2000000000003,5.237719521506732,3252.597333333333,3522.647333333333,5560.5,-27.477744807121656,4969.0,-18.84483799557254,4863.1,4626.783333333334,35441.934,-40.25913766444009,21079.75,0.4438714880394821,25790.259000000002,27813.26441666667
2018-01-01,B1010,351476,43525,5149,2018,1,Jan,January,Q1,2018-01,Los Angeles,USA,0.0968,1.2100000000000002,0.0605,21264.298,4213.22,6230.290000000001,31707.808,67.06328611552081,13.28764195872512,19.649071925754065,251507.0,39.74799906165634,493306.0,-28.75091728055203,363895.0,345705.0833333333,37589.0,15.79185399984038,51554.0,-15.573961283314583,38412.333333333336,39361.0,3666.0,40.45280960174577,3709.0,38.82448099218118,4623.333333333333,4326.166666666667,13832.885,53.72279896782196,27131.83,-21.62600900860724,20658.597666666665,19174.87275,3307.832,27.371039399824433,4536.7519999999995,-7.131357411646025,3507.958666666667,3495.686333333333,4032.6000000000004,54.49809056192036,4079.9000000000005,52.7069290913993,5274.463333333334,4805.982500000001,21173.317000000003,49.75361678097011,35748.482,-11.303064560895207,29441.01966666667,27476.541583333335
2018-02-01,B1010,306692,38885,5249,2018,2,Feb,February,Q1,2018-02,Los Angeles,USA,0.0968,1.2100000000000002,0.0605,18554.865999999998,3764.0679999999998,6351.290000000001,28670.224,64.7182456614221,13.128840569923694,22.1529137686542,351476.0,-12.74169502327328,335188.0,-8.501497666980919,303225.0,343330.4166666667,43525.0,-10.660539919586444,41299.0,-5.845177849342599,39999.666666666664,39159.833333333336,5149.0,1.9421246844047386,5222.0,0.5170432784373803,4688.0,4328.416666666667,21264.298,-12.741695023273286,18435.34,0.6483525663209793,17884.016333333333,19184.83325,4213.22,-10.660539919586457,3634.312,3.5703043657231373,3761.7066666666665,3506.499333333333,6230.290000000001,1.9421246844047384,5744.200000000001,10.56874760628112,5538.06,4856.573333333334,31707.808,-9.579924288679944,27813.852000000003,3.078940665967431,27183.782999999996,27547.905916666667
2018-03-01,B1010,234598,53252,4577,2018,3,Mar,March,Q1,2018-03,Los Angeles,USA,0.0968,1.2100000000000002,0.0605,14193.179,5154.7936,5538.170000000001,24886.142600000003,57.03245869852083,20.713509855078943,22.254031446400216,306692.0,-23.50697116325173,280484.0,-16.359578442977142,297588.6666666667,339506.5833333333,38885.0,36.947409026616945,51962.0,2.482583426350025,45220.666666666664,39267.333333333336,5249.0,-12.802438559725662,3163.0,44.70439456212457,4991.666666666667,4446.25,18554.865999999998,-23.506971163251723,15426.62,-7.995536287274857,18004.11433333333,19082.0465,3764.0679999999998,36.94740902661696,4572.656,12.730841768985027,4377.3605333333335,3555.0108,6351.290000000001,-12.80243855972566,3479.3,59.174834018337044,6039.916666666668,5028.145833333334,28670.224,-13.198646093591721,23478.576,5.995110606367277,28421.39153333333,27665.203133333333
2018-04-01,B1010,271351,53800,5856,2018,4,Apr,April,Q2,2018-04,Los Angeles,USA,0.0968,1.2100000000000002,0.0605,16416.7355,5207.84,7085.760000000001,28710.3355,57.180577008582844,18.139251629434984,24.680171361982172,234598.0,15.666373967382501,327550.0,-17.15738055258739,270880.3333333333,334823.3333333333,53252.0,1.0290693307293624,45645.0,17.86614086975572,48645.666666666664,39946.916666666664,4577.0,27.944068166921564,4202.0,39.36220847215612,5227.333333333333,4584.083333333333,14193.179,15.666373967382494,18015.25,-8.873118607846136,16388.260166666663,18948.836958333333,5154.7936,1.0290693307293657,4016.7599999999998,29.652754956731307,4708.900533333333,3654.2674666666667,5538.170000000001,27.94406816692156,4622.200000000001,53.298429319371735,6325.073333333334,5233.4425,24886.142600000003,15.366756357009695,26654.21,7.714074061846148,27422.23403333333,27836.546925000002
2018-05-01,B1010,226717,49713,4774,2018,5,May,May,Q2,2018-05,Los Angeles,USA,0.0968,1.2100000000000002,0.0605,13716.378499999999,4812.2184,5776.540000000001,24305.136899999998,56.43407217344249,19.79918245183799,23.766745374719537,271351.0,-16.448806158812758,232731.0,-2.5840992390356248,244222.0,334322.1666666667,53800.0,-7.596654275092937,29558.0,68.18796941606334,52255.0,41626.5,5856.0,-18.476775956284154,3731.0,27.954971857410882,5069.0,4671.0,16416.7355,-16.448806158812758,12800.205,7.157490837060805,14775.430999999999,19025.18475,5207.84,-7.596654275092944,2601.104,85.00676635766968,5058.284000000001,3838.527,7085.760000000001,-18.476775956284154,4104.1,40.75046904315197,6133.490000000001,5372.812500000001,28710.3355,-15.343598475190243,19505.409,24.607163582163277,25967.204999999998,28236.52425
2018-06-01,B1010,505757,54232,3894,2018,6,Jun,June,Q2,2018-06,Los Angeles,USA,0.0968,1.2100000000000002,0.0605,30598.2985,5249.6576,4711.740000000001,40559.6961,75.44015720571437,12.943039777854745,11.616803016430886,226717.0,123.07855167455462,448821.0,12.685680928477055,334608.3333333333,339066.8333333333,49713.0,9.090177619536137,37972.0,42.821026019172024,52581.666666666664,42981.5,4774.0,-18.433179723502306,5498.0,-29.174245180065476,4841.333333333333,4537.333333333333,13716.378499999999,123.07855167455463,24685.155,23.95424902132477,20243.804166666665,19517.946708333333,4812.2184,9.090177619536135,3341.5359999999996,57.103128621089226,5089.905333333333,3997.5371333333333,5776.540000000001,-18.433179723502306,6047.8,-22.091669698072018,5858.013333333333,5261.474166666668,24305.136899999998,66.87705264478475,34074.491,19.032434262921193,31191.72283333333,28776.95800833333
2018-07-01,B1010,214789,55133,5227,2018,7,Jul,July,Q3,2018-07,Los Angeles,USA,0.0968,1.2100000000000002,0.0605,12994.7345,5336.8744,6324.670000000001,24656.2789,52.70355089956416,21.64509260154418,25.651356498891648,505757.0,-57.5311859252566,386113.0,-44.37146638419323,315754.3333333333,324789.8333333333,54232.0,1.6613807346216254,48935.0,12.665781138244611,53026.0,43498.0,3894.0,34.2321520287622,3282.0,59.26264472882389,4631.666666666667,4699.416666666667,30598.2985,-57.53118592525659,21236.215,-38.80861302261255,19103.137166666664,18831.156666666666,5249.6576,1.6613807346216287,4306.28,23.932359252069073,5132.9168,4083.4199999999996,4711.740000000001,34.2321520287622,3610.2000000000003,75.1889092017063,5604.316666666668,5487.68,40559.6961,-39.20990226551525,29152.695,-15.423672151065274,29840.37063333333,28402.256666666668
2018-08-01,B1010,348732,37989,3937,2018,8,Aug,August,Q3,2018-08,Los Angeles,USA,0.0968,1.2100000000000002,0.0605,21098.286,3677.3352,4763.77,29539.391200000002,71.42424113331083,12.448920071176008,16.12683879551316,214789.0,62.36026984622117,421375.0,-17.23951349747849,356426.0,318736.25,55133.0,-31.095714000689238,34192.0,11.10493682732803,49118.0,43814.416666666664,5227.0,-24.679548498182513,3944.0,-0.17748478701825557,4352.666666666667,4698.833333333333,12994.7345,62.36026984622117,23175.625,-8.963464847226343,21563.772999999997,18658.045083333334,5336.8744,-31.095714000689238,3008.8959999999997,22.215430510060845,4754.622399999999,4139.1232666666665,6324.670000000001,-24.67954849818252,4338.400000000001,9.804766734279916,5266.726666666667,5523.1275,24656.2789,19.80474150136256,30522.921000000002,-3.222266309308995,31585.122066666663,28320.295850000006
2018-09-01,B1010,229638,55009,4967,2018,9,Sep,September,Q3,2018-09,Los Angeles,USA,0.0968,1.2100000000000002,0.0605,13893.099,5324.8712,6010.070000000001,25228.0402,55.070068423309394,21.106955426525758,23.822976150164852,348732.0,-34.15057981487217,400656.0,-42.68449742422427,264386.3333333333,304484.75,37989.0,44.80244281239306,28360.0,93.96685472496475,49377.0,46035.166666666664,3937.0,26.16205232410465,4460.0,11.367713004484305,4710.333333333333,4741.083333333333,21098.286,-34.15057981487217,22036.08,-36.9529471666467,15995.373166666666,17979.463333333333,3677.3352,44.80244281239305,2495.68,113.36354019746122,4779.6936,4374.8892000000005,4763.77,26.16205232410465,4906.0,22.50448430493275,5699.503333333334,5615.133333333334,29539.391200000002,-14.595260175842764,29437.760000000002,-14.300408047351437,26474.570099999997,27969.48586666667
2018-10-01,B1010,326049,49572,5974,2018,10,Oct,October,Q4,2018-10,Los Angeles,USA,0.0968,1.2100000000000002,0.0605,19725.9645,4798.5696,7228.540000000001,31753.074099999998,62.123007170508885,15.112141850857835,22.764850978633284,229638.0,41.98390510281399,223858.0,45.649920932019405,301473.0,313000.6666666667,55009.0,-9.883837190277953,39172.0,26.5495762279179,47523.333333333336,46901.833333333336,4967.0,20.273807127038452,4542.0,31.52796125055042,4959.333333333333,4860.416666666667,13893.099,41.98390510281398,12312.19,60.21491302522133,18239.1165,18597.277875,5324.8712,-9.883837190277951,3447.136,39.20453385070969,4600.258666666666,4487.508666666667,6010.070000000001,20.273807127038456,4996.200000000001,44.68075737560546,6000.793333333334,5801.161666666668,25228.0402,25.86421239331939,20755.526,52.98612090100726,28840.168499999996,28885.94820833333
2018-11-01,B1010,244084,43037,4880,2018,11,Nov,November,Q4,2018-11,Los Angeles,USA,0.0968,1.2100000000000002,0.0605,14767.082,4165.9816,5904.800000000001,24837.863600000004,59.45391374159893,16.772705040541407,23.773381217859654,326049.0,-25.138859496578736,488702.0,-50.05463452165123,266590.3333333333,292615.8333333333,49572.0,-13.182845154522715,34123.0,26.12314274829294,49206.0,47644.666666666664,5974.0,-18.31268831603616,5055.0,-3.4619188921859543,5273.666666666667,4845.833333333333,19725.9645,-25.138859496578725,26878.61,-45.060097973816355,16128.715166666667,17587.983875,4798.5696,-13.18284515452271,3002.8239999999996,38.73545702312226,4763.1408,4584.4384666666665,7228.540000000001,-18.31268831603615,5560.5,6.19188921859547,6381.136666666668,5829.8533333333335,31753.074099999998,-21.778081952701374,35441.934,-29.919559130153555,27272.992633333328,28002.275675
2018-12-01,B1010,209723,45156,4743,2018,12,Dec,December,Q4,2018-12,Los Angeles,USA,0.0968,1.2100000000000002,0.0605,12688.2415,4371.1008,5739.030000000001,22798.372300000003,55.65415518721044,19.172863494294283,25.172981318495268,244084.0,-14.077530686157225,251507.0,-16.61345409869308,259952.0,289133.8333333333,43037.0,4.923670330181007,37589.0,20.1308893559286,45921.666666666664,48275.25,4880.0,-2.807377049180328,3666.0,29.378068739770868,5199.0,4935.583333333333,14767.082,-14.077530686157225,13832.885,-8.274799508562387,15727.095999999998,17492.596916666665,4165.9816,4.923670330181009,3307.832,32.143978291521464,4445.217333333333,4673.0442,5904.800000000001,-2.8073770491803347,4032.6000000000004,42.315875613747956,6290.790000000001,5972.055833333335,24837.863600000004,-8.211218697569468,21173.317000000003,7.675015209001026,26463.10333333333,28137.69695
2019-01-01,B1010,267786,38437,5452,2019,1,Jan,January,Q1,2019-01,Los Angeles,USA,0.10648,1.3310000000000004,0.06655,17821.1583,4092.77176,7256.612000000002,29170.54206,61.09299670655486,14.030496079166793,24.876507214278355,209723.0,27.68556619922469,351476.0,-23.81101412329718,240531.0,282159.6666666667,45156.0,-14.87952874479582,43525.0,-11.689833429063757,42210.0,47851.25,4743.0,14.948344929369597,5149.0,5.884637793746358,5025.0,4960.833333333333,12688.2415,40.45412281914715,21264.298,-16.1921155356269,15092.160600000001,17205.66860833333,4371.1008,-6.367481619275403,4213.22,-2.858816771970136,4209.951386666667,4663.006846666666,5739.030000000001,26.443179422306574,6230.290000000001,16.473101573121006,6300.147333333334,6057.582666666668,22798.372300000003,27.950108350498322,31707.808,-8.002022530223474,25602.259319999997,27926.25812166667
2019-02-01,B1010,503772,36338,6784,2019,2,Feb,February,Q1,2019-02,Los Angeles,USA,0.10648,1.3310000000000004,0.06655,33526.0266,3869.2702400000003,9029.504000000003,46424.800839999996,72.21576828201208,8.334489690833967,19.449742027153956,267786.0,88.12484595908673,306692.0,64.2599089640421,327093.6666666667,298583.0,38437.0,-5.4608840440200845,38885.0,-6.55008357978655,39977.0,47639.0,5452.0,24.43140132061629,5249.0,29.243665460087637,5659.666666666667,5088.75,17821.1583,88.12484595908673,18554.865999999998,80.68589986044631,21345.14213333333,18453.265325,4092.77176,-5.46088404402008,3764.0679999999998,2.7949080622348093,4111.047600000001,4671.7737,7256.612000000002,24.431401320616292,6351.290000000001,42.168032006096425,7341.7153333333345,6280.767166666667,29170.54206,59.14959942982971,28670.224,61.92688567762846,32797.905066666666,29405.806191666667
2019-03-01,B1010,433402,57596,6998,2019,3,Mar,March,Q1,2019-03,Los Angeles,USA,0.10648,1.3310000000000004,0.06655,28842.9031,6132.82208,9314.338000000003,44290.063180000005,65.12274092448021,13.846948140659663,21.030310934860136,503772.0,-13.968620725248723,234598.0,84.74241042123121,401653.3333333333,315150.0,36338.0,58.5007430238318,53252.0,8.157440096146622,44123.666666666664,48001.0,6784.0,3.154481132075472,4577.0,52.89490932925497,6411.333333333333,5290.5,33526.0266,-13.968620725248718,14193.179,103.21665146335432,26730.029333333336,19674.075666666668,3869.2702400000003,58.50074302383179,5154.7936,18.973184105761284,4698.288026666666,4753.276073333333,9029.504000000003,3.154481132075479,5538.170000000001,68.1844002621805,8533.484666666669,6595.4478333333345,46424.800839999996,-4.598269936272261,24886.142600000003,77.97078435128793,39961.802026666664,31022.799573333334
2019-04-01,B1010,459811,29185,6356,2019,4,Apr,April,Q2,2019-04,Los Angeles,USA,0.10648,1.3310000000000004,0.06655,30600.422049999997,3107.6188,8459.836000000003,42167.87685,72.56808816543486,7.369635447984383,20.062276386580756,433402.0,6.093419042828598,271351.0,69.45248036675746,465661.6666666667,330855.0,57596.0,-49.32807833877352,53800.0,-45.75278810408922,41039.666666666664,45949.75,6998.0,-9.174049728493856,5856.0,8.538251366120218,6712.666666666667,5332.166666666667,28842.9031,6.09341904282859,16416.7355,86.39772840343319,30989.783916666667,20856.04954583333,6132.82208,-49.32807833877352,5207.84,-40.32806691449814,4369.903706666667,4578.25764,9314.338000000003,-9.174049728493856,7085.760000000001,19.392076502732262,8934.559333333336,6709.954166666669,44290.063180000005,-4.7915631128706915,28710.3355,46.87350780000463,44294.24695666666,32144.2613525
2019-05-01,B1010,380881,51980,4578,2019,5,May,May,Q2,2019-05,Los Angeles,USA,0.10648,1.3310000000000004,0.06655,25347.630549999998,5534.8304,6093.318000000002,36975.77895,68.55198529901423,14.968800001439861,16.47921469954591,459811.0,-17.165748535811453,226717.0,67.99842976045025,424698.0,343702.0,29185.0,78.10519102278568,49713.0,4.560175406835235,46253.666666666664,46138.666666666664,6356.0,-27.973568281938327,4774.0,-4.105571847507331,5977.333333333333,5315.833333333333,30600.422049999997,-17.165748535811453,13716.378499999999,84.79827273649528,28263.651899999997,21825.32055,3107.6188,78.10519102278566,4812.2184,15.01619294751876,4925.090426666667,4638.475306666666,8459.836000000003,-27.973568281938327,5776.540000000001,5.483870967741955,7955.8306666666695,6736.352333333335,42167.87685,-12.312922271304728,24305.136899999998,52.131539526527014,41144.57299333333,33200.14819
2019-06-01,B1010,309122,54813,6404,2019,6,Jun,June,Q2,2019-06,Los Angeles,USA,0.10648,1.3310000000000004,0.06655,20572.0691,5836.488240000001,8523.724000000002,34932.28134,58.89128425300837,16.70800765398851,24.40070809300313,380881.0,-18.84026769515938,505757.0,-38.879343241912615,383271.3333333333,327315.75,51980.0,5.4501731435167375,54232.0,1.0713232040123912,45326.0,46187.083333333336,4578.0,39.8864132809087,3894.0,64.45814072932717,5779.333333333333,5525.0,25347.630549999998,-18.840267695159373,30598.2985,-32.76727756610388,25506.707233333334,20989.80143333333,5534.8304,5.450173143516751,5249.6576,11.178455524413652,4826.31248,4687.3778600000005,6093.318000000002,39.88641328090868,4711.740000000001,80.9039548022599,7692.292666666669,7054.0176666666675,36975.77895,-5.526584342586239,40559.6961,-13.87440070094608,38025.312379999996,32731.19696
2019-07-01,B1010,408423,32128,7200,2019,7,Jul,July,Q3,2019-07,Los Angeles,USA,0.10648,1.3310000000000004,0.06655,27180.550649999997,3420.9894400000003,9583.200000000003,40184.74009,67.63898581681731,8.513155571836872,23.847858611345824,309122.0,32.12356286514709,214789.0,90.15079915638138,366142.0,343451.9166666667,54813.0,-41.38616751500556,55133.0,-41.7263707761232,46307.0,44270.0,6404.0,12.429731417863835,5227.0,37.74631719915822,6060.666666666667,5689.416666666667,20572.0691,32.12356286514708,12994.7345,109.1658790720195,24366.7501,22171.952779166666,5836.488240000001,-41.38616751500557,5336.8744,-35.899007853735505,4930.769360000001,4527.720780000001,8523.724000000002,12.429731417863838,6324.670000000001,51.52094891907405,8066.7473333333355,7325.561833333334,34932.28134,15.036117163025226,24656.2789,62.97974342754533,37364.266793333336,34025.2353925
2019-08-01,B1010,484282,35221,7238,2019,8,Aug,August,Q3,2019-08,Los Angeles,USA,0.10648,1.3310000000000004,0.06655,32228.967099999998,3750.33208,9633.778000000002,45613.07718000001,70.65729631179423,8.222054533177626,21.120649155028133,408423.0,18.573635666943343,348732.0,38.869389674592526,400609.0,354747.75,32128.0,9.627116533864543,37989.0,-7.286319724130669,40720.666666666664,44039.333333333336,7200.0,0.5277777777777778,3937.0,83.84556769113539,6947.333333333333,5964.5,27180.550649999997,18.573635666943346,21098.286,52.75632864205176,26660.528949999996,23099.5095375,3420.9894400000003,9.627116533864537,3677.3352,1.9850483034562678,4335.936586666667,4533.803853333334,9583.200000000003,0.5277777777777726,4763.77,102.23012446024894,9246.900666666668,7731.395833333335,40184.74009,13.508453900267615,29539.391200000002,54.41441183120932,40243.36620333333,35364.70922416667
2019-09-01,B1010,412985,53976,7265,2019,9,Sep,September,Q3,2019-09,Los Angeles,USA,0.10648,1.3310000000000004,0.06655,27484.15175,5747.36448,9669.715000000004,42901.231230000005,64.06378316429497,13.396735513690755,22.53948132201427,484282.0,-14.722207308964611,229638.0,79.84175092972417,435230.0,370026.6666666667,35221.0,53.24948184321854,55009.0,-1.8778745296224253,40441.666666666664,43953.25,7238.0,0.3730312240950539,4967.0,46.26535131870344,7234.333333333333,6156.0,32228.967099999998,-14.722207308964602,13893.099,97.82592602269659,28964.556500000002,24232.097266666668,3750.33208,53.24948184321854,5324.8712,7.934338017415343,4306.228666666667,4569.011626666666,9633.778000000002,0.3730312240950716,6010.070000000001,60.89188645057383,9628.89766666667,8036.366250000003,45613.07718000001,-5.945325590067989,25228.0402,70.05376117166647,42899.68283333333,36837.47514333334
2019-10-01,B1010,340319,37434,7315,2019,10,Oct,October,Q4,2019-10,Los Angeles,USA,0.10648,1.3310000000000004,0.06655,22648.22945,3985.9723200000003,9736.265000000003,36370.46677,62.27093425339616,10.959365314738854,26.76970043186499,412985.0,-17.595312178408417,326049.0,4.376642774552291,412528.6666666667,371215.8333333333,53976.0,-30.646954201867498,49572.0,-24.485596707818928,42210.333333333336,42941.75,7265.0,0.6882312456985548,5974.0,22.447271509876128,7272.666666666667,6267.75,27484.15175,-17.595312178408424,19725.9645,14.814307052007525,27453.782766666667,24475.619345833333,5747.36448,-30.646954201867494,4798.5696,-16.93415637860081,4494.556293333333,4501.295186666667,9669.715000000004,0.6882312456985469,7228.540000000001,34.691998660863774,9679.919333333337,8245.343333333336,42901.231230000005,-15.222790285405999,31753.074099999998,14.541561095654675,41628.25839333333,37222.25786583334
2019-11-01,B1010,399116,35443,7024,2019,11,Nov,November,Q4,2019-11,Los Angeles,USA,0.10648,1.3310000000000004,0.06655,26561.1698,3773.97064,9348.944000000003,39684.084440000006,66.93154239241407,9.51003580719122,23.5584218003947,340319.0,17.277025379129583,244084.0,63.51583880959014,384140.0,384135.1666666667,37434.0,-5.318694235187263,43037.0,-17.645281966679836,42284.333333333336,42308.916666666664,7315.0,-3.978127136021873,4880.0,43.9344262295082,7201.333333333333,6446.416666666667,22648.22945,17.277025379129583,14767.082,79.86742269054915,25564.517000000003,25458.45999583333,3985.9723200000003,-5.3186942351872695,4165.9816,-9.409810163347819,4502.4358133333335,4468.627606666666,9736.265000000003,-3.978127136021871,5904.800000000001,58.32786885245904,9584.97466666667,8532.355333333337,36370.46677,9.110737266460458,24837.863600000004,59.772535509052396,39651.927480000006,38459.44293583334
2019-12-01,B1010,443282,42027,5610,2019,12,Dec,December,Q4,2019-12,Los Angeles,USA,0.10648,1.3310000000000004,0.06655,29500.4171,4475.03496,7466.910000000003,41442.36206,71.18420773721698,10.798214043690539,18.017578219092474,399116.0,11.06595576223454,209723.0,111.36546778369562,394239.0,403598.4166666667,35443.0,18.576305617470304,45156.0,-6.929311719372841,38301.333333333336,42048.166666666664,7024.0,-20.13097949886105,4743.0,18.27956989247312,6649.666666666667,6518.666666666667,26561.1698,11.065955762234534,12688.2415,132.5020145620652,26236.60545,26859.474629166667,3773.97064,18.576305617470304,4371.1008,2.3777571086898703,4078.325973333334,4477.288786666667,9348.944000000003,-20.130979498861045,5739.030000000001,30.10752688172046,8850.706333333337,8676.345333333336,39684.084440000006,4.430687125107814,22798.372300000003,81.77772305262334,39165.63775666666,40013.10874916667
